2026-05-24 16:21:23 [INFO] [server] API running on http://localhost:4000 {"env":"development"}
2026-05-24 16:21:35 [INFO] [request] HTTP request started {"requestId":"a4382c69-af31-4536-8d72-7ca2cc6e13aa","method":"GET","url":"/api/works","ip":"::1","sessionType":"anonymous","userId":null,"role":null}
2026-05-24 16:21:35 [INFO] [work.routes] Published works requested {"requestId":"a4382c69-af31-4536-8d72-7ca2cc6e13aa"}
2026-05-24 16:21:35 [INFO] [request] HTTP request started {"requestId":"efe3a408-f11a-47fe-bfb6-64ec0bd6a92d","method":"GET","url":"/api/me/favorite-genres","ip":"::1","sessionType":"anonymous","userId":null,"role":null}
2026-05-24 16:21:35 [INFO] [request] HTTP request finished {"requestId":"efe3a408-f11a-47fe-bfb6-64ec0bd6a92d","method":"GET","url":"/api/me/favorite-genres","statusCode":200,"durationMs":84,"sessionType":"anonymous","userId":"2","role":"moderator"}
2026-05-24 16:21:35 [INFO] [request] HTTP request finished {"requestId":"a4382c69-af31-4536-8d72-7ca2cc6e13aa","method":"GET","url":"/api/works","statusCode":200,"durationMs":96,"sessionType":"anonymous","userId":null,"role":null}
2026-05-24 16:22:01 [INFO] [request] HTTP request started {"requestId":"9f693427-dc44-4b59-901d-92f96e8bb6c7","method":"GET","url":"/api/works","ip":"::1","sessionType":"anonymous","userId":null,"role":null}
2026-05-24 16:22:01 [INFO] [work.routes] Published works requested {"requestId":"9f693427-dc44-4b59-901d-92f96e8bb6c7"}
2026-05-24 16:22:01 [INFO] [request] HTTP request started {"requestId":"731475f9-7398-41f2-a892-916f235f92a3","method":"GET","url":"/api/works/my","ip":"::1","sessionType":"anonymous","userId":null,"role":null}
2026-05-24 16:22:01 [INFO] [request] HTTP request started {"requestId":"a21237e1-dd0a-4217-a0c0-f931aa9bf5de","method":"GET","url":"/api/comments/my","ip":"::1","sessionType":"anonymous","userId":null,"role":null}
2026-05-24 16:22:01 [INFO] [request] HTTP request started {"requestId":"8e20bc36-5ac4-41f4-97cd-1db8525299c6","method":"GET","url":"/api/me/favorites","ip":"::1","sessionType":"anonymous","userId":null,"role":null}
2026-05-24 16:22:01 [INFO] [request] HTTP request started {"requestId":"09c1fa27-14ad-462e-a2a8-ba56f242d5bb","method":"GET","url":"/api/me/reading-progress","ip":"::1","sessionType":"anonymous","userId":null,"role":null}
2026-05-24 16:22:01 [INFO] [request] HTTP request started {"requestId":"8eff042a-bc05-49e6-97bc-ac9c6ce99ca7","method":"GET","url":"/api/me/favorite-genres","ip":"::1","sessionType":"anonymous","userId":null,"role":null}
2026-05-24 16:22:01 [INFO] [request] HTTP request finished {"requestId":"8eff042a-bc05-49e6-97bc-ac9c6ce99ca7","method":"GET","url":"/api/me/favorite-genres","statusCode":304,"durationMs":42,"sessionType":"anonymous","userId":"2","role":"moderator"}
2026-05-24 16:22:01 [INFO] [comment.routes] Current user comments requested {"requestId":"a21237e1-dd0a-4217-a0c0-f931aa9bf5de","userId":"2","count":0}
2026-05-24 16:22:01 [INFO] [request] HTTP request finished {"requestId":"a21237e1-dd0a-4217-a0c0-f931aa9bf5de","method":"GET","url":"/api/comments/my","statusCode":200,"durationMs":49,"sessionType":"anonymous","userId":"2","role":"moderator"}
2026-05-24 16:22:01 [INFO] [request] HTTP request finished {"requestId":"09c1fa27-14ad-462e-a2a8-ba56f242d5bb","method":"GET","url":"/api/me/reading-progress","statusCode":200,"durationMs":48,"sessionType":"anonymous","userId":"2","role":"moderator"}
2026-05-24 16:22:01 [INFO] [request] HTTP request finished {"requestId":"9f693427-dc44-4b59-901d-92f96e8bb6c7","method":"GET","url":"/api/works","statusCode":304,"durationMs":147,"sessionType":"anonymous","userId":null,"role":null}
2026-05-24 16:22:01 [INFO] [work.routes] Current user works requested {"requestId":"731475f9-7398-41f2-a892-916f235f92a3","authorId":"2","count":0}
2026-05-24 16:22:01 [INFO] [request] HTTP request finished {"requestId":"731475f9-7398-41f2-a892-916f235f92a3","method":"GET","url":"/api/works/my","statusCode":200,"durationMs":147,"sessionType":"anonymous","userId":"2","role":"moderator"}
2026-05-24 16:22:01 [INFO] [request] HTTP request finished {"requestId":"8e20bc36-5ac4-41f4-97cd-1db8525299c6","method":"GET","url":"/api/me/favorites","statusCode":200,"durationMs":145,"sessionType":"anonymous","userId":"2","role":"moderator"}
2026-05-24 16:22:03 [INFO] [request] HTTP request started {"requestId":"f71c10f2-612d-49f0-b0d6-58d903412aae","method":"GET","url":"/api/works","ip":"::1","sessionType":"anonymous","userId":null,"role":null}
2026-05-24 16:22:03 [INFO] [work.routes] Published works requested {"requestId":"f71c10f2-612d-49f0-b0d6-58d903412aae"}
2026-05-24 16:22:03 [INFO] [request] HTTP request started {"requestId":"04699504-94a1-4db4-acde-91a480138351","method":"GET","url":"/api/me/favorite-genres","ip":"::1","sessionType":"anonymous","userId":null,"role":null}
2026-05-24 16:22:03 [INFO] [request] HTTP request finished {"requestId":"04699504-94a1-4db4-acde-91a480138351","method":"GET","url":"/api/me/favorite-genres","statusCode":304,"durationMs":2,"sessionType":"anonymous","userId":"2","role":"moderator"}
2026-05-24 16:22:03 [INFO] [request] HTTP request finished {"requestId":"f71c10f2-612d-49f0-b0d6-58d903412aae","method":"GET","url":"/api/works","statusCode":304,"durationMs":5,"sessionType":"anonymous","userId":null,"role":null}
2026-05-24 16:22:04 [INFO] [request] HTTP request started {"requestId":"0097e80c-8af4-44a2-84ba-728c8d37eae6","method":"GET","url":"/api/me/favorites","ip":"::1","sessionType":"anonymous","userId":null,"role":null}
2026-05-24 16:22:04 [INFO] [request] HTTP request finished {"requestId":"0097e80c-8af4-44a2-84ba-728c8d37eae6","method":"GET","url":"/api/me/favorites","statusCode":304,"durationMs":2,"sessionType":"anonymous","userId":"2","role":"moderator"}
2026-05-24 16:22:04 [INFO] [request] HTTP request started {"requestId":"6d4fedab-db35-4e46-8ede-b0b95f9194c4","method":"GET","url":"/api/works/1","ip":"::1","sessionType":"anonymous","userId":null,"role":null}
2026-05-24 16:22:04 [INFO] [request] HTTP request started {"requestId":"f539c89f-7836-4e86-9d84-a96091d95ac0","method":"GET","url":"/api/works/1/comments","ip":"::1","sessionType":"anonymous","userId":null,"role":null}
2026-05-24 16:22:04 [INFO] [request] HTTP request finished {"requestId":"6d4fedab-db35-4e46-8ede-b0b95f9194c4","method":"GET","url":"/api/works/1","statusCode":200,"durationMs":5,"sessionType":"anonymous","userId":null,"role":null}
2026-05-24 16:22:04 [INFO] [request] HTTP request finished {"requestId":"f539c89f-7836-4e86-9d84-a96091d95ac0","method":"GET","url":"/api/works/1/comments","statusCode":200,"durationMs":7,"sessionType":"anonymous","userId":null,"role":null}
2026-05-24 16:22:04 [INFO] [request] HTTP request started {"requestId":"fbe661ad-b411-4f62-ae77-3bf12aa880ae","method":"GET","url":"/api/me/reading-progress","ip":"::1","sessionType":"anonymous","userId":null,"role":null}
2026-05-24 16:22:04 [INFO] [request] HTTP request started {"requestId":"758a27c2-1636-4617-91c5-8a4cbf2f8ad7","method":"PUT","url":"/api/me/reading-progress/1","ip":"::1","sessionType":"anonymous","userId":null,"role":null}
2026-05-24 16:22:04 [INFO] [request] HTTP request finished {"requestId":"fbe661ad-b411-4f62-ae77-3bf12aa880ae","method":"GET","url":"/api/me/reading-progress","statusCode":304,"durationMs":13,"sessionType":"anonymous","userId":"2","role":"moderator"}
2026-05-24 16:22:04 [INFO] [request] HTTP request started {"requestId":"bbd759a4-205f-4dd3-b270-b0d336b93eb8","method":"PUT","url":"/api/me/reading-progress/1","ip":"::1","sessionType":"anonymous","userId":null,"role":null}
2026-05-24 16:22:04 [INFO] [userActivity.routes] Reading progress saved {"requestId":"758a27c2-1636-4617-91c5-8a4cbf2f8ad7","userId":"2","workId":"1","currentPage":0}
2026-05-24 16:22:04 [INFO] [request] HTTP request finished {"requestId":"758a27c2-1636-4617-91c5-8a4cbf2f8ad7","method":"PUT","url":"/api/me/reading-progress/1","statusCode":200,"durationMs":8,"sessionType":"anonymous","userId":"2","role":"moderator"}
2026-05-24 16:22:04 [INFO] [userActivity.routes] Reading progress saved {"requestId":"bbd759a4-205f-4dd3-b270-b0d336b93eb8","userId":"2","workId":"1","currentPage":1}
2026-05-24 16:22:04 [INFO] [request] HTTP request finished {"requestId":"bbd759a4-205f-4dd3-b270-b0d336b93eb8","method":"PUT","url":"/api/me/reading-progress/1","statusCode":200,"durationMs":5,"sessionType":"anonymous","userId":"2","role":"moderator"}
2026-05-24 16:23:56 [INFO] [request] HTTP request started {"requestId":"db1201af-e3ef-435f-88ef-acf6c285ec2c","method":"GET","url":"/api/works","ip":"::1","sessionType":"anonymous","userId":null,"role":null}
2026-05-24 16:23:56 [INFO] [work.routes] Published works requested {"requestId":"db1201af-e3ef-435f-88ef-acf6c285ec2c"}
2026-05-24 16:23:56 [INFO] [request] HTTP request finished {"requestId":"db1201af-e3ef-435f-88ef-acf6c285ec2c","method":"GET","url":"/api/works","statusCode":304,"durationMs":34,"sessionType":"anonymous","userId":null,"role":null}
2026-05-24 16:31:44 [INFO] [request] HTTP request started {"requestId":"5243da40-4afe-41e4-9834-fcc23122f35b","method":"GET","url":"/api/works","ip":"::1","sessionType":"anonymous","userId":null,"role":null}
2026-05-24 16:31:44 [INFO] [work.routes] Published works requested {"requestId":"5243da40-4afe-41e4-9834-fcc23122f35b"}
2026-05-24 16:31:44 [INFO] [request] HTTP request finished {"requestId":"5243da40-4afe-41e4-9834-fcc23122f35b","method":"GET","url":"/api/works","statusCode":304,"durationMs":34,"sessionType":"anonymous","userId":null,"role":null}
2026-05-24 16:38:31 [INFO] [request] HTTP request started {"requestId":"08dc1485-a262-4586-be2f-1b52beb79f8e","method":"POST","url":"/api/auth/login","ip":"::1","sessionType":"anonymous","userId":null,"role":null}
2026-05-24 16:38:31 [INFO] [auth.routes] User logged in {"requestId":"08dc1485-a262-4586-be2f-1b52beb79f8e","userId":"3","login":"poto7"}
2026-05-24 16:38:31 [INFO] [request] HTTP request finished {"requestId":"08dc1485-a262-4586-be2f-1b52beb79f8e","method":"POST","url":"/api/auth/login","statusCode":200,"durationMs":96,"sessionType":"anonymous","userId":null,"role":null}
2026-05-24 16:38:31 [INFO] [request] HTTP request started {"requestId":"1718e756-e4dc-4370-8ef5-f43b007b8930","method":"GET","url":"/api/works","ip":"::1","sessionType":"anonymous","userId":null,"role":null}
2026-05-24 16:38:31 [INFO] [work.routes] Published works requested {"requestId":"1718e756-e4dc-4370-8ef5-f43b007b8930"}
2026-05-24 16:38:31 [INFO] [request] HTTP request started {"requestId":"f17281d0-3df6-44aa-ac55-54d8afd20e37","method":"GET","url":"/api/me/favorite-genres","ip":"::1","sessionType":"anonymous","userId":null,"role":null}
2026-05-24 16:38:31 [INFO] [request] HTTP request finished {"requestId":"1718e756-e4dc-4370-8ef5-f43b007b8930","method":"GET","url":"/api/works","statusCode":304,"durationMs":5,"sessionType":"anonymous","userId":null,"role":null}
2026-05-24 16:38:31 [INFO] [request] HTTP request finished {"requestId":"f17281d0-3df6-44aa-ac55-54d8afd20e37","method":"GET","url":"/api/me/favorite-genres","statusCode":304,"durationMs":35,"sessionType":"anonymous","userId":"3","role":"user"}
2026-05-24 16:38:45 [INFO] [request] HTTP request started {"requestId":"dd49fa8d-fc1b-48f8-8f94-d9c01273ff88","method":"GET","url":"/api/works","ip":"::1","sessionType":"anonymous","userId":null,"role":null}
2026-05-24 16:38:45 [INFO] [work.routes] Published works requested {"requestId":"dd49fa8d-fc1b-48f8-8f94-d9c01273ff88"}
2026-05-24 16:38:45 [INFO] [request] HTTP request started {"requestId":"d8987f5d-545e-4893-a3ed-7d29904be4ad","method":"GET","url":"/api/works/my","ip":"::1","sessionType":"anonymous","userId":null,"role":null}
2026-05-24 16:38:45 [INFO] [request] HTTP request started {"requestId":"5e439185-6d5c-4da3-85fb-855ac54ab49a","method":"GET","url":"/api/comments/my","ip":"::1","sessionType":"anonymous","userId":null,"role":null}
2026-05-24 16:38:45 [INFO] [request] HTTP request started {"requestId":"21c264aa-f681-4f80-a33a-2d5d31e8e7fb","method":"GET","url":"/api/me/favorites","ip":"::1","sessionType":"anonymous","userId":null,"role":null}
2026-05-24 16:38:45 [INFO] [request] HTTP request started {"requestId":"b7fab92d-f16d-45f4-bd8b-3a5a488ab54d","method":"GET","url":"/api/me/reading-progress","ip":"::1","sessionType":"anonymous","userId":null,"role":null}
2026-05-24 16:38:45 [INFO] [request] HTTP request started {"requestId":"500c2574-0d27-4db2-b91b-711b1c8909ce","method":"GET","url":"/api/me/favorite-genres","ip":"::1","sessionType":"anonymous","userId":null,"role":null}
2026-05-24 16:38:45 [INFO] [work.routes] Current user works requested {"requestId":"d8987f5d-545e-4893-a3ed-7d29904be4ad","authorId":"3","count":1}
2026-05-24 16:38:45 [INFO] [request] HTTP request finished {"requestId":"d8987f5d-545e-4893-a3ed-7d29904be4ad","method":"GET","url":"/api/works/my","statusCode":200,"durationMs":45,"sessionType":"anonymous","userId":"3","role":"user"}
2026-05-24 16:38:45 [INFO] [request] HTTP request finished {"requestId":"dd49fa8d-fc1b-48f8-8f94-d9c01273ff88","method":"GET","url":"/api/works","statusCode":304,"durationMs":45,"sessionType":"anonymous","userId":null,"role":null}
2026-05-24 16:38:45 [INFO] [comment.routes] Current user comments requested {"requestId":"5e439185-6d5c-4da3-85fb-855ac54ab49a","userId":"3","count":1}
2026-05-24 16:38:45 [INFO] [request] HTTP request finished {"requestId":"5e439185-6d5c-4da3-85fb-855ac54ab49a","method":"GET","url":"/api/comments/my","statusCode":200,"durationMs":50,"sessionType":"anonymous","userId":"3","role":"user"}
2026-05-24 16:38:45 [INFO] [request] HTTP request finished {"requestId":"500c2574-0d27-4db2-b91b-711b1c8909ce","method":"GET","url":"/api/me/favorite-genres","statusCode":304,"durationMs":49,"sessionType":"anonymous","userId":"3","role":"user"}
2026-05-24 16:38:45 [INFO] [request] HTTP request finished {"requestId":"21c264aa-f681-4f80-a33a-2d5d31e8e7fb","method":"GET","url":"/api/me/favorites","statusCode":200,"durationMs":52,"sessionType":"anonymous","userId":"3","role":"user"}
2026-05-24 16:38:45 [INFO] [request] HTTP request finished {"requestId":"b7fab92d-f16d-45f4-bd8b-3a5a488ab54d","method":"GET","url":"/api/me/reading-progress","statusCode":200,"durationMs":52,"sessionType":"anonymous","userId":"3","role":"user"}
2026-05-24 16:40:38 [INFO] [request] HTTP request started {"requestId":"1c0debfb-68de-48fa-b8ce-a8b0fbd8ef12","method":"GET","url":"/api/works","ip":"::1","sessionType":"anonymous","userId":null,"role":null}
2026-05-24 16:40:38 [INFO] [work.routes] Published works requested {"requestId":"1c0debfb-68de-48fa-b8ce-a8b0fbd8ef12"}
2026-05-24 16:40:38 [INFO] [request] HTTP request started {"requestId":"977264bf-5ff2-4e25-9c10-3e5d8fffefdc","method":"GET","url":"/api/works/my","ip":"::1","sessionType":"anonymous","userId":null,"role":null}
2026-05-24 16:40:38 [INFO] [request] HTTP request started {"requestId":"fd2406d7-f4e9-4811-9bd1-8a3e290c29b6","method":"GET","url":"/api/comments/my","ip":"::1","sessionType":"anonymous","userId":null,"role":null}
2026-05-24 16:40:38 [INFO] [request] HTTP request started {"requestId":"8fff5131-518d-407f-9d28-e9bbc9118416","method":"GET","url":"/api/me/favorites","ip":"::1","sessionType":"anonymous","userId":null,"role":null}
2026-05-24 16:40:38 [INFO] [request] HTTP request started {"requestId":"8f4b3e45-8d8a-4f08-adfc-e0496df8beef","method":"GET","url":"/api/me/reading-progress","ip":"::1","sessionType":"anonymous","userId":null,"role":null}
2026-05-24 16:40:38 [INFO] [request] HTTP request started {"requestId":"00e04060-27d2-4187-acb1-fef349100ae7","method":"GET","url":"/api/me/favorite-genres","ip":"::1","sessionType":"anonymous","userId":null,"role":null}
2026-05-24 16:40:38 [INFO] [work.routes] Current user works requested {"requestId":"977264bf-5ff2-4e25-9c10-3e5d8fffefdc","authorId":"3","count":1}
2026-05-24 16:40:38 [INFO] [request] HTTP request finished {"requestId":"977264bf-5ff2-4e25-9c10-3e5d8fffefdc","method":"GET","url":"/api/works/my","statusCode":304,"durationMs":50,"sessionType":"anonymous","userId":"3","role":"user"}
2026-05-24 16:40:38 [INFO] [request] HTTP request finished {"requestId":"1c0debfb-68de-48fa-b8ce-a8b0fbd8ef12","method":"GET","url":"/api/works","statusCode":304,"durationMs":51,"sessionType":"anonymous","userId":null,"role":null}
2026-05-24 16:40:38 [INFO] [request] HTTP request finished {"requestId":"8fff5131-518d-407f-9d28-e9bbc9118416","method":"GET","url":"/api/me/favorites","statusCode":304,"durationMs":49,"sessionType":"anonymous","userId":"3","role":"user"}
2026-05-24 16:40:38 [INFO] [comment.routes] Current user comments requested {"requestId":"fd2406d7-f4e9-4811-9bd1-8a3e290c29b6","userId":"3","count":1}
2026-05-24 16:40:38 [INFO] [request] HTTP request finished {"requestId":"fd2406d7-f4e9-4811-9bd1-8a3e290c29b6","method":"GET","url":"/api/comments/my","statusCode":304,"durationMs":51,"sessionType":"anonymous","userId":"3","role":"user"}
2026-05-24 16:40:38 [INFO] [request] HTTP request finished {"requestId":"00e04060-27d2-4187-acb1-fef349100ae7","method":"GET","url":"/api/me/favorite-genres","statusCode":304,"durationMs":52,"sessionType":"anonymous","userId":"3","role":"user"}
2026-05-24 16:40:38 [INFO] [request] HTTP request finished {"requestId":"8f4b3e45-8d8a-4f08-adfc-e0496df8beef","method":"GET","url":"/api/me/reading-progress","statusCode":304,"durationMs":56,"sessionType":"anonymous","userId":"3","role":"user"}
2026-05-24 16:40:39 [INFO] [request] HTTP request started {"requestId":"7739c78e-677b-4b3a-9a58-32d83b2217b4","method":"GET","url":"/api/works","ip":"::1","sessionType":"anonymous","userId":null,"role":null}
2026-05-24 16:40:39 [INFO] [work.routes] Published works requested {"requestId":"7739c78e-677b-4b3a-9a58-32d83b2217b4"}
2026-05-24 16:40:39 [INFO] [request] HTTP request started {"requestId":"e86d30b5-d229-427f-83a4-5c3bbedd7939","method":"GET","url":"/api/works/my","ip":"::1","sessionType":"anonymous","userId":null,"role":null}
2026-05-24 16:40:39 [INFO] [request] HTTP request started {"requestId":"df4e6fb3-fce8-4333-905e-da84f743e308","method":"GET","url":"/api/comments/my","ip":"::1","sessionType":"anonymous","userId":null,"role":null}
2026-05-24 16:40:39 [INFO] [request] HTTP request started {"requestId":"7ae64e22-4cae-44e6-ae16-2a640cbe9b4b","method":"GET","url":"/api/me/favorites","ip":"::1","sessionType":"anonymous","userId":null,"role":null}
2026-05-24 16:40:39 [INFO] [request] HTTP request started {"requestId":"95ef422b-c2aa-4011-87b0-57bad5e28acf","method":"GET","url":"/api/me/reading-progress","ip":"::1","sessionType":"anonymous","userId":null,"role":null}
2026-05-24 16:40:39 [INFO] [request] HTTP request started {"requestId":"8dd3ee2b-3b47-4bbb-973b-9eba2209bda2","method":"GET","url":"/api/me/favorite-genres","ip":"::1","sessionType":"anonymous","userId":null,"role":null}
2026-05-24 16:40:39 [INFO] [comment.routes] Current user comments requested {"requestId":"df4e6fb3-fce8-4333-905e-da84f743e308","userId":"3","count":1}
2026-05-24 16:40:39 [INFO] [request] HTTP request finished {"requestId":"df4e6fb3-fce8-4333-905e-da84f743e308","method":"GET","url":"/api/comments/my","statusCode":304,"durationMs":5,"sessionType":"anonymous","userId":"3","role":"user"}
2026-05-24 16:40:39 [INFO] [request] HTTP request finished {"requestId":"7739c78e-677b-4b3a-9a58-32d83b2217b4","method":"GET","url":"/api/works","statusCode":304,"durationMs":8,"sessionType":"anonymous","userId":null,"role":null}
2026-05-24 16:40:39 [INFO] [request] HTTP request finished {"requestId":"7ae64e22-4cae-44e6-ae16-2a640cbe9b4b","method":"GET","url":"/api/me/favorites","statusCode":304,"durationMs":5,"sessionType":"anonymous","userId":"3","role":"user"}
2026-05-24 16:40:39 [INFO] [work.routes] Current user works requested {"requestId":"e86d30b5-d229-427f-83a4-5c3bbedd7939","authorId":"3","count":1}
2026-05-24 16:40:39 [INFO] [request] HTTP request finished {"requestId":"e86d30b5-d229-427f-83a4-5c3bbedd7939","method":"GET","url":"/api/works/my","statusCode":304,"durationMs":8,"sessionType":"anonymous","userId":"3","role":"user"}
2026-05-24 16:40:39 [INFO] [request] HTTP request finished {"requestId":"8dd3ee2b-3b47-4bbb-973b-9eba2209bda2","method":"GET","url":"/api/me/favorite-genres","statusCode":304,"durationMs":4,"sessionType":"anonymous","userId":"3","role":"user"}
2026-05-24 16:40:39 [INFO] [request] HTTP request finished {"requestId":"95ef422b-c2aa-4011-87b0-57bad5e28acf","method":"GET","url":"/api/me/reading-progress","statusCode":304,"durationMs":5,"sessionType":"anonymous","userId":"3","role":"user"}
2026-05-24 16:40:44 [INFO] [request] HTTP request started {"requestId":"69facf12-642a-40ec-976a-d9e366e9035a","method":"GET","url":"/api/works","ip":"::1","sessionType":"anonymous","userId":null,"role":null}
2026-05-24 16:40:44 [INFO] [work.routes] Published works requested {"requestId":"69facf12-642a-40ec-976a-d9e366e9035a"}
2026-05-24 16:40:44 [INFO] [request] HTTP request finished {"requestId":"69facf12-642a-40ec-976a-d9e366e9035a","method":"GET","url":"/api/works","statusCode":200,"durationMs":1,"sessionType":"anonymous","userId":null,"role":null}
2026-05-24 16:40:44 [INFO] [request] HTTP request started {"requestId":"2e313324-130e-4f95-8f65-53d86fcdf29b","method":"GET","url":"/api/works/my","ip":"::1","sessionType":"anonymous","userId":null,"role":null}
2026-05-24 16:40:44 [INFO] [request] HTTP request started {"requestId":"d3e2a719-b6cc-44a8-8093-336242ab9992","method":"GET","url":"/api/comments/my","ip":"::1","sessionType":"anonymous","userId":null,"role":null}
2026-05-24 16:40:44 [INFO] [request] HTTP request started {"requestId":"083842d8-355e-4cb5-8914-4df37eb299f9","method":"GET","url":"/api/me/favorites","ip":"::1","sessionType":"anonymous","userId":null,"role":null}
2026-05-24 16:40:44 [INFO] [request] HTTP request started {"requestId":"577fe952-4a49-4268-b0e3-f93c491c1d01","method":"GET","url":"/api/me/reading-progress","ip":"::1","sessionType":"anonymous","userId":null,"role":null}
2026-05-24 16:40:44 [INFO] [request] HTTP request started {"requestId":"c550fd55-fb43-499b-9d56-ea29c1163dd8","method":"GET","url":"/api/me/favorite-genres","ip":"::1","sessionType":"anonymous","userId":null,"role":null}
2026-05-24 16:40:44 [INFO] [work.routes] Current user works requested {"requestId":"2e313324-130e-4f95-8f65-53d86fcdf29b","authorId":"3","count":1}
2026-05-24 16:40:44 [INFO] [request] HTTP request finished {"requestId":"2e313324-130e-4f95-8f65-53d86fcdf29b","method":"GET","url":"/api/works/my","statusCode":200,"durationMs":4,"sessionType":"anonymous","userId":"3","role":"user"}
2026-05-24 16:40:44 [INFO] [request] HTTP request finished {"requestId":"083842d8-355e-4cb5-8914-4df37eb299f9","method":"GET","url":"/api/me/favorites","statusCode":200,"durationMs":3,"sessionType":"anonymous","userId":"3","role":"user"}
2026-05-24 16:40:44 [INFO] [comment.routes] Current user comments requested {"requestId":"d3e2a719-b6cc-44a8-8093-336242ab9992","userId":"3","count":1}
2026-05-24 16:40:44 [INFO] [request] HTTP request finished {"requestId":"d3e2a719-b6cc-44a8-8093-336242ab9992","method":"GET","url":"/api/comments/my","statusCode":200,"durationMs":4,"sessionType":"anonymous","userId":"3","role":"user"}
2026-05-24 16:40:44 [INFO] [request] HTTP request finished {"requestId":"c550fd55-fb43-499b-9d56-ea29c1163dd8","method":"GET","url":"/api/me/favorite-genres","statusCode":200,"durationMs":3,"sessionType":"anonymous","userId":"3","role":"user"}
2026-05-24 16:40:44 [INFO] [request] HTTP request finished {"requestId":"577fe952-4a49-4268-b0e3-f93c491c1d01","method":"GET","url":"/api/me/reading-progress","statusCode":200,"durationMs":6,"sessionType":"anonymous","userId":"3","role":"user"}
2026-05-24 16:40:46 [INFO] [request] HTTP request started {"requestId":"8f8cc2be-c4a5-47f8-ac14-3ce8a9966a00","method":"GET","url":"/api/works","ip":"::1","sessionType":"anonymous","userId":null,"role":null}
2026-05-24 16:40:46 [INFO] [work.routes] Published works requested {"requestId":"8f8cc2be-c4a5-47f8-ac14-3ce8a9966a00"}
2026-05-24 16:40:46 [INFO] [request] HTTP request started {"requestId":"b0b72dc0-0dde-424f-8c77-97b635392fa8","method":"GET","url":"/api/works/my","ip":"::1","sessionType":"anonymous","userId":null,"role":null}
2026-05-24 16:40:46 [INFO] [request] HTTP request started {"requestId":"437ef6d1-efdc-447e-acb2-7dd89c3987b2","method":"GET","url":"/api/comments/my","ip":"::1","sessionType":"anonymous","userId":null,"role":null}
2026-05-24 16:40:46 [INFO] [request] HTTP request started {"requestId":"3f74ce14-4627-4b74-af58-c953457de49b","method":"GET","url":"/api/me/favorites","ip":"::1","sessionType":"anonymous","userId":null,"role":null}
2026-05-24 16:40:46 [INFO] [request] HTTP request started {"requestId":"1f030647-9a8a-4ad5-b3c6-cda98cf61173","method":"GET","url":"/api/me/reading-progress","ip":"::1","sessionType":"anonymous","userId":null,"role":null}
2026-05-24 16:40:46 [INFO] [work.routes] Current user works requested {"requestId":"b0b72dc0-0dde-424f-8c77-97b635392fa8","authorId":"3","count":1}
2026-05-24 16:40:46 [INFO] [request] HTTP request finished {"requestId":"b0b72dc0-0dde-424f-8c77-97b635392fa8","method":"GET","url":"/api/works/my","statusCode":200,"durationMs":4,"sessionType":"anonymous","userId":"3","role":"user"}
2026-05-24 16:40:46 [INFO] [request] HTTP request started {"requestId":"bf4a6cb4-8ead-421f-8d92-dcba9f7d005f","method":"GET","url":"/api/me/favorite-genres","ip":"::1","sessionType":"anonymous","userId":null,"role":null}
2026-05-24 16:40:46 [INFO] [comment.routes] Current user comments requested {"requestId":"437ef6d1-efdc-447e-acb2-7dd89c3987b2","userId":"3","count":1}
2026-05-24 16:40:46 [INFO] [request] HTTP request finished {"requestId":"437ef6d1-efdc-447e-acb2-7dd89c3987b2","method":"GET","url":"/api/comments/my","statusCode":200,"durationMs":3,"sessionType":"anonymous","userId":"3","role":"user"}
2026-05-24 16:40:46 [INFO] [request] HTTP request finished {"requestId":"8f8cc2be-c4a5-47f8-ac14-3ce8a9966a00","method":"GET","url":"/api/works","statusCode":200,"durationMs":7,"sessionType":"anonymous","userId":null,"role":null}
2026-05-24 16:40:46 [INFO] [request] HTTP request finished {"requestId":"3f74ce14-4627-4b74-af58-c953457de49b","method":"GET","url":"/api/me/favorites","statusCode":200,"durationMs":4,"sessionType":"anonymous","userId":"3","role":"user"}
2026-05-24 16:40:46 [INFO] [request] HTTP request finished {"requestId":"1f030647-9a8a-4ad5-b3c6-cda98cf61173","method":"GET","url":"/api/me/reading-progress","statusCode":200,"durationMs":3,"sessionType":"anonymous","userId":"3","role":"user"}
2026-05-24 16:40:46 [INFO] [request] HTTP request finished {"requestId":"bf4a6cb4-8ead-421f-8d92-dcba9f7d005f","method":"GET","url":"/api/me/favorite-genres","statusCode":200,"durationMs":3,"sessionType":"anonymous","userId":"3","role":"user"}
2026-05-24 16:41:09 [INFO] [request] HTTP request started {"requestId":"5d1cdfbd-438c-482f-bfba-21baa2fa18cf","method":"GET","url":"/api/works","ip":"::1","sessionType":"anonymous","userId":null,"role":null}
2026-05-24 16:41:09 [INFO] [work.routes] Published works requested {"requestId":"5d1cdfbd-438c-482f-bfba-21baa2fa18cf"}
2026-05-24 16:41:09 [INFO] [request] HTTP request started {"requestId":"8b5f3b7f-ee87-4b6c-b9ee-5e3ada0d9e82","method":"GET","url":"/api/works/my","ip":"::1","sessionType":"anonymous","userId":null,"role":null}
2026-05-24 16:41:09 [INFO] [request] HTTP request started {"requestId":"028b15e7-4f2c-4258-9e9d-04505781928a","method":"GET","url":"/api/comments/my","ip":"::1","sessionType":"anonymous","userId":null,"role":null}
2026-05-24 16:41:09 [INFO] [request] HTTP request started {"requestId":"5f625aba-7a8e-46e9-971b-384bc221b11f","method":"GET","url":"/api/me/favorites","ip":"::1","sessionType":"anonymous","userId":null,"role":null}
2026-05-24 16:41:09 [INFO] [request] HTTP request started {"requestId":"5469292c-046b-43e5-ac3e-7d90cb607a44","method":"GET","url":"/api/me/reading-progress","ip":"::1","sessionType":"anonymous","userId":null,"role":null}
2026-05-24 16:41:09 [INFO] [request] HTTP request started {"requestId":"bd118e1e-ef36-418d-a1fc-06ef5b3ae8cb","method":"GET","url":"/api/me/favorite-genres","ip":"::1","sessionType":"anonymous","userId":null,"role":null}
2026-05-24 16:41:09 [INFO] [request] HTTP request finished {"requestId":"5d1cdfbd-438c-482f-bfba-21baa2fa18cf","method":"GET","url":"/api/works","statusCode":200,"durationMs":52,"sessionType":"anonymous","userId":null,"role":null}
2026-05-24 16:41:09 [INFO] [request] HTTP request finished {"requestId":"5f625aba-7a8e-46e9-971b-384bc221b11f","method":"GET","url":"/api/me/favorites","statusCode":200,"durationMs":58,"sessionType":"anonymous","userId":"3","role":"user"}
2026-05-24 16:41:09 [INFO] [work.routes] Current user works requested {"requestId":"8b5f3b7f-ee87-4b6c-b9ee-5e3ada0d9e82","authorId":"3","count":1}
2026-05-24 16:41:09 [INFO] [request] HTTP request finished {"requestId":"8b5f3b7f-ee87-4b6c-b9ee-5e3ada0d9e82","method":"GET","url":"/api/works/my","statusCode":200,"durationMs":61,"sessionType":"anonymous","userId":"3","role":"user"}
2026-05-24 16:41:09 [INFO] [comment.routes] Current user comments requested {"requestId":"028b15e7-4f2c-4258-9e9d-04505781928a","userId":"3","count":1}
2026-05-24 16:41:09 [INFO] [request] HTTP request finished {"requestId":"028b15e7-4f2c-4258-9e9d-04505781928a","method":"GET","url":"/api/comments/my","statusCode":200,"durationMs":61,"sessionType":"anonymous","userId":"3","role":"user"}
2026-05-24 16:41:09 [INFO] [request] HTTP request finished {"requestId":"5469292c-046b-43e5-ac3e-7d90cb607a44","method":"GET","url":"/api/me/reading-progress","statusCode":200,"durationMs":62,"sessionType":"anonymous","userId":"3","role":"user"}
2026-05-24 16:41:09 [INFO] [request] HTTP request finished {"requestId":"bd118e1e-ef36-418d-a1fc-06ef5b3ae8cb","method":"GET","url":"/api/me/favorite-genres","statusCode":200,"durationMs":61,"sessionType":"anonymous","userId":"3","role":"user"}
2026-05-24 16:41:13 [INFO] [request] HTTP request started {"requestId":"80813c4d-a4d8-42e5-afba-f99b3fc89e3d","method":"GET","url":"/api/works","ip":"::1","sessionType":"anonymous","userId":null,"role":null}
2026-05-24 16:41:13 [INFO] [work.routes] Published works requested {"requestId":"80813c4d-a4d8-42e5-afba-f99b3fc89e3d"}
2026-05-24 16:41:13 [INFO] [request] HTTP request started {"requestId":"2de62a61-425f-4fed-9e6b-567553b13a49","method":"GET","url":"/api/works/my","ip":"::1","sessionType":"anonymous","userId":null,"role":null}
2026-05-24 16:41:13 [INFO] [request] HTTP request started {"requestId":"d7109d4a-9eb5-405e-9fea-d1b653579948","method":"GET","url":"/api/comments/my","ip":"::1","sessionType":"anonymous","userId":null,"role":null}
2026-05-24 16:41:13 [INFO] [request] HTTP request started {"requestId":"cb22fae0-807a-49db-93a3-69972bc48025","method":"GET","url":"/api/me/favorites","ip":"::1","sessionType":"anonymous","userId":null,"role":null}
2026-05-24 16:41:13 [INFO] [request] HTTP request started {"requestId":"317e52dc-172e-4ec0-8ea5-302391aef6ba","method":"GET","url":"/api/me/reading-progress","ip":"::1","sessionType":"anonymous","userId":null,"role":null}
2026-05-24 16:41:13 [INFO] [request] HTTP request started {"requestId":"56f67613-0249-42b2-9869-faf57604665f","method":"GET","url":"/api/me/favorite-genres","ip":"::1","sessionType":"anonymous","userId":null,"role":null}
2026-05-24 16:41:13 [INFO] [comment.routes] Current user comments requested {"requestId":"d7109d4a-9eb5-405e-9fea-d1b653579948","userId":"3","count":1}
2026-05-24 16:41:13 [INFO] [request] HTTP request finished {"requestId":"d7109d4a-9eb5-405e-9fea-d1b653579948","method":"GET","url":"/api/comments/my","statusCode":304,"durationMs":3,"sessionType":"anonymous","userId":"3","role":"user"}
2026-05-24 16:41:13 [INFO] [work.routes] Current user works requested {"requestId":"2de62a61-425f-4fed-9e6b-567553b13a49","authorId":"3","count":1}
2026-05-24 16:41:13 [INFO] [request] HTTP request finished {"requestId":"2de62a61-425f-4fed-9e6b-567553b13a49","method":"GET","url":"/api/works/my","statusCode":304,"durationMs":5,"sessionType":"anonymous","userId":"3","role":"user"}
2026-05-24 16:41:13 [INFO] [request] HTTP request finished {"requestId":"cb22fae0-807a-49db-93a3-69972bc48025","method":"GET","url":"/api/me/favorites","statusCode":304,"durationMs":4,"sessionType":"anonymous","userId":"3","role":"user"}
2026-05-24 16:41:13 [INFO] [request] HTTP request finished {"requestId":"80813c4d-a4d8-42e5-afba-f99b3fc89e3d","method":"GET","url":"/api/works","statusCode":304,"durationMs":9,"sessionType":"anonymous","userId":null,"role":null}
2026-05-24 16:41:13 [INFO] [request] HTTP request finished {"requestId":"56f67613-0249-42b2-9869-faf57604665f","method":"GET","url":"/api/me/favorite-genres","statusCode":304,"durationMs":6,"sessionType":"anonymous","userId":"3","role":"user"}
2026-05-24 16:41:13 [INFO] [request] HTTP request finished {"requestId":"317e52dc-172e-4ec0-8ea5-302391aef6ba","method":"GET","url":"/api/me/reading-progress","statusCode":304,"durationMs":8,"sessionType":"anonymous","userId":"3","role":"user"}
2026-05-24 16:41:14 [INFO] [request] HTTP request started {"requestId":"05147846-a023-4a7b-9be8-6d08c681a93a","method":"GET","url":"/api/works","ip":"::1","sessionType":"anonymous","userId":null,"role":null}
2026-05-24 16:41:14 [INFO] [work.routes] Published works requested {"requestId":"05147846-a023-4a7b-9be8-6d08c681a93a"}
2026-05-24 16:41:14 [INFO] [request] HTTP request started {"requestId":"938a453a-3680-4848-8136-0772b2d7e4b2","method":"GET","url":"/api/works/my","ip":"::1","sessionType":"anonymous","userId":null,"role":null}
2026-05-24 16:41:14 [INFO] [request] HTTP request started {"requestId":"8e187eb1-2236-4c90-9373-26092d365b77","method":"GET","url":"/api/comments/my","ip":"::1","sessionType":"anonymous","userId":null,"role":null}
2026-05-24 16:41:14 [INFO] [request] HTTP request started {"requestId":"1857faaa-6062-45af-923f-f07fab85a6e2","method":"GET","url":"/api/me/favorites","ip":"::1","sessionType":"anonymous","userId":null,"role":null}
2026-05-24 16:41:14 [INFO] [request] HTTP request started {"requestId":"b6257968-514c-4d7e-9b67-4be502c6b71c","method":"GET","url":"/api/me/reading-progress","ip":"::1","sessionType":"anonymous","userId":null,"role":null}
2026-05-24 16:41:14 [INFO] [request] HTTP request started {"requestId":"69347b59-e40d-4b94-b078-269e7ebc685b","method":"GET","url":"/api/me/favorite-genres","ip":"::1","sessionType":"anonymous","userId":null,"role":null}
2026-05-24 16:41:14 [INFO] [work.routes] Current user works requested {"requestId":"938a453a-3680-4848-8136-0772b2d7e4b2","authorId":"3","count":1}
2026-05-24 16:41:14 [INFO] [request] HTTP request finished {"requestId":"938a453a-3680-4848-8136-0772b2d7e4b2","method":"GET","url":"/api/works/my","statusCode":304,"durationMs":4,"sessionType":"anonymous","userId":"3","role":"user"}
2026-05-24 16:41:14 [INFO] [request] HTTP request finished {"requestId":"1857faaa-6062-45af-923f-f07fab85a6e2","method":"GET","url":"/api/me/favorites","statusCode":304,"durationMs":3,"sessionType":"anonymous","userId":"3","role":"user"}
2026-05-24 16:41:14 [INFO] [request] HTTP request finished {"requestId":"05147846-a023-4a7b-9be8-6d08c681a93a","method":"GET","url":"/api/works","statusCode":304,"durationMs":7,"sessionType":"anonymous","userId":null,"role":null}
2026-05-24 16:41:14 [INFO] [request] HTTP request finished {"requestId":"b6257968-514c-4d7e-9b67-4be502c6b71c","method":"GET","url":"/api/me/reading-progress","statusCode":304,"durationMs":4,"sessionType":"anonymous","userId":"3","role":"user"}
2026-05-24 16:41:14 [INFO] [comment.routes] Current user comments requested {"requestId":"8e187eb1-2236-4c90-9373-26092d365b77","userId":"3","count":1}
2026-05-24 16:41:14 [INFO] [request] HTTP request finished {"requestId":"8e187eb1-2236-4c90-9373-26092d365b77","method":"GET","url":"/api/comments/my","statusCode":304,"durationMs":6,"sessionType":"anonymous","userId":"3","role":"user"}
2026-05-24 16:41:14 [INFO] [request] HTTP request finished {"requestId":"69347b59-e40d-4b94-b078-269e7ebc685b","method":"GET","url":"/api/me/favorite-genres","statusCode":304,"durationMs":5,"sessionType":"anonymous","userId":"3","role":"user"}
2026-05-24 16:41:14 [INFO] [request] HTTP request started {"requestId":"ad6bc070-f28f-4b50-a34d-ac627b16292c","method":"GET","url":"/api/works","ip":"::1","sessionType":"anonymous","userId":null,"role":null}
2026-05-24 16:41:14 [INFO] [work.routes] Published works requested {"requestId":"ad6bc070-f28f-4b50-a34d-ac627b16292c"}
2026-05-24 16:41:14 [INFO] [request] HTTP request finished {"requestId":"ad6bc070-f28f-4b50-a34d-ac627b16292c","method":"GET","url":"/api/works","statusCode":304,"durationMs":1,"sessionType":"anonymous","userId":null,"role":null}
2026-05-24 16:41:14 [INFO] [request] HTTP request started {"requestId":"02f12a7c-bfac-4238-98ce-574c180c3ccb","method":"GET","url":"/api/works/my","ip":"::1","sessionType":"anonymous","userId":null,"role":null}
2026-05-24 16:41:14 [INFO] [request] HTTP request started {"requestId":"c9b1d533-4024-4339-8548-d499a79f9734","method":"GET","url":"/api/comments/my","ip":"::1","sessionType":"anonymous","userId":null,"role":null}
2026-05-24 16:41:14 [INFO] [request] HTTP request started {"requestId":"d351a975-04be-4d98-9bb3-3115ac465d07","method":"GET","url":"/api/me/favorites","ip":"::1","sessionType":"anonymous","userId":null,"role":null}
2026-05-24 16:41:14 [INFO] [request] HTTP request started {"requestId":"6898fe0b-90dc-4128-bb97-f28d758fde42","method":"GET","url":"/api/me/reading-progress","ip":"::1","sessionType":"anonymous","userId":null,"role":null}
2026-05-24 16:41:14 [INFO] [request] HTTP request started {"requestId":"41735e60-6985-4401-b759-255d6fbd486d","method":"GET","url":"/api/me/favorite-genres","ip":"::1","sessionType":"anonymous","userId":null,"role":null}
2026-05-24 16:41:14 [INFO] [work.routes] Current user works requested {"requestId":"02f12a7c-bfac-4238-98ce-574c180c3ccb","authorId":"3","count":1}
2026-05-24 16:41:14 [INFO] [request] HTTP request finished {"requestId":"02f12a7c-bfac-4238-98ce-574c180c3ccb","method":"GET","url":"/api/works/my","statusCode":304,"durationMs":5,"sessionType":"anonymous","userId":"3","role":"user"}
2026-05-24 16:41:14 [INFO] [comment.routes] Current user comments requested {"requestId":"c9b1d533-4024-4339-8548-d499a79f9734","userId":"3","count":1}
2026-05-24 16:41:14 [INFO] [request] HTTP request finished {"requestId":"c9b1d533-4024-4339-8548-d499a79f9734","method":"GET","url":"/api/comments/my","statusCode":304,"durationMs":5,"sessionType":"anonymous","userId":"3","role":"user"}
2026-05-24 16:41:14 [INFO] [request] HTTP request finished {"requestId":"6898fe0b-90dc-4128-bb97-f28d758fde42","method":"GET","url":"/api/me/reading-progress","statusCode":304,"durationMs":4,"sessionType":"anonymous","userId":"3","role":"user"}
2026-05-24 16:41:14 [INFO] [request] HTTP request finished {"requestId":"d351a975-04be-4d98-9bb3-3115ac465d07","method":"GET","url":"/api/me/favorites","statusCode":304,"durationMs":5,"sessionType":"anonymous","userId":"3","role":"user"}
2026-05-24 16:41:14 [INFO] [request] HTTP request finished {"requestId":"41735e60-6985-4401-b759-255d6fbd486d","method":"GET","url":"/api/me/favorite-genres","statusCode":304,"durationMs":4,"sessionType":"anonymous","userId":"3","role":"user"}
2026-05-24 16:41:14 [INFO] [request] HTTP request started {"requestId":"686cee5b-db33-4e73-aed8-8dfb6322f3aa","method":"GET","url":"/api/works","ip":"::1","sessionType":"anonymous","userId":null,"role":null}
2026-05-24 16:41:14 [INFO] [work.routes] Published works requested {"requestId":"686cee5b-db33-4e73-aed8-8dfb6322f3aa"}
2026-05-24 16:41:14 [INFO] [request] HTTP request finished {"requestId":"686cee5b-db33-4e73-aed8-8dfb6322f3aa","method":"GET","url":"/api/works","statusCode":304,"durationMs":2,"sessionType":"anonymous","userId":null,"role":null}
2026-05-24 16:41:14 [INFO] [request] HTTP request started {"requestId":"d0a049d5-a99c-425e-ad96-3fb32af4c694","method":"GET","url":"/api/works/my","ip":"::1","sessionType":"anonymous","userId":null,"role":null}
2026-05-24 16:41:14 [INFO] [request] HTTP request started {"requestId":"3e994002-f091-49f4-8faa-aac61325d1c6","method":"GET","url":"/api/comments/my","ip":"::1","sessionType":"anonymous","userId":null,"role":null}
2026-05-24 16:41:14 [INFO] [request] HTTP request started {"requestId":"962864f2-5792-4121-af92-62635bbbb292","method":"GET","url":"/api/me/favorites","ip":"::1","sessionType":"anonymous","userId":null,"role":null}
2026-05-24 16:41:14 [INFO] [request] HTTP request started {"requestId":"3fc5286a-d9db-46b3-856a-5d629f8ba831","method":"GET","url":"/api/me/reading-progress","ip":"::1","sessionType":"anonymous","userId":null,"role":null}
2026-05-24 16:41:14 [INFO] [request] HTTP request started {"requestId":"35afdaa9-2bf7-49b1-b37a-ddc37a59cbd1","method":"GET","url":"/api/me/favorite-genres","ip":"::1","sessionType":"anonymous","userId":null,"role":null}
2026-05-24 16:41:14 [INFO] [work.routes] Current user works requested {"requestId":"d0a049d5-a99c-425e-ad96-3fb32af4c694","authorId":"3","count":1}
2026-05-24 16:41:14 [INFO] [request] HTTP request finished {"requestId":"d0a049d5-a99c-425e-ad96-3fb32af4c694","method":"GET","url":"/api/works/my","statusCode":304,"durationMs":4,"sessionType":"anonymous","userId":"3","role":"user"}
2026-05-24 16:41:14 [INFO] [request] HTTP request finished {"requestId":"962864f2-5792-4121-af92-62635bbbb292","method":"GET","url":"/api/me/favorites","statusCode":304,"durationMs":4,"sessionType":"anonymous","userId":"3","role":"user"}
2026-05-24 16:41:14 [INFO] [request] HTTP request finished {"requestId":"35afdaa9-2bf7-49b1-b37a-ddc37a59cbd1","method":"GET","url":"/api/me/favorite-genres","statusCode":304,"durationMs":3,"sessionType":"anonymous","userId":"3","role":"user"}
2026-05-24 16:41:14 [INFO] [comment.routes] Current user comments requested {"requestId":"3e994002-f091-49f4-8faa-aac61325d1c6","userId":"3","count":1}
2026-05-24 16:41:14 [INFO] [request] HTTP request finished {"requestId":"3e994002-f091-49f4-8faa-aac61325d1c6","method":"GET","url":"/api/comments/my","statusCode":304,"durationMs":6,"sessionType":"anonymous","userId":"3","role":"user"}
2026-05-24 16:41:14 [INFO] [request] HTTP request finished {"requestId":"3fc5286a-d9db-46b3-856a-5d629f8ba831","method":"GET","url":"/api/me/reading-progress","statusCode":304,"durationMs":6,"sessionType":"anonymous","userId":"3","role":"user"}
2026-05-24 16:41:14 [INFO] [request] HTTP request started {"requestId":"46651bae-aac7-40df-94cc-1dff95e5f935","method":"GET","url":"/api/works","ip":"::1","sessionType":"anonymous","userId":null,"role":null}
2026-05-24 16:41:14 [INFO] [work.routes] Published works requested {"requestId":"46651bae-aac7-40df-94cc-1dff95e5f935"}
2026-05-24 16:41:14 [INFO] [request] HTTP request started {"requestId":"657de1a5-382a-49d2-96fe-5b4bd0dd920a","method":"GET","url":"/api/works/my","ip":"::1","sessionType":"anonymous","userId":null,"role":null}
2026-05-24 16:41:14 [INFO] [request] HTTP request started {"requestId":"6b03cb5a-0879-458f-9a1a-fd7e2807eba9","method":"GET","url":"/api/comments/my","ip":"::1","sessionType":"anonymous","userId":null,"role":null}
2026-05-24 16:41:14 [INFO] [request] HTTP request started {"requestId":"67d34947-f38a-486a-afd6-3a48fa2f8f1e","method":"GET","url":"/api/me/favorites","ip":"::1","sessionType":"anonymous","userId":null,"role":null}
2026-05-24 16:41:14 [INFO] [request] HTTP request started {"requestId":"6b1700ad-b0d4-4ac5-b8b1-c7ae10d1c2d0","method":"GET","url":"/api/me/reading-progress","ip":"::1","sessionType":"anonymous","userId":null,"role":null}
2026-05-24 16:41:14 [INFO] [request] HTTP request started {"requestId":"39b4d6fd-0d4f-469d-af36-3c4a5da4601e","method":"GET","url":"/api/me/favorite-genres","ip":"::1","sessionType":"anonymous","userId":null,"role":null}
2026-05-24 16:41:14 [INFO] [request] HTTP request finished {"requestId":"46651bae-aac7-40df-94cc-1dff95e5f935","method":"GET","url":"/api/works","statusCode":304,"durationMs":5,"sessionType":"anonymous","userId":null,"role":null}
2026-05-24 16:41:14 [INFO] [work.routes] Current user works requested {"requestId":"657de1a5-382a-49d2-96fe-5b4bd0dd920a","authorId":"3","count":1}
2026-05-24 16:41:14 [INFO] [request] HTTP request finished {"requestId":"657de1a5-382a-49d2-96fe-5b4bd0dd920a","method":"GET","url":"/api/works/my","statusCode":304,"durationMs":5,"sessionType":"anonymous","userId":"3","role":"user"}
2026-05-24 16:41:14 [INFO] [comment.routes] Current user comments requested {"requestId":"6b03cb5a-0879-458f-9a1a-fd7e2807eba9","userId":"3","count":1}
2026-05-24 16:41:14 [INFO] [request] HTTP request finished {"requestId":"6b03cb5a-0879-458f-9a1a-fd7e2807eba9","method":"GET","url":"/api/comments/my","statusCode":304,"durationMs":4,"sessionType":"anonymous","userId":"3","role":"user"}
2026-05-24 16:41:14 [INFO] [request] HTTP request finished {"requestId":"67d34947-f38a-486a-afd6-3a48fa2f8f1e","method":"GET","url":"/api/me/favorites","statusCode":304,"durationMs":5,"sessionType":"anonymous","userId":"3","role":"user"}
2026-05-24 16:41:14 [INFO] [request] HTTP request finished {"requestId":"39b4d6fd-0d4f-469d-af36-3c4a5da4601e","method":"GET","url":"/api/me/favorite-genres","statusCode":304,"durationMs":3,"sessionType":"anonymous","userId":"3","role":"user"}
2026-05-24 16:41:14 [INFO] [request] HTTP request finished {"requestId":"6b1700ad-b0d4-4ac5-b8b1-c7ae10d1c2d0","method":"GET","url":"/api/me/reading-progress","statusCode":304,"durationMs":5,"sessionType":"anonymous","userId":"3","role":"user"}
2026-05-24 16:41:14 [INFO] [request] HTTP request started {"requestId":"dc18e34e-4b67-40aa-a2ff-6cedbc731fd8","method":"GET","url":"/api/works","ip":"::1","sessionType":"anonymous","userId":null,"role":null}
2026-05-24 16:41:14 [INFO] [work.routes] Published works requested {"requestId":"dc18e34e-4b67-40aa-a2ff-6cedbc731fd8"}
2026-05-24 16:41:14 [INFO] [request] HTTP request started {"requestId":"12840da4-e8bd-4ea4-8b53-5250b976e253","method":"GET","url":"/api/works/my","ip":"::1","sessionType":"anonymous","userId":null,"role":null}
2026-05-24 16:41:14 [INFO] [request] HTTP request started {"requestId":"acfc5ada-7196-46d0-9f9d-93bac9b44884","method":"GET","url":"/api/comments/my","ip":"::1","sessionType":"anonymous","userId":null,"role":null}
2026-05-24 16:41:14 [INFO] [request] HTTP request started {"requestId":"3a861a68-a1e2-4524-bf2b-d96a6fd6982a","method":"GET","url":"/api/me/favorites","ip":"::1","sessionType":"anonymous","userId":null,"role":null}
2026-05-24 16:41:14 [INFO] [request] HTTP request finished {"requestId":"dc18e34e-4b67-40aa-a2ff-6cedbc731fd8","method":"GET","url":"/api/works","statusCode":304,"durationMs":2,"sessionType":"anonymous","userId":null,"role":null}
2026-05-24 16:41:14 [INFO] [request] HTTP request started {"requestId":"cebe40a0-a3be-4e36-89e9-d420637ca5a5","method":"GET","url":"/api/me/reading-progress","ip":"::1","sessionType":"anonymous","userId":null,"role":null}
2026-05-24 16:41:14 [INFO] [request] HTTP request started {"requestId":"ae0e9552-d04a-4c05-9f2a-9294f252ab4a","method":"GET","url":"/api/me/favorite-genres","ip":"::1","sessionType":"anonymous","userId":null,"role":null}
2026-05-24 16:41:14 [INFO] [work.routes] Current user works requested {"requestId":"12840da4-e8bd-4ea4-8b53-5250b976e253","authorId":"3","count":1}
2026-05-24 16:41:14 [INFO] [request] HTTP request finished {"requestId":"12840da4-e8bd-4ea4-8b53-5250b976e253","method":"GET","url":"/api/works/my","statusCode":304,"durationMs":4,"sessionType":"anonymous","userId":"3","role":"user"}
2026-05-24 16:41:14 [INFO] [request] HTTP request finished {"requestId":"cebe40a0-a3be-4e36-89e9-d420637ca5a5","method":"GET","url":"/api/me/reading-progress","statusCode":304,"durationMs":2,"sessionType":"anonymous","userId":"3","role":"user"}
2026-05-24 16:41:14 [INFO] [request] HTTP request finished {"requestId":"3a861a68-a1e2-4524-bf2b-d96a6fd6982a","method":"GET","url":"/api/me/favorites","statusCode":304,"durationMs":3,"sessionType":"anonymous","userId":"3","role":"user"}
2026-05-24 16:41:14 [INFO] [comment.routes] Current user comments requested {"requestId":"acfc5ada-7196-46d0-9f9d-93bac9b44884","userId":"3","count":1}
2026-05-24 16:41:14 [INFO] [request] HTTP request finished {"requestId":"acfc5ada-7196-46d0-9f9d-93bac9b44884","method":"GET","url":"/api/comments/my","statusCode":304,"durationMs":4,"sessionType":"anonymous","userId":"3","role":"user"}
2026-05-24 16:41:14 [INFO] [request] HTTP request finished {"requestId":"ae0e9552-d04a-4c05-9f2a-9294f252ab4a","method":"GET","url":"/api/me/favorite-genres","statusCode":304,"durationMs":3,"sessionType":"anonymous","userId":"3","role":"user"}
2026-05-24 16:41:15 [INFO] [request] HTTP request started {"requestId":"73b27581-69bf-4c4b-884d-9a6e197542a0","method":"GET","url":"/api/works","ip":"::1","sessionType":"anonymous","userId":null,"role":null}
2026-05-24 16:41:15 [INFO] [work.routes] Published works requested {"requestId":"73b27581-69bf-4c4b-884d-9a6e197542a0"}
2026-05-24 16:41:15 [INFO] [request] HTTP request started {"requestId":"3e88570b-1874-4aa6-81a8-720515df06c1","method":"GET","url":"/api/works/my","ip":"::1","sessionType":"anonymous","userId":null,"role":null}
2026-05-24 16:41:15 [INFO] [request] HTTP request finished {"requestId":"73b27581-69bf-4c4b-884d-9a6e197542a0","method":"GET","url":"/api/works","statusCode":200,"durationMs":2,"sessionType":"anonymous","userId":null,"role":null}
2026-05-24 16:41:15 [INFO] [request] HTTP request started {"requestId":"5c1bb88d-8b23-4233-beb1-42f63f84958c","method":"GET","url":"/api/comments/my","ip":"::1","sessionType":"anonymous","userId":null,"role":null}
2026-05-24 16:41:15 [INFO] [request] HTTP request started {"requestId":"cc1653cc-ee06-4da6-89a7-fbe2e24e82e3","method":"GET","url":"/api/me/favorites","ip":"::1","sessionType":"anonymous","userId":null,"role":null}
2026-05-24 16:41:15 [INFO] [request] HTTP request started {"requestId":"cb6539bd-bafb-4cf6-8a97-cfa4ea45083d","method":"GET","url":"/api/me/reading-progress","ip":"::1","sessionType":"anonymous","userId":null,"role":null}
2026-05-24 16:41:15 [INFO] [work.routes] Current user works requested {"requestId":"3e88570b-1874-4aa6-81a8-720515df06c1","authorId":"3","count":1}
2026-05-24 16:41:15 [INFO] [request] HTTP request finished {"requestId":"3e88570b-1874-4aa6-81a8-720515df06c1","method":"GET","url":"/api/works/my","statusCode":200,"durationMs":3,"sessionType":"anonymous","userId":"3","role":"user"}
2026-05-24 16:41:15 [INFO] [request] HTTP request started {"requestId":"fdc53c06-dcc7-4bb6-a07e-db4e458208f2","method":"GET","url":"/api/me/favorite-genres","ip":"::1","sessionType":"anonymous","userId":null,"role":null}
2026-05-24 16:41:15 [INFO] [comment.routes] Current user comments requested {"requestId":"5c1bb88d-8b23-4233-beb1-42f63f84958c","userId":"3","count":1}
2026-05-24 16:41:15 [INFO] [request] HTTP request finished {"requestId":"5c1bb88d-8b23-4233-beb1-42f63f84958c","method":"GET","url":"/api/comments/my","statusCode":200,"durationMs":3,"sessionType":"anonymous","userId":"3","role":"user"}
2026-05-24 16:41:15 [INFO] [request] HTTP request finished {"requestId":"cc1653cc-ee06-4da6-89a7-fbe2e24e82e3","method":"GET","url":"/api/me/favorites","statusCode":200,"durationMs":3,"sessionType":"anonymous","userId":"3","role":"user"}
2026-05-24 16:41:15 [INFO] [request] HTTP request finished {"requestId":"cb6539bd-bafb-4cf6-8a97-cfa4ea45083d","method":"GET","url":"/api/me/reading-progress","statusCode":200,"durationMs":4,"sessionType":"anonymous","userId":"3","role":"user"}
2026-05-24 16:41:15 [INFO] [request] HTTP request finished {"requestId":"fdc53c06-dcc7-4bb6-a07e-db4e458208f2","method":"GET","url":"/api/me/favorite-genres","statusCode":200,"durationMs":2,"sessionType":"anonymous","userId":"3","role":"user"}
2026-05-24 16:41:16 [INFO] [request] HTTP request started {"requestId":"1b216a05-27d1-443e-84fd-eb04cef6b89d","method":"GET","url":"/api/works","ip":"::1","sessionType":"anonymous","userId":null,"role":null}
2026-05-24 16:41:16 [INFO] [work.routes] Published works requested {"requestId":"1b216a05-27d1-443e-84fd-eb04cef6b89d"}
2026-05-24 16:41:16 [INFO] [request] HTTP request started {"requestId":"0eb6273e-4988-4d7d-ae06-8139a5e45b0c","method":"GET","url":"/api/works/my","ip":"::1","sessionType":"anonymous","userId":null,"role":null}
2026-05-24 16:41:16 [INFO] [request] HTTP request started {"requestId":"141b02de-08c3-4f42-9d76-e3c0d0e6ccb3","method":"GET","url":"/api/comments/my","ip":"::1","sessionType":"anonymous","userId":null,"role":null}
2026-05-24 16:41:16 [INFO] [request] HTTP request started {"requestId":"4a6f570d-e65c-494f-957d-6b5d4891d87f","method":"GET","url":"/api/me/favorites","ip":"::1","sessionType":"anonymous","userId":null,"role":null}
2026-05-24 16:41:16 [INFO] [request] HTTP request started {"requestId":"438f29d8-b849-46ad-a946-290c7b5e55d8","method":"GET","url":"/api/me/reading-progress","ip":"::1","sessionType":"anonymous","userId":null,"role":null}
2026-05-24 16:41:16 [INFO] [request] HTTP request finished {"requestId":"1b216a05-27d1-443e-84fd-eb04cef6b89d","method":"GET","url":"/api/works","statusCode":200,"durationMs":3,"sessionType":"anonymous","userId":null,"role":null}
2026-05-24 16:41:16 [INFO] [request] HTTP request started {"requestId":"bae5a593-9095-4c6e-a400-e9a9fb1bf788","method":"GET","url":"/api/me/favorite-genres","ip":"::1","sessionType":"anonymous","userId":null,"role":null}
2026-05-24 16:41:16 [INFO] [work.routes] Current user works requested {"requestId":"0eb6273e-4988-4d7d-ae06-8139a5e45b0c","authorId":"3","count":1}
2026-05-24 16:41:16 [INFO] [request] HTTP request finished {"requestId":"0eb6273e-4988-4d7d-ae06-8139a5e45b0c","method":"GET","url":"/api/works/my","statusCode":200,"durationMs":5,"sessionType":"anonymous","userId":"3","role":"user"}
2026-05-24 16:41:16 [INFO] [comment.routes] Current user comments requested {"requestId":"141b02de-08c3-4f42-9d76-e3c0d0e6ccb3","userId":"3","count":1}
2026-05-24 16:41:16 [INFO] [request] HTTP request finished {"requestId":"141b02de-08c3-4f42-9d76-e3c0d0e6ccb3","method":"GET","url":"/api/comments/my","statusCode":200,"durationMs":5,"sessionType":"anonymous","userId":"3","role":"user"}
2026-05-24 16:41:16 [INFO] [request] HTTP request finished {"requestId":"4a6f570d-e65c-494f-957d-6b5d4891d87f","method":"GET","url":"/api/me/favorites","statusCode":200,"durationMs":5,"sessionType":"anonymous","userId":"3","role":"user"}
2026-05-24 16:41:16 [INFO] [request] HTTP request finished {"requestId":"bae5a593-9095-4c6e-a400-e9a9fb1bf788","method":"GET","url":"/api/me/favorite-genres","statusCode":200,"durationMs":2,"sessionType":"anonymous","userId":"3","role":"user"}
2026-05-24 16:41:16 [INFO] [request] HTTP request finished {"requestId":"438f29d8-b849-46ad-a946-290c7b5e55d8","method":"GET","url":"/api/me/reading-progress","statusCode":200,"durationMs":6,"sessionType":"anonymous","userId":"3","role":"user"}
2026-05-24 16:41:16 [INFO] [request] HTTP request started {"requestId":"7681618b-ce74-4fdf-8511-b2718f812189","method":"GET","url":"/api/works","ip":"::1","sessionType":"anonymous","userId":null,"role":null}
2026-05-24 16:41:16 [INFO] [work.routes] Published works requested {"requestId":"7681618b-ce74-4fdf-8511-b2718f812189"}
2026-05-24 16:41:16 [INFO] [request] HTTP request started {"requestId":"a387c2ab-58b4-4aa1-879a-fb0e048978ed","method":"GET","url":"/api/works/my","ip":"::1","sessionType":"anonymous","userId":null,"role":null}
2026-05-24 16:41:16 [INFO] [request] HTTP request finished {"requestId":"7681618b-ce74-4fdf-8511-b2718f812189","method":"GET","url":"/api/works","statusCode":200,"durationMs":2,"sessionType":"anonymous","userId":null,"role":null}
2026-05-24 16:41:16 [INFO] [request] HTTP request started {"requestId":"4fc85898-d5cc-4494-9321-8763a2eed875","method":"GET","url":"/api/comments/my","ip":"::1","sessionType":"anonymous","userId":null,"role":null}
2026-05-24 16:41:16 [INFO] [request] HTTP request started {"requestId":"6592704d-6852-4604-8cdb-cac89c836e4f","method":"GET","url":"/api/me/favorites","ip":"::1","sessionType":"anonymous","userId":null,"role":null}
2026-05-24 16:41:16 [INFO] [work.routes] Current user works requested {"requestId":"a387c2ab-58b4-4aa1-879a-fb0e048978ed","authorId":"3","count":1}
2026-05-24 16:41:16 [INFO] [request] HTTP request finished {"requestId":"a387c2ab-58b4-4aa1-879a-fb0e048978ed","method":"GET","url":"/api/works/my","statusCode":200,"durationMs":4,"sessionType":"anonymous","userId":"3","role":"user"}
2026-05-24 16:41:16 [INFO] [request] HTTP request started {"requestId":"56b08ff0-f85a-46d8-a25e-438e0bd23795","method":"GET","url":"/api/me/reading-progress","ip":"::1","sessionType":"anonymous","userId":null,"role":null}
2026-05-24 16:41:16 [INFO] [request] HTTP request started {"requestId":"3e426edb-bd2d-4840-b65d-031207154b4c","method":"GET","url":"/api/me/favorite-genres","ip":"::1","sessionType":"anonymous","userId":null,"role":null}
2026-05-24 16:41:16 [INFO] [request] HTTP request finished {"requestId":"6592704d-6852-4604-8cdb-cac89c836e4f","method":"GET","url":"/api/me/favorites","statusCode":200,"durationMs":4,"sessionType":"anonymous","userId":"3","role":"user"}
2026-05-24 16:41:16 [INFO] [comment.routes] Current user comments requested {"requestId":"4fc85898-d5cc-4494-9321-8763a2eed875","userId":"3","count":1}
2026-05-24 16:41:16 [INFO] [request] HTTP request finished {"requestId":"4fc85898-d5cc-4494-9321-8763a2eed875","method":"GET","url":"/api/comments/my","statusCode":200,"durationMs":5,"sessionType":"anonymous","userId":"3","role":"user"}
2026-05-24 16:41:16 [INFO] [request] HTTP request finished {"requestId":"56b08ff0-f85a-46d8-a25e-438e0bd23795","method":"GET","url":"/api/me/reading-progress","statusCode":200,"durationMs":2,"sessionType":"anonymous","userId":"3","role":"user"}
2026-05-24 16:41:16 [INFO] [request] HTTP request finished {"requestId":"3e426edb-bd2d-4840-b65d-031207154b4c","method":"GET","url":"/api/me/favorite-genres","statusCode":200,"durationMs":2,"sessionType":"anonymous","userId":"3","role":"user"}
2026-05-24 16:41:17 [INFO] [request] HTTP request started {"requestId":"f444ad52-c93f-437e-b435-0d79b43557d4","method":"GET","url":"/api/works","ip":"::1","sessionType":"anonymous","userId":null,"role":null}
2026-05-24 16:41:17 [INFO] [work.routes] Published works requested {"requestId":"f444ad52-c93f-437e-b435-0d79b43557d4"}
2026-05-24 16:41:17 [INFO] [request] HTTP request started {"requestId":"8819e35f-7ee4-4736-90f0-cb2871ee9010","method":"GET","url":"/api/me/favorite-genres","ip":"::1","sessionType":"anonymous","userId":null,"role":null}
2026-05-24 16:41:17 [INFO] [request] HTTP request finished {"requestId":"f444ad52-c93f-437e-b435-0d79b43557d4","method":"GET","url":"/api/works","statusCode":304,"durationMs":1,"sessionType":"anonymous","userId":null,"role":null}
2026-05-24 16:41:17 [INFO] [request] HTTP request finished {"requestId":"8819e35f-7ee4-4736-90f0-cb2871ee9010","method":"GET","url":"/api/me/favorite-genres","statusCode":304,"durationMs":1,"sessionType":"anonymous","userId":"3","role":"user"}
2026-05-24 16:41:17 [INFO] [request] HTTP request started {"requestId":"62729719-b678-4744-a93d-fb3a29145d2c","method":"GET","url":"/api/works","ip":"::1","sessionType":"anonymous","userId":null,"role":null}
2026-05-24 16:41:17 [INFO] [work.routes] Published works requested {"requestId":"62729719-b678-4744-a93d-fb3a29145d2c"}
2026-05-24 16:41:17 [INFO] [request] HTTP request started {"requestId":"20d145a0-6937-428d-b6b2-4bf41a9b6ac5","method":"GET","url":"/api/works/my","ip":"::1","sessionType":"anonymous","userId":null,"role":null}
2026-05-24 16:41:17 [INFO] [request] HTTP request started {"requestId":"5173dd9e-7a03-4f05-8be0-fcd636d7bc26","method":"GET","url":"/api/comments/my","ip":"::1","sessionType":"anonymous","userId":null,"role":null}
2026-05-24 16:41:17 [INFO] [request] HTTP request started {"requestId":"47ee2d5f-cc93-49c9-84c7-73848b7218be","method":"GET","url":"/api/me/favorites","ip":"::1","sessionType":"anonymous","userId":null,"role":null}
2026-05-24 16:41:17 [INFO] [request] HTTP request started {"requestId":"1db6e2c0-a074-4cc7-a880-3c41940682f3","method":"GET","url":"/api/me/reading-progress","ip":"::1","sessionType":"anonymous","userId":null,"role":null}
2026-05-24 16:41:17 [INFO] [request] HTTP request started {"requestId":"3e78f52e-7550-4bad-afef-e3d3134b2167","method":"GET","url":"/api/me/favorite-genres","ip":"::1","sessionType":"anonymous","userId":null,"role":null}
2026-05-24 16:41:17 [INFO] [request] HTTP request finished {"requestId":"62729719-b678-4744-a93d-fb3a29145d2c","method":"GET","url":"/api/works","statusCode":304,"durationMs":3,"sessionType":"anonymous","userId":null,"role":null}
2026-05-24 16:41:17 [INFO] [work.routes] Current user works requested {"requestId":"20d145a0-6937-428d-b6b2-4bf41a9b6ac5","authorId":"3","count":1}
2026-05-24 16:41:17 [INFO] [request] HTTP request finished {"requestId":"20d145a0-6937-428d-b6b2-4bf41a9b6ac5","method":"GET","url":"/api/works/my","statusCode":304,"durationMs":2,"sessionType":"anonymous","userId":"3","role":"user"}
2026-05-24 16:41:17 [INFO] [request] HTTP request finished {"requestId":"47ee2d5f-cc93-49c9-84c7-73848b7218be","method":"GET","url":"/api/me/favorites","statusCode":304,"durationMs":2,"sessionType":"anonymous","userId":"3","role":"user"}
2026-05-24 16:41:17 [INFO] [comment.routes] Current user comments requested {"requestId":"5173dd9e-7a03-4f05-8be0-fcd636d7bc26","userId":"3","count":1}
2026-05-24 16:41:17 [INFO] [request] HTTP request finished {"requestId":"5173dd9e-7a03-4f05-8be0-fcd636d7bc26","method":"GET","url":"/api/comments/my","statusCode":304,"durationMs":3,"sessionType":"anonymous","userId":"3","role":"user"}
2026-05-24 16:41:17 [INFO] [request] HTTP request finished {"requestId":"1db6e2c0-a074-4cc7-a880-3c41940682f3","method":"GET","url":"/api/me/reading-progress","statusCode":304,"durationMs":3,"sessionType":"anonymous","userId":"3","role":"user"}
2026-05-24 16:41:17 [INFO] [request] HTTP request finished {"requestId":"3e78f52e-7550-4bad-afef-e3d3134b2167","method":"GET","url":"/api/me/favorite-genres","statusCode":304,"durationMs":3,"sessionType":"anonymous","userId":"3","role":"user"}
2026-05-24 16:41:26 [INFO] [request] HTTP request started {"requestId":"fc0a8a8e-41b2-4b28-a21c-9265afb57752","method":"GET","url":"/api/works","ip":"::1","sessionType":"anonymous","userId":null,"role":null}
2026-05-24 16:41:26 [INFO] [work.routes] Published works requested {"requestId":"fc0a8a8e-41b2-4b28-a21c-9265afb57752"}
2026-05-24 16:41:26 [INFO] [request] HTTP request started {"requestId":"a6ba6d17-3fc5-44a0-92f0-f4c914fb408d","method":"GET","url":"/api/me/favorite-genres","ip":"::1","sessionType":"anonymous","userId":null,"role":null}
2026-05-24 16:41:26 [INFO] [request] HTTP request finished {"requestId":"fc0a8a8e-41b2-4b28-a21c-9265afb57752","method":"GET","url":"/api/works","statusCode":304,"durationMs":2,"sessionType":"anonymous","userId":null,"role":null}
2026-05-24 16:41:26 [INFO] [request] HTTP request finished {"requestId":"a6ba6d17-3fc5-44a0-92f0-f4c914fb408d","method":"GET","url":"/api/me/favorite-genres","statusCode":304,"durationMs":1,"sessionType":"anonymous","userId":"3","role":"user"}
2026-05-24 16:41:47 [INFO] [request] HTTP request started {"requestId":"41eb6bb0-92e9-4a9e-ad2d-7e7ae6a903b2","method":"GET","url":"/api/works","ip":"::1","sessionType":"anonymous","userId":null,"role":null}
2026-05-24 16:41:47 [INFO] [work.routes] Published works requested {"requestId":"41eb6bb0-92e9-4a9e-ad2d-7e7ae6a903b2"}
2026-05-24 16:41:47 [INFO] [request] HTTP request started {"requestId":"5744b848-16a5-4018-af2a-a618d7eb21ae","method":"GET","url":"/api/works/my","ip":"::1","sessionType":"anonymous","userId":null,"role":null}
2026-05-24 16:41:47 [INFO] [request] HTTP request started {"requestId":"dcdd3163-ea5d-4893-be6d-eb20e0779665","method":"GET","url":"/api/comments/my","ip":"::1","sessionType":"anonymous","userId":null,"role":null}
2026-05-24 16:41:47 [INFO] [request] HTTP request started {"requestId":"df04fa8a-7174-4933-b6c7-ced12d9142c6","method":"GET","url":"/api/me/favorites","ip":"::1","sessionType":"anonymous","userId":null,"role":null}
2026-05-24 16:41:47 [INFO] [request] HTTP request started {"requestId":"5f159578-a1ef-4f9c-a43c-1c2b1ee31272","method":"GET","url":"/api/me/reading-progress","ip":"::1","sessionType":"anonymous","userId":null,"role":null}
2026-05-24 16:41:47 [INFO] [request] HTTP request started {"requestId":"c3608ab3-6873-412d-931e-58d7651ed225","method":"GET","url":"/api/me/favorite-genres","ip":"::1","sessionType":"anonymous","userId":null,"role":null}
2026-05-24 16:41:47 [INFO] [work.routes] Current user works requested {"requestId":"5744b848-16a5-4018-af2a-a618d7eb21ae","authorId":"3","count":1}
2026-05-24 16:41:47 [INFO] [request] HTTP request finished {"requestId":"5744b848-16a5-4018-af2a-a618d7eb21ae","method":"GET","url":"/api/works/my","statusCode":304,"durationMs":44,"sessionType":"anonymous","userId":"3","role":"user"}
2026-05-24 16:41:47 [INFO] [request] HTTP request finished {"requestId":"41eb6bb0-92e9-4a9e-ad2d-7e7ae6a903b2","method":"GET","url":"/api/works","statusCode":304,"durationMs":45,"sessionType":"anonymous","userId":null,"role":null}
2026-05-24 16:41:47 [INFO] [request] HTTP request finished {"requestId":"df04fa8a-7174-4933-b6c7-ced12d9142c6","method":"GET","url":"/api/me/favorites","statusCode":304,"durationMs":46,"sessionType":"anonymous","userId":"3","role":"user"}
2026-05-24 16:41:47 [INFO] [comment.routes] Current user comments requested {"requestId":"dcdd3163-ea5d-4893-be6d-eb20e0779665","userId":"3","count":1}
2026-05-24 16:41:47 [INFO] [request] HTTP request finished {"requestId":"dcdd3163-ea5d-4893-be6d-eb20e0779665","method":"GET","url":"/api/comments/my","statusCode":304,"durationMs":47,"sessionType":"anonymous","userId":"3","role":"user"}
2026-05-24 16:41:47 [INFO] [request] HTTP request finished {"requestId":"c3608ab3-6873-412d-931e-58d7651ed225","method":"GET","url":"/api/me/favorite-genres","statusCode":304,"durationMs":48,"sessionType":"anonymous","userId":"3","role":"user"}
2026-05-24 16:41:47 [INFO] [request] HTTP request finished {"requestId":"5f159578-a1ef-4f9c-a43c-1c2b1ee31272","method":"GET","url":"/api/me/reading-progress","statusCode":304,"durationMs":51,"sessionType":"anonymous","userId":"3","role":"user"}
2026-05-24 16:51:49 [INFO] [request] HTTP request started {"requestId":"9ecc0f8f-4b20-4e34-baee-f7ff26088eb0","method":"GET","url":"/api/works","ip":"::1","sessionType":"anonymous","userId":null,"role":null}
2026-05-24 16:51:49 [INFO] [work.routes] Published works requested {"requestId":"9ecc0f8f-4b20-4e34-baee-f7ff26088eb0"}
2026-05-24 16:51:49 [INFO] [request] HTTP request started {"requestId":"30a043f3-6229-42ee-a47e-3cc45418166c","method":"GET","url":"/api/me/favorite-genres","ip":"::1","sessionType":"anonymous","userId":null,"role":null}
2026-05-24 16:51:49 [INFO] [request] HTTP request finished {"requestId":"30a043f3-6229-42ee-a47e-3cc45418166c","method":"GET","url":"/api/me/favorite-genres","statusCode":304,"durationMs":35,"sessionType":"anonymous","userId":"3","role":"user"}
2026-05-24 16:51:49 [INFO] [request] HTTP request finished {"requestId":"9ecc0f8f-4b20-4e34-baee-f7ff26088eb0","method":"GET","url":"/api/works","statusCode":304,"durationMs":37,"sessionType":"anonymous","userId":null,"role":null}
2026-05-24 16:52:06 [INFO] [request] HTTP request started {"requestId":"60526960-349e-41e1-9779-9c282d9cfac1","method":"POST","url":"/api/auth/login","ip":"::1","sessionType":"anonymous","userId":null,"role":null}
2026-05-24 16:52:06 [INFO] [auth.routes] User logged in {"requestId":"60526960-349e-41e1-9779-9c282d9cfac1","userId":"2","login":"moderator1"}
2026-05-24 16:52:06 [INFO] [request] HTTP request finished {"requestId":"60526960-349e-41e1-9779-9c282d9cfac1","method":"POST","url":"/api/auth/login","statusCode":200,"durationMs":85,"sessionType":"anonymous","userId":null,"role":null}
2026-05-24 16:52:06 [INFO] [request] HTTP request started {"requestId":"42ce3a31-5853-4937-a11c-08135813a576","method":"GET","url":"/api/works","ip":"::1","sessionType":"anonymous","userId":null,"role":null}
2026-05-24 16:52:06 [INFO] [work.routes] Published works requested {"requestId":"42ce3a31-5853-4937-a11c-08135813a576"}
2026-05-24 16:52:06 [INFO] [request] HTTP request started {"requestId":"5415ecf8-dca7-427c-9710-aeb9b92aab8e","method":"GET","url":"/api/me/favorite-genres","ip":"::1","sessionType":"anonymous","userId":null,"role":null}
2026-05-24 16:52:06 [INFO] [request] HTTP request finished {"requestId":"42ce3a31-5853-4937-a11c-08135813a576","method":"GET","url":"/api/works","statusCode":304,"durationMs":5,"sessionType":"anonymous","userId":null,"role":null}
2026-05-24 16:52:06 [INFO] [request] HTTP request finished {"requestId":"5415ecf8-dca7-427c-9710-aeb9b92aab8e","method":"GET","url":"/api/me/favorite-genres","statusCode":304,"durationMs":33,"sessionType":"anonymous","userId":"2","role":"moderator"}
2026-05-24 16:52:29 [INFO] [request] HTTP request started {"requestId":"cf13cde0-8a09-4912-bc9a-993a5c991f8e","method":"GET","url":"/api/works/moderation/pending","ip":"::1","sessionType":"anonymous","userId":null,"role":null}
2026-05-24 16:52:29 [INFO] [work.routes] Pending works requested {"requestId":"cf13cde0-8a09-4912-bc9a-993a5c991f8e","moderatorId":"2","count":0}
2026-05-24 16:52:29 [INFO] [request] HTTP request finished {"requestId":"cf13cde0-8a09-4912-bc9a-993a5c991f8e","method":"GET","url":"/api/works/moderation/pending","statusCode":200,"durationMs":33,"sessionType":"anonymous","userId":"2","role":"moderator"}
2026-05-24 16:52:29 [INFO] [request] HTTP request started {"requestId":"dffb587a-1b9b-4941-a90b-736bcb0c38d8","method":"GET","url":"/api/admin/stats","ip":"::1","sessionType":"anonymous","userId":null,"role":null}
2026-05-24 16:52:30 [INFO] [adminStats.routes] Admin stats requested {"requestId":"dffb587a-1b9b-4941-a90b-736bcb0c38d8","userId":"2","role":"moderator"}
2026-05-24 16:52:30 [INFO] [request] HTTP request finished {"requestId":"dffb587a-1b9b-4941-a90b-736bcb0c38d8","method":"GET","url":"/api/admin/stats","statusCode":200,"durationMs":65,"sessionType":"anonymous","userId":"2","role":"moderator"}
2026-05-24 16:55:55 [INFO] [request] HTTP request started {"requestId":"4f701848-c721-4101-8733-3d54d4cdecd4","method":"GET","url":"/api/works/moderation/pending","ip":"::1","sessionType":"anonymous","userId":null,"role":null}
2026-05-24 16:55:55 [INFO] [work.routes] Pending works requested {"requestId":"4f701848-c721-4101-8733-3d54d4cdecd4","moderatorId":"2","count":0}
2026-05-24 16:55:55 [INFO] [request] HTTP request finished {"requestId":"4f701848-c721-4101-8733-3d54d4cdecd4","method":"GET","url":"/api/works/moderation/pending","statusCode":304,"durationMs":34,"sessionType":"anonymous","userId":"2","role":"moderator"}
2026-05-24 16:55:59 [INFO] [request] HTTP request started {"requestId":"93787025-f07f-4adf-aa0c-46036a61a575","method":"GET","url":"/api/works","ip":"::1","sessionType":"anonymous","userId":null,"role":null}
2026-05-24 16:55:59 [INFO] [work.routes] Published works requested {"requestId":"93787025-f07f-4adf-aa0c-46036a61a575"}
2026-05-24 16:55:59 [INFO] [request] HTTP request started {"requestId":"2ae2407e-96cf-455b-9e75-22a454d6de38","method":"GET","url":"/api/works/my","ip":"::1","sessionType":"anonymous","userId":null,"role":null}
2026-05-24 16:55:59 [INFO] [request] HTTP request started {"requestId":"99e8a199-41c3-4419-9fc5-b7b605aba673","method":"GET","url":"/api/comments/my","ip":"::1","sessionType":"anonymous","userId":null,"role":null}
2026-05-24 16:55:59 [INFO] [request] HTTP request finished {"requestId":"93787025-f07f-4adf-aa0c-46036a61a575","method":"GET","url":"/api/works","statusCode":304,"durationMs":2,"sessionType":"anonymous","userId":null,"role":null}
2026-05-24 16:55:59 [INFO] [request] HTTP request started {"requestId":"6f3fff87-b9b9-4038-9baa-17f83b3fd3a8","method":"GET","url":"/api/me/favorites","ip":"::1","sessionType":"anonymous","userId":null,"role":null}
2026-05-24 16:55:59 [INFO] [request] HTTP request started {"requestId":"64466e35-ab35-41e2-b94e-d0a03ae68e27","method":"GET","url":"/api/me/reading-progress","ip":"::1","sessionType":"anonymous","userId":null,"role":null}
2026-05-24 16:55:59 [INFO] [request] HTTP request started {"requestId":"a8c8e0f4-98b4-48a8-868b-51bf2bc06c79","method":"GET","url":"/api/me/favorite-genres","ip":"::1","sessionType":"anonymous","userId":null,"role":null}
2026-05-24 16:55:59 [INFO] [request] HTTP request finished {"requestId":"6f3fff87-b9b9-4038-9baa-17f83b3fd3a8","method":"GET","url":"/api/me/favorites","statusCode":200,"durationMs":3,"sessionType":"anonymous","userId":"2","role":"moderator"}
2026-05-24 16:55:59 [INFO] [work.routes] Current user works requested {"requestId":"2ae2407e-96cf-455b-9e75-22a454d6de38","authorId":"2","count":0}
2026-05-24 16:55:59 [INFO] [request] HTTP request finished {"requestId":"2ae2407e-96cf-455b-9e75-22a454d6de38","method":"GET","url":"/api/works/my","statusCode":200,"durationMs":39,"sessionType":"anonymous","userId":"2","role":"moderator"}
2026-05-24 16:55:59 [INFO] [request] HTTP request finished {"requestId":"a8c8e0f4-98b4-48a8-868b-51bf2bc06c79","method":"GET","url":"/api/me/favorite-genres","statusCode":304,"durationMs":38,"sessionType":"anonymous","userId":"2","role":"moderator"}
2026-05-24 16:55:59 [INFO] [comment.routes] Current user comments requested {"requestId":"99e8a199-41c3-4419-9fc5-b7b605aba673","userId":"2","count":0}
2026-05-24 16:55:59 [INFO] [request] HTTP request finished {"requestId":"99e8a199-41c3-4419-9fc5-b7b605aba673","method":"GET","url":"/api/comments/my","statusCode":200,"durationMs":40,"sessionType":"anonymous","userId":"2","role":"moderator"}
2026-05-24 16:55:59 [INFO] [request] HTTP request finished {"requestId":"64466e35-ab35-41e2-b94e-d0a03ae68e27","method":"GET","url":"/api/me/reading-progress","statusCode":200,"durationMs":39,"sessionType":"anonymous","userId":"2","role":"moderator"}
2026-05-24 16:56:46 [INFO] [request] HTTP request started {"requestId":"acc34c40-5587-43c9-a837-e4cd554c2df5","method":"POST","url":"/api/works","ip":"::1","sessionType":"anonymous","userId":null,"role":null}
2026-05-24 16:56:46 [INFO] [work.routes] Work created and sent to moderation {"requestId":"acc34c40-5587-43c9-a837-e4cd554c2df5","workId":"3","authorId":"2"}
2026-05-24 16:56:46 [INFO] [request] HTTP request finished {"requestId":"acc34c40-5587-43c9-a837-e4cd554c2df5","method":"POST","url":"/api/works","statusCode":201,"durationMs":39,"sessionType":"anonymous","userId":"2","role":"moderator"}
2026-05-24 16:56:46 [INFO] [request] HTTP request started {"requestId":"4a3e239d-c587-4d94-be51-4e88156f2f0e","method":"GET","url":"/api/works","ip":"::1","sessionType":"anonymous","userId":null,"role":null}
2026-05-24 16:56:46 [INFO] [work.routes] Published works requested {"requestId":"4a3e239d-c587-4d94-be51-4e88156f2f0e"}
2026-05-24 16:56:46 [INFO] [request] HTTP request finished {"requestId":"4a3e239d-c587-4d94-be51-4e88156f2f0e","method":"GET","url":"/api/works","statusCode":200,"durationMs":4,"sessionType":"anonymous","userId":null,"role":null}
2026-05-24 16:56:46 [INFO] [request] HTTP request started {"requestId":"5deac979-73e5-4611-b643-29931343d775","method":"GET","url":"/api/works/my","ip":"::1","sessionType":"anonymous","userId":null,"role":null}
2026-05-24 16:56:46 [INFO] [request] HTTP request started {"requestId":"9a8dc749-0546-4ad3-908c-6602d43eb776","method":"GET","url":"/api/comments/my","ip":"::1","sessionType":"anonymous","userId":null,"role":null}
2026-05-24 16:56:46 [INFO] [request] HTTP request started {"requestId":"3b031440-7358-4585-80d7-9a19718065e1","method":"GET","url":"/api/me/favorites","ip":"::1","sessionType":"anonymous","userId":null,"role":null}
2026-05-24 16:56:46 [INFO] [work.routes] Current user works requested {"requestId":"5deac979-73e5-4611-b643-29931343d775","authorId":"2","count":1}
2026-05-24 16:56:46 [INFO] [request] HTTP request finished {"requestId":"5deac979-73e5-4611-b643-29931343d775","method":"GET","url":"/api/works/my","statusCode":200,"durationMs":2,"sessionType":"anonymous","userId":"2","role":"moderator"}
2026-05-24 16:56:46 [INFO] [request] HTTP request started {"requestId":"3d304c38-cd2a-4a26-8a00-26428ed36eb5","method":"GET","url":"/api/me/reading-progress","ip":"::1","sessionType":"anonymous","userId":null,"role":null}
2026-05-24 16:56:46 [INFO] [request] HTTP request started {"requestId":"27a62907-0b1c-43db-a643-c0edc43315c2","method":"GET","url":"/api/me/favorite-genres","ip":"::1","sessionType":"anonymous","userId":null,"role":null}
2026-05-24 16:56:46 [INFO] [request] HTTP request finished {"requestId":"3d304c38-cd2a-4a26-8a00-26428ed36eb5","method":"GET","url":"/api/me/reading-progress","statusCode":304,"durationMs":4,"sessionType":"anonymous","userId":"2","role":"moderator"}
2026-05-24 16:56:46 [INFO] [request] HTTP request finished {"requestId":"3b031440-7358-4585-80d7-9a19718065e1","method":"GET","url":"/api/me/favorites","statusCode":304,"durationMs":40,"sessionType":"anonymous","userId":"2","role":"moderator"}
2026-05-24 16:56:46 [INFO] [request] HTTP request finished {"requestId":"27a62907-0b1c-43db-a643-c0edc43315c2","method":"GET","url":"/api/me/favorite-genres","statusCode":304,"durationMs":38,"sessionType":"anonymous","userId":"2","role":"moderator"}
2026-05-24 16:56:46 [INFO] [comment.routes] Current user comments requested {"requestId":"9a8dc749-0546-4ad3-908c-6602d43eb776","userId":"2","count":0}
2026-05-24 16:56:46 [INFO] [request] HTTP request finished {"requestId":"9a8dc749-0546-4ad3-908c-6602d43eb776","method":"GET","url":"/api/comments/my","statusCode":304,"durationMs":43,"sessionType":"anonymous","userId":"2","role":"moderator"}
2026-05-24 16:56:47 [INFO] [request] HTTP request started {"requestId":"1c8e7fab-2efc-440a-92fa-c6fcb0177a37","method":"GET","url":"/api/works/moderation/pending","ip":"::1","sessionType":"anonymous","userId":null,"role":null}
2026-05-24 16:56:47 [INFO] [work.routes] Pending works requested {"requestId":"1c8e7fab-2efc-440a-92fa-c6fcb0177a37","moderatorId":"2","count":1}
2026-05-24 16:56:47 [INFO] [request] HTTP request finished {"requestId":"1c8e7fab-2efc-440a-92fa-c6fcb0177a37","method":"GET","url":"/api/works/moderation/pending","statusCode":200,"durationMs":4,"sessionType":"anonymous","userId":"2","role":"moderator"}
2026-05-24 16:58:15 [INFO] [request] HTTP request started {"requestId":"c482b8c4-cea8-44ac-967d-7f12d2015b42","method":"PATCH","url":"/api/works/3/reject","ip":"::1","sessionType":"anonymous","userId":null,"role":null}
2026-05-24 16:58:15 [INFO] [work.routes] Work rejected {"requestId":"c482b8c4-cea8-44ac-967d-7f12d2015b42","workId":"3","moderatorId":"2"}
2026-05-24 16:58:15 [INFO] [request] HTTP request finished {"requestId":"c482b8c4-cea8-44ac-967d-7f12d2015b42","method":"PATCH","url":"/api/works/3/reject","statusCode":200,"durationMs":32,"sessionType":"anonymous","userId":"2","role":"moderator"}
2026-05-24 16:58:16 [INFO] [request] HTTP request started {"requestId":"8098e8f7-bc68-4738-9d0c-787ddc3bd84b","method":"GET","url":"/api/works","ip":"::1","sessionType":"anonymous","userId":null,"role":null}
2026-05-24 16:58:16 [INFO] [work.routes] Published works requested {"requestId":"8098e8f7-bc68-4738-9d0c-787ddc3bd84b"}
2026-05-24 16:58:16 [INFO] [request] HTTP request started {"requestId":"53fe745c-3dd6-4f1d-a4a3-d393333e12e9","method":"GET","url":"/api/me/favorite-genres","ip":"::1","sessionType":"anonymous","userId":null,"role":null}
2026-05-24 16:58:16 [INFO] [request] HTTP request finished {"requestId":"8098e8f7-bc68-4738-9d0c-787ddc3bd84b","method":"GET","url":"/api/works","statusCode":304,"durationMs":4,"sessionType":"anonymous","userId":null,"role":null}
2026-05-24 16:58:16 [INFO] [request] HTTP request finished {"requestId":"53fe745c-3dd6-4f1d-a4a3-d393333e12e9","method":"GET","url":"/api/me/favorite-genres","statusCode":304,"durationMs":33,"sessionType":"anonymous","userId":"2","role":"moderator"}
2026-05-24 16:58:18 [INFO] [request] HTTP request started {"requestId":"b6cf78be-f569-4567-90c0-7ed53175a775","method":"GET","url":"/api/works","ip":"::1","sessionType":"anonymous","userId":null,"role":null}
2026-05-24 16:58:18 [INFO] [work.routes] Published works requested {"requestId":"b6cf78be-f569-4567-90c0-7ed53175a775"}
2026-05-24 16:58:18 [INFO] [request] HTTP request started {"requestId":"01e15d47-4c8c-450e-b4a6-bf225407408a","method":"GET","url":"/api/me/favorite-genres","ip":"::1","sessionType":"anonymous","userId":null,"role":null}
2026-05-24 16:58:18 [INFO] [request] HTTP request started {"requestId":"ae19a30b-b400-4264-a025-5f8ae0704503","method":"GET","url":"/api/works/my","ip":"::1","sessionType":"anonymous","userId":null,"role":null}
2026-05-24 16:58:18 [INFO] [request] HTTP request started {"requestId":"0b40a6cb-97eb-4de6-a383-ac35004b745d","method":"GET","url":"/api/comments/my","ip":"::1","sessionType":"anonymous","userId":null,"role":null}
2026-05-24 16:58:18 [INFO] [request] HTTP request started {"requestId":"11a13e13-e87a-4dc2-a0cc-e1502acfc642","method":"GET","url":"/api/me/favorites","ip":"::1","sessionType":"anonymous","userId":null,"role":null}
2026-05-24 16:58:18 [INFO] [request] HTTP request started {"requestId":"4087e564-11ec-4234-9bdb-91d2bf2e7ae8","method":"GET","url":"/api/me/reading-progress","ip":"::1","sessionType":"anonymous","userId":null,"role":null}
2026-05-24 16:58:18 [INFO] [request] HTTP request finished {"requestId":"01e15d47-4c8c-450e-b4a6-bf225407408a","method":"GET","url":"/api/me/favorite-genres","statusCode":304,"durationMs":4,"sessionType":"anonymous","userId":"2","role":"moderator"}
2026-05-24 16:58:18 [INFO] [request] HTTP request finished {"requestId":"b6cf78be-f569-4567-90c0-7ed53175a775","method":"GET","url":"/api/works","statusCode":304,"durationMs":7,"sessionType":"anonymous","userId":null,"role":null}
2026-05-24 16:58:18 [INFO] [work.routes] Current user works requested {"requestId":"ae19a30b-b400-4264-a025-5f8ae0704503","authorId":"2","count":1}
2026-05-24 16:58:18 [INFO] [request] HTTP request finished {"requestId":"ae19a30b-b400-4264-a025-5f8ae0704503","method":"GET","url":"/api/works/my","statusCode":200,"durationMs":42,"sessionType":"anonymous","userId":"2","role":"moderator"}
2026-05-24 16:58:18 [INFO] [request] HTTP request finished {"requestId":"11a13e13-e87a-4dc2-a0cc-e1502acfc642","method":"GET","url":"/api/me/favorites","statusCode":304,"durationMs":43,"sessionType":"anonymous","userId":"2","role":"moderator"}
2026-05-24 16:58:18 [INFO] [comment.routes] Current user comments requested {"requestId":"0b40a6cb-97eb-4de6-a383-ac35004b745d","userId":"2","count":0}
2026-05-24 16:58:18 [INFO] [request] HTTP request finished {"requestId":"0b40a6cb-97eb-4de6-a383-ac35004b745d","method":"GET","url":"/api/comments/my","statusCode":304,"durationMs":46,"sessionType":"anonymous","userId":"2","role":"moderator"}
2026-05-24 16:58:18 [INFO] [request] HTTP request finished {"requestId":"4087e564-11ec-4234-9bdb-91d2bf2e7ae8","method":"GET","url":"/api/me/reading-progress","statusCode":304,"durationMs":48,"sessionType":"anonymous","userId":"2","role":"moderator"}
2026-05-24 16:58:23 [INFO] [request] HTTP request started {"requestId":"8c6a3e10-f060-40c7-88b0-9749a7b1cf68","method":"GET","url":"/api/works/3","ip":"::1","sessionType":"anonymous","userId":null,"role":null}
2026-05-24 16:58:23 [INFO] [request] HTTP request finished {"requestId":"8c6a3e10-f060-40c7-88b0-9749a7b1cf68","method":"GET","url":"/api/works/3","statusCode":200,"durationMs":4,"sessionType":"anonymous","userId":null,"role":null}
2026-05-24 17:08:34 [INFO] [request] HTTP request started {"requestId":"235ac441-57b3-4412-92b0-da6d1d090294","method":"GET","url":"/api/works/3","ip":"::1","sessionType":"anonymous","userId":null,"role":null}
2026-05-24 17:08:34 [INFO] [request] HTTP request finished {"requestId":"235ac441-57b3-4412-92b0-da6d1d090294","method":"GET","url":"/api/works/3","statusCode":304,"durationMs":36,"sessionType":"anonymous","userId":null,"role":null}
2026-05-24 17:08:35 [INFO] [request] HTTP request started {"requestId":"dcd08cb6-4443-48cd-bfd0-fb34d9fcb9be","method":"GET","url":"/api/works/3","ip":"::1","sessionType":"anonymous","userId":null,"role":null}
2026-05-24 17:08:35 [INFO] [request] HTTP request finished {"requestId":"dcd08cb6-4443-48cd-bfd0-fb34d9fcb9be","method":"GET","url":"/api/works/3","statusCode":200,"durationMs":3,"sessionType":"anonymous","userId":null,"role":null}
2026-05-24 17:08:37 [INFO] [request] HTTP request started {"requestId":"b1c62fe3-81f3-48a3-9b83-3a3365075182","method":"GET","url":"/api/works","ip":"::1","sessionType":"anonymous","userId":null,"role":null}
2026-05-24 17:08:37 [INFO] [work.routes] Published works requested {"requestId":"b1c62fe3-81f3-48a3-9b83-3a3365075182"}
2026-05-24 17:08:37 [INFO] [request] HTTP request started {"requestId":"c9884a60-0be0-4adf-925c-c7848a75b187","method":"GET","url":"/api/me/favorite-genres","ip":"::1","sessionType":"anonymous","userId":null,"role":null}
2026-05-24 17:08:37 [INFO] [request] HTTP request finished {"requestId":"b1c62fe3-81f3-48a3-9b83-3a3365075182","method":"GET","url":"/api/works","statusCode":304,"durationMs":2,"sessionType":"anonymous","userId":null,"role":null}
2026-05-24 17:08:37 [INFO] [request] HTTP request finished {"requestId":"c9884a60-0be0-4adf-925c-c7848a75b187","method":"GET","url":"/api/me/favorite-genres","statusCode":304,"durationMs":32,"sessionType":"anonymous","userId":"2","role":"moderator"}
2026-05-24 17:08:38 [INFO] [request] HTTP request started {"requestId":"83681eae-1ed3-4509-89cc-34c1866ba8a9","method":"GET","url":"/api/works/moderation/pending","ip":"::1","sessionType":"anonymous","userId":null,"role":null}
2026-05-24 17:08:38 [INFO] [work.routes] Pending works requested {"requestId":"83681eae-1ed3-4509-89cc-34c1866ba8a9","moderatorId":"2","count":0}
2026-05-24 17:08:38 [INFO] [request] HTTP request finished {"requestId":"83681eae-1ed3-4509-89cc-34c1866ba8a9","method":"GET","url":"/api/works/moderation/pending","statusCode":200,"durationMs":5,"sessionType":"anonymous","userId":"2","role":"moderator"}
2026-05-24 17:08:40 [INFO] [request] HTTP request started {"requestId":"73bd2f8c-cb9b-4d23-a0e2-42e0bf1ceefe","method":"GET","url":"/api/works","ip":"::1","sessionType":"anonymous","userId":null,"role":null}
2026-05-24 17:08:40 [INFO] [work.routes] Published works requested {"requestId":"73bd2f8c-cb9b-4d23-a0e2-42e0bf1ceefe"}
2026-05-24 17:08:40 [INFO] [request] HTTP request finished {"requestId":"73bd2f8c-cb9b-4d23-a0e2-42e0bf1ceefe","method":"GET","url":"/api/works","statusCode":304,"durationMs":1,"sessionType":"anonymous","userId":null,"role":null}
2026-05-24 17:08:40 [INFO] [request] HTTP request started {"requestId":"2c12a2b1-bb82-4425-ad27-2e615e212a96","method":"GET","url":"/api/me/favorite-genres","ip":"::1","sessionType":"anonymous","userId":null,"role":null}
2026-05-24 17:08:40 [INFO] [request] HTTP request finished {"requestId":"2c12a2b1-bb82-4425-ad27-2e615e212a96","method":"GET","url":"/api/me/favorite-genres","statusCode":304,"durationMs":0,"sessionType":"anonymous","userId":"2","role":"moderator"}
2026-05-24 17:08:40 [INFO] [request] HTTP request started {"requestId":"2ff30c31-6416-4f8f-8516-5de808be684c","method":"GET","url":"/api/works/my","ip":"::1","sessionType":"anonymous","userId":null,"role":null}
2026-05-24 17:08:40 [INFO] [request] HTTP request started {"requestId":"c16c0c5c-1ba1-4455-8462-6c3254dcbf31","method":"GET","url":"/api/comments/my","ip":"::1","sessionType":"anonymous","userId":null,"role":null}
2026-05-24 17:08:40 [INFO] [request] HTTP request started {"requestId":"dd151e96-10af-43af-b70a-b5c2c87d7dff","method":"GET","url":"/api/me/favorites","ip":"::1","sessionType":"anonymous","userId":null,"role":null}
2026-05-24 17:08:40 [INFO] [request] HTTP request started {"requestId":"14bff401-7b16-46b9-ad27-59fe9e82424d","method":"GET","url":"/api/me/reading-progress","ip":"::1","sessionType":"anonymous","userId":null,"role":null}
2026-05-24 17:08:40 [INFO] [work.routes] Current user works requested {"requestId":"2ff30c31-6416-4f8f-8516-5de808be684c","authorId":"2","count":1}
2026-05-24 17:08:40 [INFO] [request] HTTP request finished {"requestId":"2ff30c31-6416-4f8f-8516-5de808be684c","method":"GET","url":"/api/works/my","statusCode":304,"durationMs":3,"sessionType":"anonymous","userId":"2","role":"moderator"}
2026-05-24 17:08:40 [INFO] [comment.routes] Current user comments requested {"requestId":"c16c0c5c-1ba1-4455-8462-6c3254dcbf31","userId":"2","count":0}
2026-05-24 17:08:40 [INFO] [request] HTTP request finished {"requestId":"c16c0c5c-1ba1-4455-8462-6c3254dcbf31","method":"GET","url":"/api/comments/my","statusCode":304,"durationMs":4,"sessionType":"anonymous","userId":"2","role":"moderator"}
2026-05-24 17:08:40 [INFO] [request] HTTP request finished {"requestId":"14bff401-7b16-46b9-ad27-59fe9e82424d","method":"GET","url":"/api/me/reading-progress","statusCode":304,"durationMs":35,"sessionType":"anonymous","userId":"2","role":"moderator"}
2026-05-24 17:08:40 [INFO] [request] HTTP request finished {"requestId":"dd151e96-10af-43af-b70a-b5c2c87d7dff","method":"GET","url":"/api/me/favorites","statusCode":304,"durationMs":130,"sessionType":"anonymous","userId":"2","role":"moderator"}
2026-05-24 17:08:41 [INFO] [request] HTTP request started {"requestId":"c447de13-54f0-40de-84a9-096c9c89e22c","method":"GET","url":"/api/works/3","ip":"::1","sessionType":"anonymous","userId":null,"role":null}
2026-05-24 17:08:41 [INFO] [request] HTTP request finished {"requestId":"c447de13-54f0-40de-84a9-096c9c89e22c","method":"GET","url":"/api/works/3","statusCode":304,"durationMs":6,"sessionType":"anonymous","userId":null,"role":null}
2026-05-24 17:09:22 [INFO] [request] HTTP request started {"requestId":"45f6598e-7e60-406a-9dcf-790ae039fbdf","method":"GET","url":"/api/works","ip":"::1","sessionType":"anonymous","userId":null,"role":null}
2026-05-24 17:09:22 [INFO] [work.routes] Published works requested {"requestId":"45f6598e-7e60-406a-9dcf-790ae039fbdf"}
2026-05-24 17:09:22 [INFO] [request] HTTP request started {"requestId":"5555b53c-3bff-4488-8640-cadea4dba539","method":"GET","url":"/api/me/favorite-genres","ip":"::1","sessionType":"anonymous","userId":null,"role":null}
2026-05-24 17:09:22 [INFO] [request] HTTP request finished {"requestId":"5555b53c-3bff-4488-8640-cadea4dba539","method":"GET","url":"/api/me/favorite-genres","statusCode":304,"durationMs":35,"sessionType":"anonymous","userId":"2","role":"moderator"}
2026-05-24 17:09:22 [INFO] [request] HTTP request finished {"requestId":"45f6598e-7e60-406a-9dcf-790ae039fbdf","method":"GET","url":"/api/works","statusCode":304,"durationMs":37,"sessionType":"anonymous","userId":null,"role":null}
2026-05-24 17:09:25 [INFO] [request] HTTP request started {"requestId":"5f83efcd-06b3-4312-9476-021b5edf7247","method":"GET","url":"/api/works","ip":"::1","sessionType":"anonymous","userId":null,"role":null}
2026-05-24 17:09:25 [INFO] [work.routes] Published works requested {"requestId":"5f83efcd-06b3-4312-9476-021b5edf7247"}
2026-05-24 17:09:25 [INFO] [request] HTTP request finished {"requestId":"5f83efcd-06b3-4312-9476-021b5edf7247","method":"GET","url":"/api/works","statusCode":304,"durationMs":1,"sessionType":"anonymous","userId":null,"role":null}
2026-05-24 17:09:25 [INFO] [request] HTTP request started {"requestId":"f5bef202-b5b6-4973-b7b3-44a8244946e5","method":"GET","url":"/api/me/favorite-genres","ip":"::1","sessionType":"anonymous","userId":null,"role":null}
2026-05-24 17:09:25 [INFO] [request] HTTP request started {"requestId":"1ee0f088-bc12-4e44-98d3-a6dfdda8a304","method":"GET","url":"/api/works/my","ip":"::1","sessionType":"anonymous","userId":null,"role":null}
2026-05-24 17:09:25 [INFO] [request] HTTP request started {"requestId":"d751b4fb-db42-41de-b532-eaf5fda2edd7","method":"GET","url":"/api/comments/my","ip":"::1","sessionType":"anonymous","userId":null,"role":null}
2026-05-24 17:09:25 [INFO] [request] HTTP request started {"requestId":"83b79244-4e5d-4145-9936-0fc7314bf6f9","method":"GET","url":"/api/me/favorites","ip":"::1","sessionType":"anonymous","userId":null,"role":null}
2026-05-24 17:09:25 [INFO] [request] HTTP request started {"requestId":"cce49f4c-023e-40b1-9a5c-fd49cb9ff125","method":"GET","url":"/api/me/reading-progress","ip":"::1","sessionType":"anonymous","userId":null,"role":null}
2026-05-24 17:09:25 [INFO] [request] HTTP request finished {"requestId":"f5bef202-b5b6-4973-b7b3-44a8244946e5","method":"GET","url":"/api/me/favorite-genres","statusCode":304,"durationMs":3,"sessionType":"anonymous","userId":"2","role":"moderator"}
2026-05-24 17:09:25 [INFO] [work.routes] Current user works requested {"requestId":"1ee0f088-bc12-4e44-98d3-a6dfdda8a304","authorId":"2","count":1}
2026-05-24 17:09:25 [INFO] [request] HTTP request finished {"requestId":"1ee0f088-bc12-4e44-98d3-a6dfdda8a304","method":"GET","url":"/api/works/my","statusCode":304,"durationMs":4,"sessionType":"anonymous","userId":"2","role":"moderator"}
2026-05-24 17:09:25 [INFO] [request] HTTP request finished {"requestId":"83b79244-4e5d-4145-9936-0fc7314bf6f9","method":"GET","url":"/api/me/favorites","statusCode":304,"durationMs":36,"sessionType":"anonymous","userId":"2","role":"moderator"}
2026-05-24 17:09:25 [INFO] [comment.routes] Current user comments requested {"requestId":"d751b4fb-db42-41de-b532-eaf5fda2edd7","userId":"2","count":0}
2026-05-24 17:09:25 [INFO] [request] HTTP request finished {"requestId":"d751b4fb-db42-41de-b532-eaf5fda2edd7","method":"GET","url":"/api/comments/my","statusCode":304,"durationMs":38,"sessionType":"anonymous","userId":"2","role":"moderator"}
2026-05-24 17:09:25 [INFO] [request] HTTP request finished {"requestId":"cce49f4c-023e-40b1-9a5c-fd49cb9ff125","method":"GET","url":"/api/me/reading-progress","statusCode":304,"durationMs":41,"sessionType":"anonymous","userId":"2","role":"moderator"}
2026-05-24 17:09:26 [INFO] [request] HTTP request started {"requestId":"ff9550a4-031f-4cbe-ad99-97b6e9e7bec1","method":"GET","url":"/api/works/3","ip":"::1","sessionType":"anonymous","userId":null,"role":null}
2026-05-24 17:09:26 [INFO] [request] HTTP request finished {"requestId":"ff9550a4-031f-4cbe-ad99-97b6e9e7bec1","method":"GET","url":"/api/works/3","statusCode":304,"durationMs":3,"sessionType":"anonymous","userId":null,"role":null}
2026-05-24 17:11:09 [INFO] [request] HTTP request started {"requestId":"fd67a658-a4a9-44aa-aebd-7d3efa08bd17","method":"PUT","url":"/api/works/3","ip":"::1","sessionType":"anonymous","userId":null,"role":null}
2026-05-24 17:11:10 [INFO] [work.routes] Work updated and returned to moderation {"requestId":"fd67a658-a4a9-44aa-aebd-7d3efa08bd17","workId":"3","authorId":"2"}
2026-05-24 17:11:10 [INFO] [request] HTTP request finished {"requestId":"fd67a658-a4a9-44aa-aebd-7d3efa08bd17","method":"PUT","url":"/api/works/3","statusCode":200,"durationMs":34,"sessionType":"anonymous","userId":"2","role":"moderator"}
2026-05-24 17:11:10 [INFO] [request] HTTP request started {"requestId":"30dc00cd-4ee1-4f4e-896e-7e97a1787f15","method":"GET","url":"/api/works","ip":"::1","sessionType":"anonymous","userId":null,"role":null}
2026-05-24 17:11:10 [INFO] [work.routes] Published works requested {"requestId":"30dc00cd-4ee1-4f4e-896e-7e97a1787f15"}
2026-05-24 17:11:10 [INFO] [request] HTTP request started {"requestId":"9751e4f9-7f66-4d37-bb8b-53740d4c7641","method":"GET","url":"/api/works/my","ip":"::1","sessionType":"anonymous","userId":null,"role":null}
2026-05-24 17:11:10 [INFO] [request] HTTP request started {"requestId":"d2a9803e-1ce7-47d1-9901-7cf6992c624c","method":"GET","url":"/api/comments/my","ip":"::1","sessionType":"anonymous","userId":null,"role":null}
2026-05-24 17:11:10 [INFO] [request] HTTP request started {"requestId":"f5360ad5-8a97-46b2-b4e9-0f5a9ed92968","method":"GET","url":"/api/me/favorites","ip":"::1","sessionType":"anonymous","userId":null,"role":null}
2026-05-24 17:11:10 [INFO] [request] HTTP request started {"requestId":"4cdd469b-b01b-4160-bc65-37f46b2a535d","method":"GET","url":"/api/me/reading-progress","ip":"::1","sessionType":"anonymous","userId":null,"role":null}
2026-05-24 17:11:10 [INFO] [request] HTTP request started {"requestId":"f4ee1f65-84c8-4195-8725-cc42f9268c27","method":"GET","url":"/api/me/favorite-genres","ip":"::1","sessionType":"anonymous","userId":null,"role":null}
2026-05-24 17:11:10 [INFO] [request] HTTP request finished {"requestId":"30dc00cd-4ee1-4f4e-896e-7e97a1787f15","method":"GET","url":"/api/works","statusCode":304,"durationMs":4,"sessionType":"anonymous","userId":null,"role":null}
2026-05-24 17:11:10 [INFO] [work.routes] Current user works requested {"requestId":"9751e4f9-7f66-4d37-bb8b-53740d4c7641","authorId":"2","count":1}
2026-05-24 17:11:10 [INFO] [request] HTTP request finished {"requestId":"9751e4f9-7f66-4d37-bb8b-53740d4c7641","method":"GET","url":"/api/works/my","statusCode":200,"durationMs":41,"sessionType":"anonymous","userId":"2","role":"moderator"}
2026-05-24 17:11:10 [INFO] [request] HTTP request finished {"requestId":"f5360ad5-8a97-46b2-b4e9-0f5a9ed92968","method":"GET","url":"/api/me/favorites","statusCode":304,"durationMs":42,"sessionType":"anonymous","userId":"2","role":"moderator"}
2026-05-24 17:11:10 [INFO] [comment.routes] Current user comments requested {"requestId":"d2a9803e-1ce7-47d1-9901-7cf6992c624c","userId":"2","count":0}
2026-05-24 17:11:10 [INFO] [request] HTTP request finished {"requestId":"d2a9803e-1ce7-47d1-9901-7cf6992c624c","method":"GET","url":"/api/comments/my","statusCode":304,"durationMs":44,"sessionType":"anonymous","userId":"2","role":"moderator"}
2026-05-24 17:11:10 [INFO] [request] HTTP request finished {"requestId":"f4ee1f65-84c8-4195-8725-cc42f9268c27","method":"GET","url":"/api/me/favorite-genres","statusCode":304,"durationMs":43,"sessionType":"anonymous","userId":"2","role":"moderator"}
2026-05-24 17:11:10 [INFO] [request] HTTP request finished {"requestId":"4cdd469b-b01b-4160-bc65-37f46b2a535d","method":"GET","url":"/api/me/reading-progress","statusCode":304,"durationMs":46,"sessionType":"anonymous","userId":"2","role":"moderator"}
2026-05-24 17:11:14 [INFO] [request] HTTP request started {"requestId":"364a5df7-7238-4115-9d29-e2d173d6fe94","method":"GET","url":"/api/works/moderation/pending","ip":"::1","sessionType":"anonymous","userId":null,"role":null}
2026-05-24 17:11:14 [INFO] [work.routes] Pending works requested {"requestId":"364a5df7-7238-4115-9d29-e2d173d6fe94","moderatorId":"2","count":1}
2026-05-24 17:11:14 [INFO] [request] HTTP request finished {"requestId":"364a5df7-7238-4115-9d29-e2d173d6fe94","method":"GET","url":"/api/works/moderation/pending","statusCode":200,"durationMs":4,"sessionType":"anonymous","userId":"2","role":"moderator"}
2026-05-24 17:11:27 [INFO] [request] HTTP request started {"requestId":"0a5fcaa9-291d-4989-a74f-ae2d5c163bad","method":"GET","url":"/api/works","ip":"::1","sessionType":"anonymous","userId":null,"role":null}
2026-05-24 17:11:27 [INFO] [work.routes] Published works requested {"requestId":"0a5fcaa9-291d-4989-a74f-ae2d5c163bad"}
2026-05-24 17:11:27 [INFO] [request] HTTP request started {"requestId":"d95ac629-a6ae-4213-ac9e-47e93859e428","method":"GET","url":"/api/me/favorite-genres","ip":"::1","sessionType":"anonymous","userId":null,"role":null}
2026-05-24 17:11:27 [INFO] [request] HTTP request finished {"requestId":"0a5fcaa9-291d-4989-a74f-ae2d5c163bad","method":"GET","url":"/api/works","statusCode":304,"durationMs":36,"sessionType":"anonymous","userId":null,"role":null}
2026-05-24 17:11:27 [INFO] [request] HTTP request finished {"requestId":"d95ac629-a6ae-4213-ac9e-47e93859e428","method":"GET","url":"/api/me/favorite-genres","statusCode":304,"durationMs":35,"sessionType":"anonymous","userId":"2","role":"moderator"}
2026-05-24 17:11:29 [INFO] [request] HTTP request started {"requestId":"d31d7408-889a-49b9-afc2-82ae483cf1e1","method":"GET","url":"/api/works/1","ip":"::1","sessionType":"anonymous","userId":null,"role":null}
2026-05-24 17:11:29 [INFO] [request] HTTP request started {"requestId":"506b6ac5-26ca-4979-8920-9ffc274850ab","method":"GET","url":"/api/works/1/comments","ip":"::1","sessionType":"anonymous","userId":null,"role":null}
2026-05-24 17:11:29 [INFO] [request] HTTP request started {"requestId":"18078adf-670b-4c29-ba34-44e671b54535","method":"GET","url":"/api/me/favorites","ip":"::1","sessionType":"anonymous","userId":null,"role":null}
2026-05-24 17:11:29 [INFO] [request] HTTP request finished {"requestId":"506b6ac5-26ca-4979-8920-9ffc274850ab","method":"GET","url":"/api/works/1/comments","statusCode":200,"durationMs":4,"sessionType":"anonymous","userId":null,"role":null}
2026-05-24 17:11:29 [INFO] [request] HTTP request finished {"requestId":"d31d7408-889a-49b9-afc2-82ae483cf1e1","method":"GET","url":"/api/works/1","statusCode":200,"durationMs":8,"sessionType":"anonymous","userId":null,"role":null}
2026-05-24 17:11:29 [INFO] [request] HTTP request finished {"requestId":"18078adf-670b-4c29-ba34-44e671b54535","method":"GET","url":"/api/me/favorites","statusCode":304,"durationMs":36,"sessionType":"anonymous","userId":"2","role":"moderator"}
2026-05-24 17:11:30 [INFO] [request] HTTP request started {"requestId":"09efdaa2-57b9-4f81-b4bb-43a1dc04dc49","method":"PUT","url":"/api/me/reading-progress/1","ip":"::1","sessionType":"anonymous","userId":null,"role":null}
2026-05-24 17:11:30 [INFO] [request] HTTP request started {"requestId":"3a40cf94-ebea-44e1-b8a6-262f7b1c52eb","method":"GET","url":"/api/me/reading-progress","ip":"::1","sessionType":"anonymous","userId":null,"role":null}
2026-05-24 17:11:30 [INFO] [userActivity.routes] Reading progress saved {"requestId":"09efdaa2-57b9-4f81-b4bb-43a1dc04dc49","userId":"2","workId":"1","currentPage":0}
2026-05-24 17:11:30 [INFO] [request] HTTP request finished {"requestId":"09efdaa2-57b9-4f81-b4bb-43a1dc04dc49","method":"PUT","url":"/api/me/reading-progress/1","statusCode":200,"durationMs":4,"sessionType":"anonymous","userId":"2","role":"moderator"}
2026-05-24 17:11:30 [INFO] [request] HTTP request finished {"requestId":"3a40cf94-ebea-44e1-b8a6-262f7b1c52eb","method":"GET","url":"/api/me/reading-progress","statusCode":304,"durationMs":4,"sessionType":"anonymous","userId":"2","role":"moderator"}
2026-05-24 17:11:30 [INFO] [request] HTTP request started {"requestId":"03a96144-b130-472f-9d23-8036869d906a","method":"PUT","url":"/api/me/reading-progress/1","ip":"::1","sessionType":"anonymous","userId":null,"role":null}
2026-05-24 17:11:30 [INFO] [userActivity.routes] Reading progress saved {"requestId":"03a96144-b130-472f-9d23-8036869d906a","userId":"2","workId":"1","currentPage":1}
2026-05-24 17:11:30 [INFO] [request] HTTP request finished {"requestId":"03a96144-b130-472f-9d23-8036869d906a","method":"PUT","url":"/api/me/reading-progress/1","statusCode":200,"durationMs":2,"sessionType":"anonymous","userId":"2","role":"moderator"}
2026-05-24 17:11:48 [INFO] [request] HTTP request started {"requestId":"7a77b062-8e6c-400f-a404-0632a2ab143c","method":"POST","url":"/api/works/1/comments","ip":"::1","sessionType":"anonymous","userId":null,"role":null}
2026-05-24 17:11:48 [INFO] [work.routes] Comment created {"requestId":"7a77b062-8e6c-400f-a404-0632a2ab143c","workId":"1","commentId":"2","userId":"2"}
2026-05-24 17:11:48 [INFO] [request] HTTP request finished {"requestId":"7a77b062-8e6c-400f-a404-0632a2ab143c","method":"POST","url":"/api/works/1/comments","statusCode":201,"durationMs":36,"sessionType":"anonymous","userId":"2","role":"moderator"}
2026-05-24 17:12:35 [INFO] [request] HTTP request started {"requestId":"9d0d7ba7-01a7-41e1-991c-3f1f0c3b4b49","method":"GET","url":"/api/works/moderation/pending","ip":"::1","sessionType":"anonymous","userId":null,"role":null}
2026-05-24 17:12:35 [INFO] [work.routes] Pending works requested {"requestId":"9d0d7ba7-01a7-41e1-991c-3f1f0c3b4b49","moderatorId":"2","count":1}
2026-05-24 17:12:35 [INFO] [request] HTTP request finished {"requestId":"9d0d7ba7-01a7-41e1-991c-3f1f0c3b4b49","method":"GET","url":"/api/works/moderation/pending","statusCode":304,"durationMs":34,"sessionType":"anonymous","userId":"2","role":"moderator"}
2026-05-24 17:13:47 [INFO] [request] HTTP request started {"requestId":"6db6f16f-6601-4862-aee2-71ab47a88846","method":"PATCH","url":"/api/works/3/reject","ip":"::1","sessionType":"anonymous","userId":null,"role":null}
2026-05-24 17:13:47 [INFO] [work.routes] Work rejected {"requestId":"6db6f16f-6601-4862-aee2-71ab47a88846","workId":"3","moderatorId":"2"}
2026-05-24 17:13:47 [INFO] [request] HTTP request finished {"requestId":"6db6f16f-6601-4862-aee2-71ab47a88846","method":"PATCH","url":"/api/works/3/reject","statusCode":200,"durationMs":39,"sessionType":"anonymous","userId":"2","role":"moderator"}
2026-05-24 17:13:50 [INFO] [request] HTTP request started {"requestId":"783c5fc3-0053-4705-89ef-5a545db79692","method":"GET","url":"/api/works","ip":"::1","sessionType":"anonymous","userId":null,"role":null}
2026-05-24 17:13:50 [INFO] [work.routes] Published works requested {"requestId":"783c5fc3-0053-4705-89ef-5a545db79692"}
2026-05-24 17:13:50 [INFO] [request] HTTP request started {"requestId":"7f8a7345-cbf4-496e-a93e-7c9dfa4f70ed","method":"GET","url":"/api/me/favorite-genres","ip":"::1","sessionType":"anonymous","userId":null,"role":null}
2026-05-24 17:13:50 [INFO] [request] HTTP request finished {"requestId":"783c5fc3-0053-4705-89ef-5a545db79692","method":"GET","url":"/api/works","statusCode":200,"durationMs":5,"sessionType":"anonymous","userId":null,"role":null}
2026-05-24 17:13:50 [INFO] [request] HTTP request finished {"requestId":"7f8a7345-cbf4-496e-a93e-7c9dfa4f70ed","method":"GET","url":"/api/me/favorite-genres","statusCode":304,"durationMs":41,"sessionType":"anonymous","userId":"2","role":"moderator"}
2026-05-24 17:13:51 [INFO] [request] HTTP request started {"requestId":"0dedd54a-5459-4ae0-8353-866b82e0aacd","method":"GET","url":"/api/works","ip":"::1","sessionType":"anonymous","userId":null,"role":null}
2026-05-24 17:13:51 [INFO] [work.routes] Published works requested {"requestId":"0dedd54a-5459-4ae0-8353-866b82e0aacd"}
2026-05-24 17:13:51 [INFO] [request] HTTP request started {"requestId":"9eb778e0-fa9b-459f-8ae2-1bfe45e21abc","method":"GET","url":"/api/me/favorite-genres","ip":"::1","sessionType":"anonymous","userId":null,"role":null}
2026-05-24 17:13:51 [INFO] [request] HTTP request started {"requestId":"ec0f5c6f-108e-42ea-940f-cf51f1167d20","method":"GET","url":"/api/works/my","ip":"::1","sessionType":"anonymous","userId":null,"role":null}
2026-05-24 17:13:51 [INFO] [request] HTTP request started {"requestId":"b5887f08-30af-46bf-a082-e97208cf1ef8","method":"GET","url":"/api/comments/my","ip":"::1","sessionType":"anonymous","userId":null,"role":null}
2026-05-24 17:13:51 [INFO] [request] HTTP request started {"requestId":"845943b4-de9d-4417-a049-43246467afb7","method":"GET","url":"/api/me/favorites","ip":"::1","sessionType":"anonymous","userId":null,"role":null}
2026-05-24 17:13:51 [INFO] [request] HTTP request finished {"requestId":"9eb778e0-fa9b-459f-8ae2-1bfe45e21abc","method":"GET","url":"/api/me/favorite-genres","statusCode":304,"durationMs":3,"sessionType":"anonymous","userId":"2","role":"moderator"}
2026-05-24 17:13:51 [INFO] [request] HTTP request started {"requestId":"6d1f22a6-ebe2-4db2-a937-ace59fed6250","method":"GET","url":"/api/me/reading-progress","ip":"::1","sessionType":"anonymous","userId":null,"role":null}
2026-05-24 17:13:51 [INFO] [request] HTTP request finished {"requestId":"0dedd54a-5459-4ae0-8353-866b82e0aacd","method":"GET","url":"/api/works","statusCode":304,"durationMs":6,"sessionType":"anonymous","userId":null,"role":null}
2026-05-24 17:13:51 [INFO] [request] HTTP request finished {"requestId":"6d1f22a6-ebe2-4db2-a937-ace59fed6250","method":"GET","url":"/api/me/reading-progress","statusCode":200,"durationMs":5,"sessionType":"anonymous","userId":"2","role":"moderator"}
2026-05-24 17:13:51 [INFO] [work.routes] Current user works requested {"requestId":"ec0f5c6f-108e-42ea-940f-cf51f1167d20","authorId":"2","count":1}
2026-05-24 17:13:51 [INFO] [request] HTTP request finished {"requestId":"ec0f5c6f-108e-42ea-940f-cf51f1167d20","method":"GET","url":"/api/works/my","statusCode":200,"durationMs":42,"sessionType":"anonymous","userId":"2","role":"moderator"}
2026-05-24 17:13:51 [INFO] [request] HTTP request finished {"requestId":"845943b4-de9d-4417-a049-43246467afb7","method":"GET","url":"/api/me/favorites","statusCode":304,"durationMs":43,"sessionType":"anonymous","userId":"2","role":"moderator"}
2026-05-24 17:13:51 [INFO] [comment.routes] Current user comments requested {"requestId":"b5887f08-30af-46bf-a082-e97208cf1ef8","userId":"2","count":1}
2026-05-24 17:13:51 [INFO] [request] HTTP request finished {"requestId":"b5887f08-30af-46bf-a082-e97208cf1ef8","method":"GET","url":"/api/comments/my","statusCode":200,"durationMs":44,"sessionType":"anonymous","userId":"2","role":"moderator"}
2026-05-24 17:13:58 [INFO] [request] HTTP request started {"requestId":"afdf8ad0-7b21-4385-81df-a879cbdf1d5e","method":"GET","url":"/api/works/3","ip":"::1","sessionType":"anonymous","userId":null,"role":null}
2026-05-24 17:13:58 [INFO] [request] HTTP request finished {"requestId":"afdf8ad0-7b21-4385-81df-a879cbdf1d5e","method":"GET","url":"/api/works/3","statusCode":200,"durationMs":3,"sessionType":"anonymous","userId":null,"role":null}
2026-05-24 17:14:53 [INFO] [request] HTTP request started {"requestId":"d81576a4-1098-4827-becb-fa66c695a1ad","method":"GET","url":"/api/works","ip":"::1","sessionType":"anonymous","userId":null,"role":null}
2026-05-24 17:14:53 [INFO] [work.routes] Published works requested {"requestId":"d81576a4-1098-4827-becb-fa66c695a1ad"}
2026-05-24 17:14:53 [INFO] [request] HTTP request started {"requestId":"3307f588-4fef-438e-9358-3c969687003b","method":"GET","url":"/api/me/favorite-genres","ip":"::1","sessionType":"anonymous","userId":null,"role":null}
2026-05-24 17:14:53 [INFO] [request] HTTP request finished {"requestId":"3307f588-4fef-438e-9358-3c969687003b","method":"GET","url":"/api/me/favorite-genres","statusCode":304,"durationMs":33,"sessionType":"anonymous","userId":"2","role":"moderator"}
2026-05-24 17:14:53 [INFO] [request] HTTP request finished {"requestId":"d81576a4-1098-4827-becb-fa66c695a1ad","method":"GET","url":"/api/works","statusCode":304,"durationMs":36,"sessionType":"anonymous","userId":null,"role":null}
2026-05-24 17:14:57 [INFO] [request] HTTP request started {"requestId":"b4eee241-95bc-496d-b399-332a6af62584","method":"GET","url":"/api/works/moderation/pending","ip":"::1","sessionType":"anonymous","userId":null,"role":null}
2026-05-24 17:14:57 [INFO] [work.routes] Pending works requested {"requestId":"b4eee241-95bc-496d-b399-332a6af62584","moderatorId":"2","count":0}
2026-05-24 17:14:57 [INFO] [request] HTTP request finished {"requestId":"b4eee241-95bc-496d-b399-332a6af62584","method":"GET","url":"/api/works/moderation/pending","statusCode":200,"durationMs":2,"sessionType":"anonymous","userId":"2","role":"moderator"}
2026-05-24 17:15:14 [INFO] [request] HTTP request started {"requestId":"b9e4df6c-769c-4553-91f3-2fe545dcd4f6","method":"GET","url":"/api/works","ip":"::1","sessionType":"anonymous","userId":null,"role":null}
2026-05-24 17:15:14 [INFO] [work.routes] Published works requested {"requestId":"b9e4df6c-769c-4553-91f3-2fe545dcd4f6"}
2026-05-24 17:15:14 [INFO] [request] HTTP request started {"requestId":"b0fb1796-7241-4007-96d6-ba61523de495","method":"GET","url":"/api/works/my","ip":"::1","sessionType":"anonymous","userId":null,"role":null}
2026-05-24 17:15:14 [INFO] [request] HTTP request started {"requestId":"9fca8856-2d30-4845-932d-1e0e6c4b6b6e","method":"GET","url":"/api/comments/my","ip":"::1","sessionType":"anonymous","userId":null,"role":null}
2026-05-24 17:15:14 [INFO] [request] HTTP request started {"requestId":"d22ff7e9-41e0-4d04-bd45-6c87987adb24","method":"GET","url":"/api/me/favorites","ip":"::1","sessionType":"anonymous","userId":null,"role":null}
2026-05-24 17:15:14 [INFO] [request] HTTP request started {"requestId":"3669e9b1-1760-45a6-bd9f-def0c0913a9b","method":"GET","url":"/api/me/reading-progress","ip":"::1","sessionType":"anonymous","userId":null,"role":null}
2026-05-24 17:15:14 [INFO] [request] HTTP request started {"requestId":"df634b83-0710-4250-b41b-1615df61b4c1","method":"GET","url":"/api/me/favorite-genres","ip":"::1","sessionType":"anonymous","userId":null,"role":null}
2026-05-24 17:15:14 [INFO] [request] HTTP request finished {"requestId":"b9e4df6c-769c-4553-91f3-2fe545dcd4f6","method":"GET","url":"/api/works","statusCode":304,"durationMs":46,"sessionType":"anonymous","userId":null,"role":null}
2026-05-24 17:15:14 [INFO] [work.routes] Current user works requested {"requestId":"b0fb1796-7241-4007-96d6-ba61523de495","authorId":"2","count":1}
2026-05-24 17:15:14 [INFO] [request] HTTP request finished {"requestId":"b0fb1796-7241-4007-96d6-ba61523de495","method":"GET","url":"/api/works/my","statusCode":304,"durationMs":48,"sessionType":"anonymous","userId":"2","role":"moderator"}
2026-05-24 17:15:14 [INFO] [comment.routes] Current user comments requested {"requestId":"9fca8856-2d30-4845-932d-1e0e6c4b6b6e","userId":"2","count":1}
2026-05-24 17:15:14 [INFO] [request] HTTP request finished {"requestId":"9fca8856-2d30-4845-932d-1e0e6c4b6b6e","method":"GET","url":"/api/comments/my","statusCode":304,"durationMs":49,"sessionType":"anonymous","userId":"2","role":"moderator"}
2026-05-24 17:15:14 [INFO] [request] HTTP request finished {"requestId":"df634b83-0710-4250-b41b-1615df61b4c1","method":"GET","url":"/api/me/favorite-genres","statusCode":304,"durationMs":50,"sessionType":"anonymous","userId":"2","role":"moderator"}
2026-05-24 17:15:14 [INFO] [request] HTTP request finished {"requestId":"d22ff7e9-41e0-4d04-bd45-6c87987adb24","method":"GET","url":"/api/me/favorites","statusCode":304,"durationMs":52,"sessionType":"anonymous","userId":"2","role":"moderator"}
2026-05-24 17:15:14 [INFO] [request] HTTP request finished {"requestId":"3669e9b1-1760-45a6-bd9f-def0c0913a9b","method":"GET","url":"/api/me/reading-progress","statusCode":304,"durationMs":55,"sessionType":"anonymous","userId":"2","role":"moderator"}
2026-05-24 17:16:36 [INFO] [request] HTTP request started {"requestId":"1c028347-9eb2-4b80-9991-b08874379190","method":"GET","url":"/api/works","ip":"::1","sessionType":"anonymous","userId":null,"role":null}
2026-05-24 17:16:36 [INFO] [work.routes] Published works requested {"requestId":"1c028347-9eb2-4b80-9991-b08874379190"}
2026-05-24 17:16:36 [INFO] [request] HTTP request started {"requestId":"ab402a31-0029-46da-b46a-c4a323c8e333","method":"GET","url":"/api/me/favorite-genres","ip":"::1","sessionType":"anonymous","userId":null,"role":null}
2026-05-24 17:16:36 [INFO] [request] HTTP request finished {"requestId":"1c028347-9eb2-4b80-9991-b08874379190","method":"GET","url":"/api/works","statusCode":304,"durationMs":37,"sessionType":"anonymous","userId":null,"role":null}
2026-05-24 17:16:36 [INFO] [request] HTTP request finished {"requestId":"ab402a31-0029-46da-b46a-c4a323c8e333","method":"GET","url":"/api/me/favorite-genres","statusCode":304,"durationMs":37,"sessionType":"anonymous","userId":"2","role":"moderator"}
2026-05-24 17:16:39 [INFO] [request] HTTP request started {"requestId":"ae5e9929-d736-4440-a5fd-c0b2b717878e","method":"GET","url":"/api/works/1","ip":"::1","sessionType":"anonymous","userId":null,"role":null}
2026-05-24 17:16:39 [INFO] [request] HTTP request started {"requestId":"7e9fc200-6aad-4876-a0f4-64253c422d8c","method":"GET","url":"/api/works/1/comments","ip":"::1","sessionType":"anonymous","userId":null,"role":null}
2026-05-24 17:16:39 [INFO] [request] HTTP request started {"requestId":"39cbde6e-5f49-4a76-932c-c0602685c195","method":"GET","url":"/api/me/favorites","ip":"::1","sessionType":"anonymous","userId":null,"role":null}
2026-05-24 17:16:39 [INFO] [request] HTTP request finished {"requestId":"7e9fc200-6aad-4876-a0f4-64253c422d8c","method":"GET","url":"/api/works/1/comments","statusCode":200,"durationMs":3,"sessionType":"anonymous","userId":null,"role":null}
2026-05-24 17:16:39 [INFO] [request] HTTP request finished {"requestId":"ae5e9929-d736-4440-a5fd-c0b2b717878e","method":"GET","url":"/api/works/1","statusCode":200,"durationMs":7,"sessionType":"anonymous","userId":null,"role":null}
2026-05-24 17:16:39 [INFO] [request] HTTP request started {"requestId":"9e09592b-a8ac-4c29-b2e5-18a2c4646afe","method":"GET","url":"/api/me/reading-progress","ip":"::1","sessionType":"anonymous","userId":null,"role":null}
2026-05-24 17:16:39 [INFO] [request] HTTP request started {"requestId":"95869d04-c6eb-4d79-8638-67cb92e0839f","method":"PUT","url":"/api/me/reading-progress/1","ip":"::1","sessionType":"anonymous","userId":null,"role":null}
2026-05-24 17:16:39 [INFO] [userActivity.routes] Reading progress saved {"requestId":"95869d04-c6eb-4d79-8638-67cb92e0839f","userId":"2","workId":"1","currentPage":0}
2026-05-24 17:16:39 [INFO] [request] HTTP request finished {"requestId":"95869d04-c6eb-4d79-8638-67cb92e0839f","method":"PUT","url":"/api/me/reading-progress/1","statusCode":200,"durationMs":3,"sessionType":"anonymous","userId":"2","role":"moderator"}
2026-05-24 17:16:39 [INFO] [request] HTTP request finished {"requestId":"9e09592b-a8ac-4c29-b2e5-18a2c4646afe","method":"GET","url":"/api/me/reading-progress","statusCode":200,"durationMs":3,"sessionType":"anonymous","userId":"2","role":"moderator"}
2026-05-24 17:16:39 [INFO] [request] HTTP request finished {"requestId":"39cbde6e-5f49-4a76-932c-c0602685c195","method":"GET","url":"/api/me/favorites","statusCode":304,"durationMs":41,"sessionType":"anonymous","userId":"2","role":"moderator"}
2026-05-24 17:16:42 [INFO] [request] HTTP request started {"requestId":"95669616-9ac7-4a58-b538-cc7a6bd5a0d2","method":"PUT","url":"/api/me/reading-progress/1","ip":"::1","sessionType":"anonymous","userId":null,"role":null}
2026-05-24 17:16:42 [INFO] [userActivity.routes] Reading progress saved {"requestId":"95669616-9ac7-4a58-b538-cc7a6bd5a0d2","userId":"2","workId":"1","currentPage":1}
2026-05-24 17:16:42 [INFO] [request] HTTP request finished {"requestId":"95669616-9ac7-4a58-b538-cc7a6bd5a0d2","method":"PUT","url":"/api/me/reading-progress/1","statusCode":200,"durationMs":2,"sessionType":"anonymous","userId":"2","role":"moderator"}
2026-05-24 17:16:44 [INFO] [request] HTTP request started {"requestId":"cf78373e-9dbf-4d46-9ce2-19a6b3c73caa","method":"PUT","url":"/api/me/reading-progress/1","ip":"::1","sessionType":"anonymous","userId":null,"role":null}
2026-05-24 17:16:44 [INFO] [userActivity.routes] Reading progress saved {"requestId":"cf78373e-9dbf-4d46-9ce2-19a6b3c73caa","userId":"2","workId":"1","currentPage":0}
2026-05-24 17:16:44 [INFO] [request] HTTP request finished {"requestId":"cf78373e-9dbf-4d46-9ce2-19a6b3c73caa","method":"PUT","url":"/api/me/reading-progress/1","statusCode":200,"durationMs":4,"sessionType":"anonymous","userId":"2","role":"moderator"}
2026-05-24 17:19:48 [INFO] [request] HTTP request started {"requestId":"f6ea280b-308e-4886-b68e-0d6b0d2d6191","method":"PUT","url":"/api/me/reading-progress/1","ip":"::1","sessionType":"anonymous","userId":null,"role":null}
2026-05-24 17:19:48 [INFO] [userActivity.routes] Reading progress saved {"requestId":"f6ea280b-308e-4886-b68e-0d6b0d2d6191","userId":"2","workId":"1","currentPage":1}
2026-05-24 17:19:48 [INFO] [request] HTTP request finished {"requestId":"f6ea280b-308e-4886-b68e-0d6b0d2d6191","method":"PUT","url":"/api/me/reading-progress/1","statusCode":200,"durationMs":28,"sessionType":"anonymous","userId":"2","role":"moderator"}
2026-05-24 17:19:50 [INFO] [request] HTTP request started {"requestId":"68bcc8ce-6140-49d5-907f-ae70e91650ea","method":"PUT","url":"/api/me/reading-progress/1","ip":"::1","sessionType":"anonymous","userId":null,"role":null}
2026-05-24 17:19:50 [INFO] [userActivity.routes] Reading progress saved {"requestId":"68bcc8ce-6140-49d5-907f-ae70e91650ea","userId":"2","workId":"1","currentPage":0}
2026-05-24 17:19:50 [INFO] [request] HTTP request finished {"requestId":"68bcc8ce-6140-49d5-907f-ae70e91650ea","method":"PUT","url":"/api/me/reading-progress/1","statusCode":200,"durationMs":4,"sessionType":"anonymous","userId":"2","role":"moderator"}
2026-05-24 17:19:52 [INFO] [request] HTTP request started {"requestId":"a81967f6-8834-4369-a55c-41e5bf19f1a3","method":"GET","url":"/api/works","ip":"::1","sessionType":"anonymous","userId":null,"role":null}
2026-05-24 17:19:52 [INFO] [work.routes] Published works requested {"requestId":"a81967f6-8834-4369-a55c-41e5bf19f1a3"}
2026-05-24 17:19:52 [INFO] [request] HTTP request started {"requestId":"55ee99af-c0a0-42ba-ab53-340b3318ccb3","method":"GET","url":"/api/me/favorite-genres","ip":"::1","sessionType":"anonymous","userId":null,"role":null}
2026-05-24 17:19:52 [INFO] [request] HTTP request finished {"requestId":"a81967f6-8834-4369-a55c-41e5bf19f1a3","method":"GET","url":"/api/works","statusCode":304,"durationMs":5,"sessionType":"anonymous","userId":null,"role":null}
2026-05-24 17:19:52 [INFO] [request] HTTP request finished {"requestId":"55ee99af-c0a0-42ba-ab53-340b3318ccb3","method":"GET","url":"/api/me/favorite-genres","statusCode":304,"durationMs":40,"sessionType":"anonymous","userId":"2","role":"moderator"}
2026-05-24 17:19:53 [INFO] [request] HTTP request started {"requestId":"0fbd3fd8-bbbf-4635-99a7-8b0bd76992ac","method":"GET","url":"/api/works/moderation/pending","ip":"::1","sessionType":"anonymous","userId":null,"role":null}
2026-05-24 17:19:53 [INFO] [work.routes] Pending works requested {"requestId":"0fbd3fd8-bbbf-4635-99a7-8b0bd76992ac","moderatorId":"2","count":0}
2026-05-24 17:19:53 [INFO] [request] HTTP request finished {"requestId":"0fbd3fd8-bbbf-4635-99a7-8b0bd76992ac","method":"GET","url":"/api/works/moderation/pending","statusCode":304,"durationMs":4,"sessionType":"anonymous","userId":"2","role":"moderator"}
2026-05-24 17:19:57 [INFO] [request] HTTP request started {"requestId":"ec6bdbf8-871f-4518-9811-814f61a6a9b6","method":"GET","url":"/api/works","ip":"::1","sessionType":"anonymous","userId":null,"role":null}
2026-05-24 17:19:57 [INFO] [work.routes] Published works requested {"requestId":"ec6bdbf8-871f-4518-9811-814f61a6a9b6"}
2026-05-24 17:19:57 [INFO] [request] HTTP request finished {"requestId":"ec6bdbf8-871f-4518-9811-814f61a6a9b6","method":"GET","url":"/api/works","statusCode":304,"durationMs":1,"sessionType":"anonymous","userId":null,"role":null}
2026-05-24 17:19:57 [INFO] [request] HTTP request started {"requestId":"051da0c5-e053-4f52-83cf-bc266fe27f61","method":"GET","url":"/api/me/favorite-genres","ip":"::1","sessionType":"anonymous","userId":null,"role":null}
2026-05-24 17:19:57 [INFO] [request] HTTP request finished {"requestId":"051da0c5-e053-4f52-83cf-bc266fe27f61","method":"GET","url":"/api/me/favorite-genres","statusCode":304,"durationMs":1,"sessionType":"anonymous","userId":"2","role":"moderator"}
2026-05-24 17:19:57 [INFO] [request] HTTP request started {"requestId":"602757cb-84c5-4cc0-8073-9d4a0a823518","method":"GET","url":"/api/works/my","ip":"::1","sessionType":"anonymous","userId":null,"role":null}
2026-05-24 17:19:57 [INFO] [work.routes] Current user works requested {"requestId":"602757cb-84c5-4cc0-8073-9d4a0a823518","authorId":"2","count":1}
2026-05-24 17:19:57 [INFO] [request] HTTP request finished {"requestId":"602757cb-84c5-4cc0-8073-9d4a0a823518","method":"GET","url":"/api/works/my","statusCode":304,"durationMs":2,"sessionType":"anonymous","userId":"2","role":"moderator"}
2026-05-24 17:19:57 [INFO] [request] HTTP request started {"requestId":"9cc85598-38a2-4d96-94ea-52203aa199d1","method":"GET","url":"/api/comments/my","ip":"::1","sessionType":"anonymous","userId":null,"role":null}
2026-05-24 17:19:57 [INFO] [request] HTTP request started {"requestId":"63e0d5f3-8049-4989-bef8-54b013fc8691","method":"GET","url":"/api/me/favorites","ip":"::1","sessionType":"anonymous","userId":null,"role":null}
2026-05-24 17:19:57 [INFO] [request] HTTP request started {"requestId":"6e60d38c-14da-484d-a314-aa6991675703","method":"GET","url":"/api/me/reading-progress","ip":"::1","sessionType":"anonymous","userId":null,"role":null}
2026-05-24 17:19:57 [INFO] [request] HTTP request finished {"requestId":"63e0d5f3-8049-4989-bef8-54b013fc8691","method":"GET","url":"/api/me/favorites","statusCode":304,"durationMs":2,"sessionType":"anonymous","userId":"2","role":"moderator"}
2026-05-24 17:19:57 [INFO] [comment.routes] Current user comments requested {"requestId":"9cc85598-38a2-4d96-94ea-52203aa199d1","userId":"2","count":1}
2026-05-24 17:19:57 [INFO] [request] HTTP request finished {"requestId":"9cc85598-38a2-4d96-94ea-52203aa199d1","method":"GET","url":"/api/comments/my","statusCode":304,"durationMs":4,"sessionType":"anonymous","userId":"2","role":"moderator"}
2026-05-24 17:19:57 [INFO] [request] HTTP request finished {"requestId":"6e60d38c-14da-484d-a314-aa6991675703","method":"GET","url":"/api/me/reading-progress","statusCode":200,"durationMs":34,"sessionType":"anonymous","userId":"2","role":"moderator"}
2026-05-24 17:20:03 [INFO] [request] HTTP request started {"requestId":"c8951d16-68a1-4d3b-a1db-38972efd7b64","method":"GET","url":"/api/works/3","ip":"::1","sessionType":"anonymous","userId":null,"role":null}
2026-05-24 17:20:03 [INFO] [request] HTTP request finished {"requestId":"c8951d16-68a1-4d3b-a1db-38972efd7b64","method":"GET","url":"/api/works/3","statusCode":304,"durationMs":3,"sessionType":"anonymous","userId":null,"role":null}
2026-05-24 17:20:41 [INFO] [request] HTTP request started {"requestId":"d2f68d9f-0e2e-4c2e-a8e3-8024aeff1b7e","method":"GET","url":"/api/works","ip":"::1","sessionType":"anonymous","userId":null,"role":null}
2026-05-24 17:20:41 [INFO] [work.routes] Published works requested {"requestId":"d2f68d9f-0e2e-4c2e-a8e3-8024aeff1b7e"}
2026-05-24 17:20:41 [INFO] [request] HTTP request started {"requestId":"1bb56b46-7e4c-423c-aa6f-97ee34944bb1","method":"GET","url":"/api/works/my","ip":"::1","sessionType":"anonymous","userId":null,"role":null}
2026-05-24 17:20:41 [INFO] [request] HTTP request started {"requestId":"11afeefc-6e55-4926-847a-038ffc1f4abc","method":"GET","url":"/api/comments/my","ip":"::1","sessionType":"anonymous","userId":null,"role":null}
2026-05-24 17:20:41 [INFO] [request] HTTP request started {"requestId":"3c541116-3143-40a5-bfa5-a4e300e29ca1","method":"GET","url":"/api/me/favorites","ip":"::1","sessionType":"anonymous","userId":null,"role":null}
2026-05-24 17:20:41 [INFO] [request] HTTP request started {"requestId":"b7ba4699-2a0f-410b-9be2-857c43561cc3","method":"GET","url":"/api/me/reading-progress","ip":"::1","sessionType":"anonymous","userId":null,"role":null}
2026-05-24 17:20:41 [INFO] [request] HTTP request started {"requestId":"06f5a6a6-5d01-4cca-ad2d-aba6b932e86e","method":"GET","url":"/api/me/favorite-genres","ip":"::1","sessionType":"anonymous","userId":null,"role":null}
2026-05-24 17:20:41 [INFO] [work.routes] Current user works requested {"requestId":"1bb56b46-7e4c-423c-aa6f-97ee34944bb1","authorId":"2","count":1}
2026-05-24 17:20:41 [INFO] [request] HTTP request finished {"requestId":"1bb56b46-7e4c-423c-aa6f-97ee34944bb1","method":"GET","url":"/api/works/my","statusCode":304,"durationMs":44,"sessionType":"anonymous","userId":"2","role":"moderator"}
2026-05-24 17:20:41 [INFO] [request] HTTP request finished {"requestId":"3c541116-3143-40a5-bfa5-a4e300e29ca1","method":"GET","url":"/api/me/favorites","statusCode":304,"durationMs":45,"sessionType":"anonymous","userId":"2","role":"moderator"}
2026-05-24 17:20:41 [INFO] [comment.routes] Current user comments requested {"requestId":"11afeefc-6e55-4926-847a-038ffc1f4abc","userId":"2","count":1}
2026-05-24 17:20:41 [INFO] [request] HTTP request finished {"requestId":"11afeefc-6e55-4926-847a-038ffc1f4abc","method":"GET","url":"/api/comments/my","statusCode":304,"durationMs":47,"sessionType":"anonymous","userId":"2","role":"moderator"}
2026-05-24 17:20:41 [INFO] [request] HTTP request finished {"requestId":"06f5a6a6-5d01-4cca-ad2d-aba6b932e86e","method":"GET","url":"/api/me/favorite-genres","statusCode":304,"durationMs":47,"sessionType":"anonymous","userId":"2","role":"moderator"}
2026-05-24 17:20:41 [INFO] [request] HTTP request finished {"requestId":"b7ba4699-2a0f-410b-9be2-857c43561cc3","method":"GET","url":"/api/me/reading-progress","statusCode":304,"durationMs":50,"sessionType":"anonymous","userId":"2","role":"moderator"}
2026-05-24 17:20:41 [INFO] [request] HTTP request finished {"requestId":"d2f68d9f-0e2e-4c2e-a8e3-8024aeff1b7e","method":"GET","url":"/api/works","statusCode":304,"durationMs":139,"sessionType":"anonymous","userId":null,"role":null}
2026-05-24 17:21:04 [INFO] [request] HTTP request started {"requestId":"2733d45a-8738-4b99-b65c-8531d5969217","method":"GET","url":"/api/works","ip":"::1","sessionType":"anonymous","userId":null,"role":null}
2026-05-24 17:21:04 [INFO] [work.routes] Published works requested {"requestId":"2733d45a-8738-4b99-b65c-8531d5969217"}
2026-05-24 17:21:04 [INFO] [request] HTTP request started {"requestId":"75dbfd2c-b172-4ea6-b044-40d12c053f19","method":"GET","url":"/api/works/my","ip":"::1","sessionType":"anonymous","userId":null,"role":null}
2026-05-24 17:21:04 [INFO] [request] HTTP request started {"requestId":"5f0950d7-be42-4eff-93e3-6cff25588651","method":"GET","url":"/api/comments/my","ip":"::1","sessionType":"anonymous","userId":null,"role":null}
2026-05-24 17:21:04 [INFO] [request] HTTP request started {"requestId":"f962725d-c4f6-4457-8d6e-167ca5309db8","method":"GET","url":"/api/me/favorites","ip":"::1","sessionType":"anonymous","userId":null,"role":null}
2026-05-24 17:21:04 [INFO] [request] HTTP request started {"requestId":"73827804-1c12-4b84-82f2-89a13c2294f8","method":"GET","url":"/api/me/reading-progress","ip":"::1","sessionType":"anonymous","userId":null,"role":null}
2026-05-24 17:21:04 [INFO] [request] HTTP request started {"requestId":"d8aa708f-d61f-4ce5-ab19-ccc042833ff9","method":"GET","url":"/api/me/favorite-genres","ip":"::1","sessionType":"anonymous","userId":null,"role":null}
2026-05-24 17:21:04 [INFO] [request] HTTP request finished {"requestId":"2733d45a-8738-4b99-b65c-8531d5969217","method":"GET","url":"/api/works","statusCode":304,"durationMs":46,"sessionType":"anonymous","userId":null,"role":null}
2026-05-24 17:21:04 [INFO] [work.routes] Current user works requested {"requestId":"75dbfd2c-b172-4ea6-b044-40d12c053f19","authorId":"2","count":1}
2026-05-24 17:21:04 [INFO] [request] HTTP request finished {"requestId":"75dbfd2c-b172-4ea6-b044-40d12c053f19","method":"GET","url":"/api/works/my","statusCode":304,"durationMs":45,"sessionType":"anonymous","userId":"2","role":"moderator"}
2026-05-24 17:21:04 [INFO] [request] HTTP request finished {"requestId":"f962725d-c4f6-4457-8d6e-167ca5309db8","method":"GET","url":"/api/me/favorites","statusCode":304,"durationMs":44,"sessionType":"anonymous","userId":"2","role":"moderator"}
2026-05-24 17:21:04 [INFO] [comment.routes] Current user comments requested {"requestId":"5f0950d7-be42-4eff-93e3-6cff25588651","userId":"2","count":1}
2026-05-24 17:21:04 [INFO] [request] HTTP request finished {"requestId":"5f0950d7-be42-4eff-93e3-6cff25588651","method":"GET","url":"/api/comments/my","statusCode":304,"durationMs":47,"sessionType":"anonymous","userId":"2","role":"moderator"}
2026-05-24 17:21:04 [INFO] [request] HTTP request finished {"requestId":"d8aa708f-d61f-4ce5-ab19-ccc042833ff9","method":"GET","url":"/api/me/favorite-genres","statusCode":304,"durationMs":47,"sessionType":"anonymous","userId":"2","role":"moderator"}
2026-05-24 17:21:04 [INFO] [request] HTTP request finished {"requestId":"73827804-1c12-4b84-82f2-89a13c2294f8","method":"GET","url":"/api/me/reading-progress","statusCode":304,"durationMs":50,"sessionType":"anonymous","userId":"2","role":"moderator"}
2026-05-24 17:21:56 [INFO] [request] HTTP request started {"requestId":"1fa47bd1-3c9a-4f75-a6bd-03d94aec5c71","method":"GET","url":"/api/works","ip":"::1","sessionType":"anonymous","userId":null,"role":null}
2026-05-24 17:21:56 [INFO] [work.routes] Published works requested {"requestId":"1fa47bd1-3c9a-4f75-a6bd-03d94aec5c71"}
2026-05-24 17:21:56 [INFO] [request] HTTP request started {"requestId":"8e5c2206-35c5-4a14-8cb2-5d03b717fc30","method":"GET","url":"/api/works/my","ip":"::1","sessionType":"anonymous","userId":null,"role":null}
2026-05-24 17:21:56 [INFO] [request] HTTP request started {"requestId":"fdc85cf4-645b-43e7-8eed-19c24c9d0005","method":"GET","url":"/api/comments/my","ip":"::1","sessionType":"anonymous","userId":null,"role":null}
2026-05-24 17:21:56 [INFO] [request] HTTP request started {"requestId":"9c325107-23c5-4ddf-8feb-ced767d9aa09","method":"GET","url":"/api/me/favorites","ip":"::1","sessionType":"anonymous","userId":null,"role":null}
2026-05-24 17:21:56 [INFO] [request] HTTP request started {"requestId":"b37c8b2a-efc3-4bd5-b9cd-ad98372f6d3c","method":"GET","url":"/api/me/reading-progress","ip":"::1","sessionType":"anonymous","userId":null,"role":null}
2026-05-24 17:21:56 [INFO] [request] HTTP request started {"requestId":"584c014f-f9a6-4a56-91e8-419451076533","method":"GET","url":"/api/me/favorite-genres","ip":"::1","sessionType":"anonymous","userId":null,"role":null}
2026-05-24 17:21:56 [INFO] [request] HTTP request finished {"requestId":"1fa47bd1-3c9a-4f75-a6bd-03d94aec5c71","method":"GET","url":"/api/works","statusCode":304,"durationMs":41,"sessionType":"anonymous","userId":null,"role":null}
2026-05-24 17:21:56 [INFO] [work.routes] Current user works requested {"requestId":"8e5c2206-35c5-4a14-8cb2-5d03b717fc30","authorId":"2","count":1}
2026-05-24 17:21:56 [INFO] [request] HTTP request finished {"requestId":"8e5c2206-35c5-4a14-8cb2-5d03b717fc30","method":"GET","url":"/api/works/my","statusCode":304,"durationMs":41,"sessionType":"anonymous","userId":"2","role":"moderator"}
2026-05-24 17:21:56 [INFO] [request] HTTP request finished {"requestId":"9c325107-23c5-4ddf-8feb-ced767d9aa09","method":"GET","url":"/api/me/favorites","statusCode":304,"durationMs":40,"sessionType":"anonymous","userId":"2","role":"moderator"}
2026-05-24 17:21:56 [INFO] [comment.routes] Current user comments requested {"requestId":"fdc85cf4-645b-43e7-8eed-19c24c9d0005","userId":"2","count":1}
2026-05-24 17:21:56 [INFO] [request] HTTP request finished {"requestId":"fdc85cf4-645b-43e7-8eed-19c24c9d0005","method":"GET","url":"/api/comments/my","statusCode":304,"durationMs":41,"sessionType":"anonymous","userId":"2","role":"moderator"}
2026-05-24 17:21:56 [INFO] [request] HTTP request finished {"requestId":"584c014f-f9a6-4a56-91e8-419451076533","method":"GET","url":"/api/me/favorite-genres","statusCode":304,"durationMs":43,"sessionType":"anonymous","userId":"2","role":"moderator"}
2026-05-24 17:21:56 [INFO] [request] HTTP request finished {"requestId":"b37c8b2a-efc3-4bd5-b9cd-ad98372f6d3c","method":"GET","url":"/api/me/reading-progress","statusCode":304,"durationMs":152,"sessionType":"anonymous","userId":"2","role":"moderator"}
2026-05-24 17:22:03 [INFO] [request] HTTP request started {"requestId":"78a6b312-58a5-4d7e-9449-8c04cabf482c","method":"GET","url":"/api/works","ip":"::1","sessionType":"anonymous","userId":null,"role":null}
2026-05-24 17:22:03 [INFO] [work.routes] Published works requested {"requestId":"78a6b312-58a5-4d7e-9449-8c04cabf482c"}
2026-05-24 17:22:03 [INFO] [request] HTTP request started {"requestId":"5f2f2aae-cec7-495c-80f2-df65b7c85072","method":"GET","url":"/api/me/favorite-genres","ip":"::1","sessionType":"anonymous","userId":null,"role":null}
2026-05-24 17:22:03 [INFO] [request] HTTP request finished {"requestId":"5f2f2aae-cec7-495c-80f2-df65b7c85072","method":"GET","url":"/api/me/favorite-genres","statusCode":304,"durationMs":0,"sessionType":"anonymous","userId":"2","role":"moderator"}
2026-05-24 17:22:03 [INFO] [request] HTTP request finished {"requestId":"78a6b312-58a5-4d7e-9449-8c04cabf482c","method":"GET","url":"/api/works","statusCode":304,"durationMs":3,"sessionType":"anonymous","userId":null,"role":null}
2026-05-24 17:22:06 [INFO] [request] HTTP request started {"requestId":"01a2b6f1-27bb-4124-b68b-1aa123078106","method":"GET","url":"/api/works/2","ip":"::1","sessionType":"anonymous","userId":null,"role":null}
2026-05-24 17:22:06 [INFO] [request] HTTP request finished {"requestId":"01a2b6f1-27bb-4124-b68b-1aa123078106","method":"GET","url":"/api/works/2","statusCode":200,"durationMs":2,"sessionType":"anonymous","userId":null,"role":null}
2026-05-24 17:22:06 [INFO] [request] HTTP request started {"requestId":"82ddf5e5-2ee1-4f79-8b64-eefa24c063df","method":"GET","url":"/api/works/2/comments","ip":"::1","sessionType":"anonymous","userId":null,"role":null}
2026-05-24 17:22:06 [INFO] [request] HTTP request started {"requestId":"ecfc788e-24ea-446f-a39e-35f79cced271","method":"GET","url":"/api/me/favorites","ip":"::1","sessionType":"anonymous","userId":null,"role":null}
2026-05-24 17:22:06 [INFO] [request] HTTP request finished {"requestId":"82ddf5e5-2ee1-4f79-8b64-eefa24c063df","method":"GET","url":"/api/works/2/comments","statusCode":200,"durationMs":4,"sessionType":"anonymous","userId":null,"role":null}
2026-05-24 17:22:06 [INFO] [request] HTTP request finished {"requestId":"ecfc788e-24ea-446f-a39e-35f79cced271","method":"GET","url":"/api/me/favorites","statusCode":304,"durationMs":4,"sessionType":"anonymous","userId":"2","role":"moderator"}
2026-05-24 17:22:06 [INFO] [request] HTTP request started {"requestId":"6736933e-60db-44e8-a823-890d0fc7874c","method":"GET","url":"/api/me/reading-progress","ip":"::1","sessionType":"anonymous","userId":null,"role":null}
2026-05-24 17:22:06 [INFO] [request] HTTP request started {"requestId":"0400e954-fa98-4b75-bfbc-a1f4df81dec2","method":"PUT","url":"/api/me/reading-progress/2","ip":"::1","sessionType":"anonymous","userId":null,"role":null}
2026-05-24 17:22:06 [INFO] [userActivity.routes] Reading progress saved {"requestId":"0400e954-fa98-4b75-bfbc-a1f4df81dec2","userId":"2","workId":"2","currentPage":0}
2026-05-24 17:22:06 [INFO] [request] HTTP request finished {"requestId":"0400e954-fa98-4b75-bfbc-a1f4df81dec2","method":"PUT","url":"/api/me/reading-progress/2","statusCode":200,"durationMs":4,"sessionType":"anonymous","userId":"2","role":"moderator"}
2026-05-24 17:22:06 [INFO] [request] HTTP request finished {"requestId":"6736933e-60db-44e8-a823-890d0fc7874c","method":"GET","url":"/api/me/reading-progress","statusCode":200,"durationMs":6,"sessionType":"anonymous","userId":"2","role":"moderator"}
2026-05-24 17:22:10 [INFO] [request] HTTP request started {"requestId":"0372dc52-9a7b-4800-a927-45aef764c8df","method":"GET","url":"/api/works","ip":"::1","sessionType":"anonymous","userId":null,"role":null}
2026-05-24 17:22:10 [INFO] [work.routes] Published works requested {"requestId":"0372dc52-9a7b-4800-a927-45aef764c8df"}
2026-05-24 17:22:10 [INFO] [request] HTTP request started {"requestId":"5dbbc69f-d0b8-4d6b-8909-be6f70e2616a","method":"GET","url":"/api/me/favorite-genres","ip":"::1","sessionType":"anonymous","userId":null,"role":null}
2026-05-24 17:22:10 [INFO] [request] HTTP request finished {"requestId":"5dbbc69f-d0b8-4d6b-8909-be6f70e2616a","method":"GET","url":"/api/me/favorite-genres","statusCode":304,"durationMs":2,"sessionType":"anonymous","userId":"2","role":"moderator"}
2026-05-24 17:22:10 [INFO] [request] HTTP request finished {"requestId":"0372dc52-9a7b-4800-a927-45aef764c8df","method":"GET","url":"/api/works","statusCode":304,"durationMs":3,"sessionType":"anonymous","userId":null,"role":null}
2026-05-24 17:22:12 [INFO] [request] HTTP request started {"requestId":"ae4d3228-6130-434e-b1ff-9f899a31593e","method":"GET","url":"/api/works/1","ip":"::1","sessionType":"anonymous","userId":null,"role":null}
2026-05-24 17:22:12 [INFO] [request] HTTP request finished {"requestId":"ae4d3228-6130-434e-b1ff-9f899a31593e","method":"GET","url":"/api/works/1","statusCode":304,"durationMs":2,"sessionType":"anonymous","userId":null,"role":null}
2026-05-24 17:22:12 [INFO] [request] HTTP request started {"requestId":"dab1763f-300c-49af-96f0-535b855a116c","method":"GET","url":"/api/works/1/comments","ip":"::1","sessionType":"anonymous","userId":null,"role":null}
2026-05-24 17:22:12 [INFO] [request] HTTP request started {"requestId":"a2e82d0c-e9e5-4611-ac7b-e13b6683a928","method":"GET","url":"/api/me/favorites","ip":"::1","sessionType":"anonymous","userId":null,"role":null}
2026-05-24 17:22:12 [INFO] [request] HTTP request finished {"requestId":"dab1763f-300c-49af-96f0-535b855a116c","method":"GET","url":"/api/works/1/comments","statusCode":304,"durationMs":3,"sessionType":"anonymous","userId":null,"role":null}
2026-05-24 17:22:12 [INFO] [request] HTTP request finished {"requestId":"a2e82d0c-e9e5-4611-ac7b-e13b6683a928","method":"GET","url":"/api/me/favorites","statusCode":304,"durationMs":2,"sessionType":"anonymous","userId":"2","role":"moderator"}
2026-05-24 17:22:12 [INFO] [request] HTTP request started {"requestId":"90fdffb6-5201-4ad2-aee8-29239072e18a","method":"GET","url":"/api/me/reading-progress","ip":"::1","sessionType":"anonymous","userId":null,"role":null}
2026-05-24 17:22:12 [INFO] [request] HTTP request started {"requestId":"763f570f-6a64-498c-b9f3-5d5f7e7af4b8","method":"PUT","url":"/api/me/reading-progress/1","ip":"::1","sessionType":"anonymous","userId":null,"role":null}
2026-05-24 17:22:12 [INFO] [request] HTTP request finished {"requestId":"90fdffb6-5201-4ad2-aee8-29239072e18a","method":"GET","url":"/api/me/reading-progress","statusCode":304,"durationMs":1,"sessionType":"anonymous","userId":"2","role":"moderator"}
2026-05-24 17:22:12 [INFO] [userActivity.routes] Reading progress saved {"requestId":"763f570f-6a64-498c-b9f3-5d5f7e7af4b8","userId":"2","workId":"1","currentPage":0}
2026-05-24 17:22:12 [INFO] [request] HTTP request finished {"requestId":"763f570f-6a64-498c-b9f3-5d5f7e7af4b8","method":"PUT","url":"/api/me/reading-progress/1","statusCode":200,"durationMs":2,"sessionType":"anonymous","userId":"2","role":"moderator"}
2026-05-24 17:22:14 [INFO] [request] HTTP request started {"requestId":"9007eb97-4a67-48f2-a539-afdd2b3ce1f1","method":"PUT","url":"/api/me/reading-progress/1","ip":"::1","sessionType":"anonymous","userId":null,"role":null}
2026-05-24 17:22:14 [INFO] [userActivity.routes] Reading progress saved {"requestId":"9007eb97-4a67-48f2-a539-afdd2b3ce1f1","userId":"2","workId":"1","currentPage":1}
2026-05-24 17:22:14 [INFO] [request] HTTP request finished {"requestId":"9007eb97-4a67-48f2-a539-afdd2b3ce1f1","method":"PUT","url":"/api/me/reading-progress/1","statusCode":200,"durationMs":1,"sessionType":"anonymous","userId":"2","role":"moderator"}
2026-05-24 17:22:22 [INFO] [request] HTTP request started {"requestId":"e5ef14c5-d395-4726-8671-96477e553c0e","method":"GET","url":"/api/works","ip":"::1","sessionType":"anonymous","userId":null,"role":null}
2026-05-24 17:22:22 [INFO] [work.routes] Published works requested {"requestId":"e5ef14c5-d395-4726-8671-96477e553c0e"}
2026-05-24 17:22:22 [INFO] [request] HTTP request started {"requestId":"7364b97c-60cb-4970-97dd-7b497cbb76fd","method":"GET","url":"/api/me/favorite-genres","ip":"::1","sessionType":"anonymous","userId":null,"role":null}
2026-05-24 17:22:22 [INFO] [request] HTTP request finished {"requestId":"e5ef14c5-d395-4726-8671-96477e553c0e","method":"GET","url":"/api/works","statusCode":304,"durationMs":1,"sessionType":"anonymous","userId":null,"role":null}
2026-05-24 17:22:22 [INFO] [request] HTTP request finished {"requestId":"7364b97c-60cb-4970-97dd-7b497cbb76fd","method":"GET","url":"/api/me/favorite-genres","statusCode":304,"durationMs":131,"sessionType":"anonymous","userId":"2","role":"moderator"}
2026-05-24 17:30:12 [INFO] [request] HTTP request started {"requestId":"47781805-950a-4482-b8cf-afeb3bae4221","method":"GET","url":"/api/works","ip":"::1","sessionType":"anonymous","userId":null,"role":null}
2026-05-24 17:30:12 [INFO] [work.routes] Published works requested {"requestId":"47781805-950a-4482-b8cf-afeb3bae4221"}
2026-05-24 17:30:12 [INFO] [request] HTTP request started {"requestId":"237ba63b-94a8-4b22-b741-7774528713ae","method":"GET","url":"/api/works/my","ip":"::1","sessionType":"anonymous","userId":null,"role":null}
2026-05-24 17:30:12 [INFO] [request] HTTP request started {"requestId":"41290ca7-8913-4130-9d25-29cf82a0f73e","method":"GET","url":"/api/comments/my","ip":"::1","sessionType":"anonymous","userId":null,"role":null}
2026-05-24 17:30:12 [INFO] [request] HTTP request started {"requestId":"b1b78f8d-e577-46e0-bd84-25c6434dd97a","method":"GET","url":"/api/me/favorites","ip":"::1","sessionType":"anonymous","userId":null,"role":null}
2026-05-24 17:30:12 [INFO] [request] HTTP request started {"requestId":"276e9d81-7a4f-45cb-8c7c-f19d26b0155d","method":"GET","url":"/api/me/reading-progress","ip":"::1","sessionType":"anonymous","userId":null,"role":null}
2026-05-24 17:30:12 [INFO] [request] HTTP request started {"requestId":"481e87cc-b381-44d0-b151-f6217e022e59","method":"GET","url":"/api/me/favorite-genres","ip":"::1","sessionType":"anonymous","userId":null,"role":null}
2026-05-24 17:30:12 [INFO] [work.routes] Current user works requested {"requestId":"237ba63b-94a8-4b22-b741-7774528713ae","authorId":"2","count":1}
2026-05-24 17:30:12 [INFO] [request] HTTP request finished {"requestId":"237ba63b-94a8-4b22-b741-7774528713ae","method":"GET","url":"/api/works/my","statusCode":304,"durationMs":52,"sessionType":"anonymous","userId":"2","role":"moderator"}
2026-05-24 17:30:12 [INFO] [request] HTTP request finished {"requestId":"b1b78f8d-e577-46e0-bd84-25c6434dd97a","method":"GET","url":"/api/me/favorites","statusCode":304,"durationMs":52,"sessionType":"anonymous","userId":"2","role":"moderator"}
2026-05-24 17:30:12 [INFO] [comment.routes] Current user comments requested {"requestId":"41290ca7-8913-4130-9d25-29cf82a0f73e","userId":"2","count":1}
2026-05-24 17:30:12 [INFO] [request] HTTP request finished {"requestId":"41290ca7-8913-4130-9d25-29cf82a0f73e","method":"GET","url":"/api/comments/my","statusCode":304,"durationMs":55,"sessionType":"anonymous","userId":"2","role":"moderator"}
2026-05-24 17:30:12 [INFO] [request] HTTP request finished {"requestId":"481e87cc-b381-44d0-b151-f6217e022e59","method":"GET","url":"/api/me/favorite-genres","statusCode":304,"durationMs":54,"sessionType":"anonymous","userId":"2","role":"moderator"}
2026-05-24 17:30:12 [INFO] [request] HTTP request finished {"requestId":"276e9d81-7a4f-45cb-8c7c-f19d26b0155d","method":"GET","url":"/api/me/reading-progress","statusCode":200,"durationMs":57,"sessionType":"anonymous","userId":"2","role":"moderator"}
2026-05-24 17:30:12 [INFO] [request] HTTP request finished {"requestId":"47781805-950a-4482-b8cf-afeb3bae4221","method":"GET","url":"/api/works","statusCode":304,"durationMs":146,"sessionType":"anonymous","userId":null,"role":null}
2026-05-24 17:33:12 [INFO] [request] HTTP request started {"requestId":"6dff6e09-dbdb-462f-b28f-42656fd593ca","method":"GET","url":"/api/works","ip":"::1","sessionType":"anonymous","userId":null,"role":null}
2026-05-24 17:33:12 [INFO] [work.routes] Published works requested {"requestId":"6dff6e09-dbdb-462f-b28f-42656fd593ca"}
2026-05-24 17:33:12 [INFO] [request] HTTP request started {"requestId":"162e614c-5bd6-4707-9a84-83b4111e580c","method":"GET","url":"/api/me/favorite-genres","ip":"::1","sessionType":"anonymous","userId":null,"role":null}
2026-05-24 17:33:12 [INFO] [request] HTTP request finished {"requestId":"162e614c-5bd6-4707-9a84-83b4111e580c","method":"GET","url":"/api/me/favorite-genres","statusCode":304,"durationMs":37,"sessionType":"anonymous","userId":"2","role":"moderator"}
2026-05-24 17:33:12 [INFO] [request] HTTP request finished {"requestId":"6dff6e09-dbdb-462f-b28f-42656fd593ca","method":"GET","url":"/api/works","statusCode":304,"durationMs":40,"sessionType":"anonymous","userId":null,"role":null}
2026-05-24 17:33:18 [INFO] [request] HTTP request started {"requestId":"906e2a2f-d4f7-4c29-8e82-87db0a801a23","method":"GET","url":"/api/works/1","ip":"::1","sessionType":"anonymous","userId":null,"role":null}
2026-05-24 17:33:18 [INFO] [request] HTTP request started {"requestId":"e23a2730-338c-4cc1-b428-814dd1c1421e","method":"GET","url":"/api/works/1/comments","ip":"::1","sessionType":"anonymous","userId":null,"role":null}
2026-05-24 17:33:18 [INFO] [request] HTTP request started {"requestId":"5b4ac1d1-f140-496f-a1f0-42a547b11fcc","method":"GET","url":"/api/me/favorites","ip":"::1","sessionType":"anonymous","userId":null,"role":null}
2026-05-24 17:33:18 [INFO] [request] HTTP request finished {"requestId":"906e2a2f-d4f7-4c29-8e82-87db0a801a23","method":"GET","url":"/api/works/1","statusCode":304,"durationMs":4,"sessionType":"anonymous","userId":null,"role":null}
2026-05-24 17:33:18 [INFO] [request] HTTP request finished {"requestId":"e23a2730-338c-4cc1-b428-814dd1c1421e","method":"GET","url":"/api/works/1/comments","statusCode":304,"durationMs":5,"sessionType":"anonymous","userId":null,"role":null}
2026-05-24 17:33:18 [INFO] [request] HTTP request started {"requestId":"a53e647c-29b2-468b-9c05-e6eab3c8ad84","method":"GET","url":"/api/me/reading-progress","ip":"::1","sessionType":"anonymous","userId":null,"role":null}
2026-05-24 17:33:18 [INFO] [request] HTTP request started {"requestId":"1ba3dd56-410b-4855-93b6-b3e8e0b98a16","method":"PUT","url":"/api/me/reading-progress/1","ip":"::1","sessionType":"anonymous","userId":null,"role":null}
2026-05-24 17:33:18 [INFO] [userActivity.routes] Reading progress saved {"requestId":"1ba3dd56-410b-4855-93b6-b3e8e0b98a16","userId":"2","workId":"1","currentPage":0}
2026-05-24 17:33:18 [INFO] [request] HTTP request finished {"requestId":"1ba3dd56-410b-4855-93b6-b3e8e0b98a16","method":"PUT","url":"/api/me/reading-progress/1","statusCode":200,"durationMs":2,"sessionType":"anonymous","userId":"2","role":"moderator"}
2026-05-24 17:33:18 [INFO] [request] HTTP request finished {"requestId":"a53e647c-29b2-468b-9c05-e6eab3c8ad84","method":"GET","url":"/api/me/reading-progress","statusCode":200,"durationMs":5,"sessionType":"anonymous","userId":"2","role":"moderator"}
2026-05-24 17:33:18 [INFO] [request] HTTP request finished {"requestId":"5b4ac1d1-f140-496f-a1f0-42a547b11fcc","method":"GET","url":"/api/me/favorites","statusCode":304,"durationMs":35,"sessionType":"anonymous","userId":"2","role":"moderator"}
2026-05-24 17:33:20 [INFO] [request] HTTP request started {"requestId":"eac2e17c-439d-4297-ab92-51465d5a5368","method":"PUT","url":"/api/me/reading-progress/1","ip":"::1","sessionType":"anonymous","userId":null,"role":null}
2026-05-24 17:33:20 [INFO] [userActivity.routes] Reading progress saved {"requestId":"eac2e17c-439d-4297-ab92-51465d5a5368","userId":"2","workId":"1","currentPage":1}
2026-05-24 17:33:20 [INFO] [request] HTTP request finished {"requestId":"eac2e17c-439d-4297-ab92-51465d5a5368","method":"PUT","url":"/api/me/reading-progress/1","statusCode":200,"durationMs":3,"sessionType":"anonymous","userId":"2","role":"moderator"}
2026-05-24 17:33:23 [INFO] [request] HTTP request started {"requestId":"f1b3ed7c-0361-4ea2-9da8-7e98f779078d","method":"POST","url":"/api/comments/2/like","ip":"::1","sessionType":"anonymous","userId":null,"role":null}
2026-05-24 17:33:23 [INFO] [comment.routes] Comment like toggled {"requestId":"f1b3ed7c-0361-4ea2-9da8-7e98f779078d","commentId":"2","userId":"2"}
2026-05-24 17:33:23 [INFO] [request] HTTP request finished {"requestId":"f1b3ed7c-0361-4ea2-9da8-7e98f779078d","method":"POST","url":"/api/comments/2/like","statusCode":200,"durationMs":10,"sessionType":"anonymous","userId":"2","role":"moderator"}
2026-05-24 17:33:24 [INFO] [request] HTTP request started {"requestId":"f18c174c-4444-473c-a827-c7280aa566a8","method":"POST","url":"/api/comments/1/like","ip":"::1","sessionType":"anonymous","userId":null,"role":null}
2026-05-24 17:33:24 [INFO] [comment.routes] Comment like toggled {"requestId":"f18c174c-4444-473c-a827-c7280aa566a8","commentId":"1","userId":"2"}
2026-05-24 17:33:24 [INFO] [request] HTTP request finished {"requestId":"f18c174c-4444-473c-a827-c7280aa566a8","method":"POST","url":"/api/comments/1/like","statusCode":200,"durationMs":3,"sessionType":"anonymous","userId":"2","role":"moderator"}
2026-05-24 17:33:24 [INFO] [request] HTTP request started {"requestId":"663320aa-86f6-4551-81ea-355dd5176bf6","method":"POST","url":"/api/comments/1/like","ip":"::1","sessionType":"anonymous","userId":null,"role":null}
2026-05-24 17:33:24 [INFO] [comment.routes] Comment like toggled {"requestId":"663320aa-86f6-4551-81ea-355dd5176bf6","commentId":"1","userId":"2"}
2026-05-24 17:33:24 [INFO] [request] HTTP request finished {"requestId":"663320aa-86f6-4551-81ea-355dd5176bf6","method":"POST","url":"/api/comments/1/like","statusCode":200,"durationMs":4,"sessionType":"anonymous","userId":"2","role":"moderator"}
2026-05-24 17:33:25 [INFO] [request] HTTP request started {"requestId":"5a99836b-d24b-433e-a9b6-90dc89722fb2","method":"POST","url":"/api/comments/2/like","ip":"::1","sessionType":"anonymous","userId":null,"role":null}
2026-05-24 17:33:25 [INFO] [comment.routes] Comment like toggled {"requestId":"5a99836b-d24b-433e-a9b6-90dc89722fb2","commentId":"2","userId":"2"}
2026-05-24 17:33:25 [INFO] [request] HTTP request finished {"requestId":"5a99836b-d24b-433e-a9b6-90dc89722fb2","method":"POST","url":"/api/comments/2/like","statusCode":200,"durationMs":4,"sessionType":"anonymous","userId":"2","role":"moderator"}
2026-05-24 17:33:37 [INFO] [request] HTTP request started {"requestId":"4190d04a-84ed-4082-aa9a-7d8925cf815c","method":"GET","url":"/api/works","ip":"::1","sessionType":"anonymous","userId":null,"role":null}
2026-05-24 17:33:37 [INFO] [work.routes] Published works requested {"requestId":"4190d04a-84ed-4082-aa9a-7d8925cf815c"}
2026-05-24 17:33:37 [INFO] [request] HTTP request started {"requestId":"c6fb97f6-6f56-4d55-aff5-83c8bd431286","method":"GET","url":"/api/me/favorite-genres","ip":"::1","sessionType":"anonymous","userId":null,"role":null}
2026-05-24 17:33:37 [INFO] [request] HTTP request finished {"requestId":"c6fb97f6-6f56-4d55-aff5-83c8bd431286","method":"GET","url":"/api/me/favorite-genres","statusCode":304,"durationMs":33,"sessionType":"anonymous","userId":"2","role":"moderator"}
2026-05-24 17:33:37 [INFO] [request] HTTP request finished {"requestId":"4190d04a-84ed-4082-aa9a-7d8925cf815c","method":"GET","url":"/api/works","statusCode":304,"durationMs":36,"sessionType":"anonymous","userId":null,"role":null}
2026-05-24 17:33:57 [INFO] [request] HTTP request started {"requestId":"3a43b4ff-25d3-46b1-bd5e-68e0fc7263a9","method":"GET","url":"/api/works/moderation/pending","ip":"::1","sessionType":"anonymous","userId":null,"role":null}
2026-05-24 17:33:57 [INFO] [work.routes] Pending works requested {"requestId":"3a43b4ff-25d3-46b1-bd5e-68e0fc7263a9","moderatorId":"2","count":0}
2026-05-24 17:33:57 [INFO] [request] HTTP request finished {"requestId":"3a43b4ff-25d3-46b1-bd5e-68e0fc7263a9","method":"GET","url":"/api/works/moderation/pending","statusCode":304,"durationMs":33,"sessionType":"anonymous","userId":"2","role":"moderator"}
2026-05-24 17:33:59 [INFO] [request] HTTP request started {"requestId":"e23c30ce-c23a-47cc-b01a-9b88e74ef9d6","method":"GET","url":"/api/admin/stats","ip":"::1","sessionType":"anonymous","userId":null,"role":null}
2026-05-24 17:33:59 [INFO] [adminStats.routes] Admin stats requested {"requestId":"e23c30ce-c23a-47cc-b01a-9b88e74ef9d6","userId":"2","role":"moderator"}
2026-05-24 17:33:59 [INFO] [request] HTTP request finished {"requestId":"e23c30ce-c23a-47cc-b01a-9b88e74ef9d6","method":"GET","url":"/api/admin/stats","statusCode":200,"durationMs":138,"sessionType":"anonymous","userId":"2","role":"moderator"}
2026-05-24 17:44:19 [INFO] [request] HTTP request started {"requestId":"098bde89-a74e-4d4d-b8a8-b69c67499bd8","method":"GET","url":"/api/works","ip":"::1","sessionType":"anonymous","userId":null,"role":null}
2026-05-24 17:44:19 [INFO] [work.routes] Published works requested {"requestId":"098bde89-a74e-4d4d-b8a8-b69c67499bd8"}
2026-05-24 17:44:19 [INFO] [request] HTTP request started {"requestId":"066a519e-e6e8-435a-b18f-569bc0d192d9","method":"GET","url":"/api/works/my","ip":"::1","sessionType":"anonymous","userId":null,"role":null}
2026-05-24 17:44:19 [INFO] [request] HTTP request started {"requestId":"3f1bbf8c-e7c2-4808-96c3-7d6f23b75275","method":"GET","url":"/api/comments/my","ip":"::1","sessionType":"anonymous","userId":null,"role":null}
2026-05-24 17:44:19 [INFO] [request] HTTP request started {"requestId":"3f27e047-e40d-4b74-b02b-fbb84756e7be","method":"GET","url":"/api/me/favorites","ip":"::1","sessionType":"anonymous","userId":null,"role":null}
2026-05-24 17:44:19 [INFO] [request] HTTP request started {"requestId":"a800a497-c1d1-4eec-9ef4-1a36a8e2eacc","method":"GET","url":"/api/me/reading-progress","ip":"::1","sessionType":"anonymous","userId":null,"role":null}
2026-05-24 17:44:19 [INFO] [request] HTTP request started {"requestId":"ea0c34b2-7c1c-4f53-8f96-1d41ef9e4350","method":"GET","url":"/api/me/favorite-genres","ip":"::1","sessionType":"anonymous","userId":null,"role":null}
2026-05-24 17:44:19 [INFO] [request] HTTP request finished {"requestId":"098bde89-a74e-4d4d-b8a8-b69c67499bd8","method":"GET","url":"/api/works","statusCode":304,"durationMs":46,"sessionType":"anonymous","userId":null,"role":null}
2026-05-24 17:44:19 [INFO] [work.routes] Current user works requested {"requestId":"066a519e-e6e8-435a-b18f-569bc0d192d9","authorId":"2","count":1}
2026-05-24 17:44:19 [INFO] [request] HTTP request finished {"requestId":"066a519e-e6e8-435a-b18f-569bc0d192d9","method":"GET","url":"/api/works/my","statusCode":304,"durationMs":46,"sessionType":"anonymous","userId":"2","role":"moderator"}
2026-05-24 17:44:19 [INFO] [request] HTTP request finished {"requestId":"3f27e047-e40d-4b74-b02b-fbb84756e7be","method":"GET","url":"/api/me/favorites","statusCode":304,"durationMs":47,"sessionType":"anonymous","userId":"2","role":"moderator"}
2026-05-24 17:44:19 [INFO] [comment.routes] Current user comments requested {"requestId":"3f1bbf8c-e7c2-4808-96c3-7d6f23b75275","userId":"2","count":1}
2026-05-24 17:44:19 [INFO] [request] HTTP request finished {"requestId":"3f1bbf8c-e7c2-4808-96c3-7d6f23b75275","method":"GET","url":"/api/comments/my","statusCode":304,"durationMs":49,"sessionType":"anonymous","userId":"2","role":"moderator"}
2026-05-24 17:44:19 [INFO] [request] HTTP request finished {"requestId":"ea0c34b2-7c1c-4f53-8f96-1d41ef9e4350","method":"GET","url":"/api/me/favorite-genres","statusCode":304,"durationMs":49,"sessionType":"anonymous","userId":"2","role":"moderator"}
2026-05-24 17:44:19 [INFO] [request] HTTP request finished {"requestId":"a800a497-c1d1-4eec-9ef4-1a36a8e2eacc","method":"GET","url":"/api/me/reading-progress","statusCode":200,"durationMs":54,"sessionType":"anonymous","userId":"2","role":"moderator"}
2026-05-24 17:46:00 [INFO] [request] HTTP request started {"requestId":"acede34c-9eda-4a6c-b6f2-7ab9baffdc13","method":"GET","url":"/api/works/1","ip":"::1","sessionType":"anonymous","userId":null,"role":null}
2026-05-24 17:46:00 [INFO] [request] HTTP request started {"requestId":"835ad46d-cdaa-482a-8b9c-90c4a8a1f510","method":"GET","url":"/api/works/1/comments","ip":"::1","sessionType":"anonymous","userId":null,"role":null}
2026-05-24 17:46:00 [INFO] [request] HTTP request started {"requestId":"fc7f4379-0c6d-4538-b3b2-9879f7a03e09","method":"GET","url":"/api/me/favorites","ip":"::1","sessionType":"anonymous","userId":null,"role":null}
2026-05-24 17:46:00 [INFO] [request] HTTP request finished {"requestId":"fc7f4379-0c6d-4538-b3b2-9879f7a03e09","method":"GET","url":"/api/me/favorites","statusCode":304,"durationMs":50,"sessionType":"anonymous","userId":"2","role":"moderator"}
2026-05-24 17:46:00 [INFO] [request] HTTP request finished {"requestId":"835ad46d-cdaa-482a-8b9c-90c4a8a1f510","method":"GET","url":"/api/works/1/comments","statusCode":304,"durationMs":50,"sessionType":"anonymous","userId":null,"role":null}
2026-05-24 17:46:00 [INFO] [request] HTTP request finished {"requestId":"acede34c-9eda-4a6c-b6f2-7ab9baffdc13","method":"GET","url":"/api/works/1","statusCode":304,"durationMs":53,"sessionType":"anonymous","userId":null,"role":null}
2026-05-24 17:46:00 [INFO] [request] HTTP request started {"requestId":"eca71e2e-8b6a-4de5-8554-0aefa9596488","method":"GET","url":"/api/me/reading-progress","ip":"::1","sessionType":"anonymous","userId":null,"role":null}
2026-05-24 17:46:00 [INFO] [request] HTTP request started {"requestId":"c34521c7-8011-4d37-a3b5-7f79c3aa125f","method":"PUT","url":"/api/me/reading-progress/1","ip":"::1","sessionType":"anonymous","userId":null,"role":null}
2026-05-24 17:46:00 [INFO] [request] HTTP request finished {"requestId":"eca71e2e-8b6a-4de5-8554-0aefa9596488","method":"GET","url":"/api/me/reading-progress","statusCode":304,"durationMs":3,"sessionType":"anonymous","userId":"2","role":"moderator"}
2026-05-24 17:46:00 [INFO] [userActivity.routes] Reading progress saved {"requestId":"c34521c7-8011-4d37-a3b5-7f79c3aa125f","userId":"2","workId":"1","currentPage":0}
2026-05-24 17:46:00 [INFO] [request] HTTP request finished {"requestId":"c34521c7-8011-4d37-a3b5-7f79c3aa125f","method":"PUT","url":"/api/me/reading-progress/1","statusCode":200,"durationMs":4,"sessionType":"anonymous","userId":"2","role":"moderator"}
2026-05-24 17:46:00 [INFO] [request] HTTP request started {"requestId":"7ba84af7-365d-4a82-af09-00deb6f2bd0d","method":"PUT","url":"/api/me/reading-progress/1","ip":"::1","sessionType":"anonymous","userId":null,"role":null}
2026-05-24 17:46:00 [INFO] [userActivity.routes] Reading progress saved {"requestId":"7ba84af7-365d-4a82-af09-00deb6f2bd0d","userId":"2","workId":"1","currentPage":1}
2026-05-24 17:46:00 [INFO] [request] HTTP request finished {"requestId":"7ba84af7-365d-4a82-af09-00deb6f2bd0d","method":"PUT","url":"/api/me/reading-progress/1","statusCode":200,"durationMs":5,"sessionType":"anonymous","userId":"2","role":"moderator"}
2026-05-24 17:46:02 [INFO] [request] HTTP request started {"requestId":"900216f9-e6c5-4981-ac30-97777fbaa1de","method":"POST","url":"/api/me/favorites/1","ip":"::1","sessionType":"anonymous","userId":null,"role":null}
2026-05-24 17:46:02 [INFO] [userActivity.routes] Favorite work toggled {"requestId":"900216f9-e6c5-4981-ac30-97777fbaa1de","userId":"2","workId":"1","isFavorite":true}
2026-05-24 17:46:02 [INFO] [request] HTTP request finished {"requestId":"900216f9-e6c5-4981-ac30-97777fbaa1de","method":"POST","url":"/api/me/favorites/1","statusCode":200,"durationMs":8,"sessionType":"anonymous","userId":"2","role":"moderator"}
2026-05-24 17:46:05 [INFO] [request] HTTP request started {"requestId":"eaffecc6-9a7e-417e-9867-d9bbf5769136","method":"GET","url":"/api/me/favorites","ip":"::1","sessionType":"anonymous","userId":null,"role":null}
2026-05-24 17:46:05 [INFO] [request] HTTP request started {"requestId":"f632844a-bd75-43fd-935d-77d1419b7c8c","method":"GET","url":"/api/me/reading-progress","ip":"::1","sessionType":"anonymous","userId":null,"role":null}
2026-05-24 17:46:05 [INFO] [request] HTTP request started {"requestId":"cdfcd81f-c20a-4cee-938a-af4fe456a99a","method":"GET","url":"/api/works","ip":"::1","sessionType":"anonymous","userId":null,"role":null}
2026-05-24 17:46:05 [INFO] [work.routes] Published works requested {"requestId":"cdfcd81f-c20a-4cee-938a-af4fe456a99a"}
2026-05-24 17:46:05 [INFO] [request] HTTP request finished {"requestId":"eaffecc6-9a7e-417e-9867-d9bbf5769136","method":"GET","url":"/api/me/favorites","statusCode":200,"durationMs":1,"sessionType":"anonymous","userId":"2","role":"moderator"}
2026-05-24 17:46:05 [INFO] [request] HTTP request finished {"requestId":"f632844a-bd75-43fd-935d-77d1419b7c8c","method":"GET","url":"/api/me/reading-progress","statusCode":200,"durationMs":1,"sessionType":"anonymous","userId":"2","role":"moderator"}
2026-05-24 17:46:05 [INFO] [request] HTTP request started {"requestId":"da108def-03fc-4eb1-9d45-1967c63d3b71","method":"GET","url":"/api/works/my","ip":"::1","sessionType":"anonymous","userId":null,"role":null}
2026-05-24 17:46:05 [INFO] [request] HTTP request started {"requestId":"c7162c44-f909-4a44-b390-65c2977c398c","method":"GET","url":"/api/comments/my","ip":"::1","sessionType":"anonymous","userId":null,"role":null}
2026-05-24 17:46:05 [INFO] [work.routes] Current user works requested {"requestId":"da108def-03fc-4eb1-9d45-1967c63d3b71","authorId":"2","count":1}
2026-05-24 17:46:05 [INFO] [request] HTTP request finished {"requestId":"da108def-03fc-4eb1-9d45-1967c63d3b71","method":"GET","url":"/api/works/my","statusCode":304,"durationMs":2,"sessionType":"anonymous","userId":"2","role":"moderator"}
2026-05-24 17:46:05 [INFO] [request] HTTP request started {"requestId":"cd0b310f-c36a-4137-b2b6-011b3721680a","method":"GET","url":"/api/me/favorite-genres","ip":"::1","sessionType":"anonymous","userId":null,"role":null}
2026-05-24 17:46:05 [INFO] [comment.routes] Current user comments requested {"requestId":"c7162c44-f909-4a44-b390-65c2977c398c","userId":"2","count":1}
2026-05-24 17:46:05 [INFO] [request] HTTP request finished {"requestId":"c7162c44-f909-4a44-b390-65c2977c398c","method":"GET","url":"/api/comments/my","statusCode":304,"durationMs":2,"sessionType":"anonymous","userId":"2","role":"moderator"}
2026-05-24 17:46:05 [INFO] [request] HTTP request finished {"requestId":"cdfcd81f-c20a-4cee-938a-af4fe456a99a","method":"GET","url":"/api/works","statusCode":304,"durationMs":5,"sessionType":"anonymous","userId":null,"role":null}
2026-05-24 17:46:05 [INFO] [request] HTTP request finished {"requestId":"cd0b310f-c36a-4137-b2b6-011b3721680a","method":"GET","url":"/api/me/favorite-genres","statusCode":304,"durationMs":2,"sessionType":"anonymous","userId":"2","role":"moderator"}
2026-05-24 17:46:19 [INFO] [request] HTTP request started {"requestId":"4b7bc5d1-1b00-4c56-bd4e-7e367a981f73","method":"GET","url":"/api/works","ip":"::1","sessionType":"anonymous","userId":null,"role":null}
2026-05-24 17:46:19 [INFO] [work.routes] Published works requested {"requestId":"4b7bc5d1-1b00-4c56-bd4e-7e367a981f73"}
2026-05-24 17:46:19 [INFO] [request] HTTP request started {"requestId":"bf7911a1-80db-4de1-bb18-19a85f75f9d0","method":"GET","url":"/api/me/favorite-genres","ip":"::1","sessionType":"anonymous","userId":null,"role":null}
2026-05-24 17:46:19 [INFO] [request] HTTP request finished {"requestId":"bf7911a1-80db-4de1-bb18-19a85f75f9d0","method":"GET","url":"/api/me/favorite-genres","statusCode":304,"durationMs":34,"sessionType":"anonymous","userId":"2","role":"moderator"}
2026-05-24 17:46:19 [INFO] [request] HTTP request finished {"requestId":"4b7bc5d1-1b00-4c56-bd4e-7e367a981f73","method":"GET","url":"/api/works","statusCode":304,"durationMs":36,"sessionType":"anonymous","userId":null,"role":null}
2026-05-24 18:16:37 [INFO] [server] Shutdown signal received {"signal":"SIGINT"}
2026-05-24 18:16:43 [INFO] [server] API running on http://localhost:4000 {"env":"development"}
2026-05-24 18:16:50 [INFO] [request] HTTP request started {"requestId":"dcd5fb4d-144d-4df5-a618-5e938087b3bb","method":"GET","url":"/api/works","ip":"::1","sessionType":"anonymous","userId":null,"role":null}
2026-05-24 18:16:50 [INFO] [work.routes] Published works requested {"requestId":"dcd5fb4d-144d-4df5-a618-5e938087b3bb"}
2026-05-24 18:16:50 [INFO] [request] HTTP request started {"requestId":"2aa36397-08b8-41fb-b4bd-c361fd6facdd","method":"GET","url":"/api/me/favorite-genres","ip":"::1","sessionType":"anonymous","userId":null,"role":null}
2026-05-24 18:16:50 [INFO] [request] HTTP request finished {"requestId":"2aa36397-08b8-41fb-b4bd-c361fd6facdd","method":"GET","url":"/api/me/favorite-genres","statusCode":304,"durationMs":36,"sessionType":"anonymous","userId":"2","role":"moderator"}
2026-05-24 18:16:50 [INFO] [request] HTTP request finished {"requestId":"dcd5fb4d-144d-4df5-a618-5e938087b3bb","method":"GET","url":"/api/works","statusCode":304,"durationMs":47,"sessionType":"anonymous","userId":null,"role":null}
2026-05-24 18:21:17 [INFO] [request] HTTP request started {"requestId":"b3a9b93e-3435-4f58-9be0-ee8de3b7fdd1","method":"POST","url":"/api/auth/register","ip":"::1","sessionType":"anonymous","userId":null,"role":null}
2026-05-24 18:21:17 [INFO] [auth.routes] User registered {"requestId":"b3a9b93e-3435-4f58-9be0-ee8de3b7fdd1","userId":"4","login":"YegorYurch"}
2026-05-24 18:21:17 [INFO] [request] HTTP request finished {"requestId":"b3a9b93e-3435-4f58-9be0-ee8de3b7fdd1","method":"POST","url":"/api/auth/register","statusCode":201,"durationMs":100,"sessionType":"anonymous","userId":null,"role":null}
2026-05-24 18:21:17 [INFO] [request] HTTP request started {"requestId":"9e5d1118-c047-4d86-a72a-2a58d9d7398f","method":"GET","url":"/api/works","ip":"::1","sessionType":"anonymous","userId":null,"role":null}
2026-05-24 18:21:17 [INFO] [work.routes] Published works requested {"requestId":"9e5d1118-c047-4d86-a72a-2a58d9d7398f"}
2026-05-24 18:21:17 [INFO] [request] HTTP request started {"requestId":"9ef094d3-8edf-44b8-b571-a1b389c86aad","method":"GET","url":"/api/me/favorite-genres","ip":"::1","sessionType":"anonymous","userId":null,"role":null}
2026-05-24 18:21:17 [INFO] [request] HTTP request finished {"requestId":"9e5d1118-c047-4d86-a72a-2a58d9d7398f","method":"GET","url":"/api/works","statusCode":304,"durationMs":5,"sessionType":"anonymous","userId":null,"role":null}
2026-05-24 18:21:17 [INFO] [request] HTTP request finished {"requestId":"9ef094d3-8edf-44b8-b571-a1b389c86aad","method":"GET","url":"/api/me/favorite-genres","statusCode":304,"durationMs":34,"sessionType":"anonymous","userId":"4","role":"user"}
2026-05-24 18:21:25 [INFO] [request] HTTP request started {"requestId":"e081120c-4e85-49a6-a863-dd22a0f23f97","method":"GET","url":"/api/works","ip":"::1","sessionType":"anonymous","userId":null,"role":null}
2026-05-24 18:21:25 [INFO] [work.routes] Published works requested {"requestId":"e081120c-4e85-49a6-a863-dd22a0f23f97"}
2026-05-24 18:21:25 [INFO] [request] HTTP request started {"requestId":"5b73e4f4-a8c9-4537-95e0-538e574aa855","method":"GET","url":"/api/works/my","ip":"::1","sessionType":"anonymous","userId":null,"role":null}
2026-05-24 18:21:25 [INFO] [request] HTTP request started {"requestId":"41a78208-5071-4bce-aa0f-43827ab1a22f","method":"GET","url":"/api/comments/my","ip":"::1","sessionType":"anonymous","userId":null,"role":null}
2026-05-24 18:21:25 [INFO] [request] HTTP request started {"requestId":"5ef6c7e0-6998-4340-8966-c733cc8e17df","method":"GET","url":"/api/me/favorites","ip":"::1","sessionType":"anonymous","userId":null,"role":null}
2026-05-24 18:21:25 [INFO] [request] HTTP request started {"requestId":"cfc569fa-f9b1-4634-8a8e-975d61e5d8ea","method":"GET","url":"/api/me/reading-progress","ip":"::1","sessionType":"anonymous","userId":null,"role":null}
2026-05-24 18:21:25 [INFO] [request] HTTP request started {"requestId":"c71ad613-4d06-40d8-9a67-19a12fb4d173","method":"GET","url":"/api/me/favorite-genres","ip":"::1","sessionType":"anonymous","userId":null,"role":null}
2026-05-24 18:21:25 [INFO] [work.routes] Current user works requested {"requestId":"5b73e4f4-a8c9-4537-95e0-538e574aa855","authorId":"4","count":0}
2026-05-24 18:21:25 [INFO] [request] HTTP request finished {"requestId":"5b73e4f4-a8c9-4537-95e0-538e574aa855","method":"GET","url":"/api/works/my","statusCode":200,"durationMs":3,"sessionType":"anonymous","userId":"4","role":"user"}
2026-05-24 18:21:25 [INFO] [request] HTTP request finished {"requestId":"e081120c-4e85-49a6-a863-dd22a0f23f97","method":"GET","url":"/api/works","statusCode":304,"durationMs":5,"sessionType":"anonymous","userId":null,"role":null}
2026-05-24 18:21:25 [INFO] [request] HTTP request finished {"requestId":"5ef6c7e0-6998-4340-8966-c733cc8e17df","method":"GET","url":"/api/me/favorites","statusCode":200,"durationMs":37,"sessionType":"anonymous","userId":"4","role":"user"}
2026-05-24 18:21:25 [INFO] [comment.routes] Current user comments requested {"requestId":"41a78208-5071-4bce-aa0f-43827ab1a22f","userId":"4","count":0}
2026-05-24 18:21:25 [INFO] [request] HTTP request finished {"requestId":"41a78208-5071-4bce-aa0f-43827ab1a22f","method":"GET","url":"/api/comments/my","statusCode":200,"durationMs":41,"sessionType":"anonymous","userId":"4","role":"user"}
2026-05-24 18:21:25 [INFO] [request] HTTP request finished {"requestId":"cfc569fa-f9b1-4634-8a8e-975d61e5d8ea","method":"GET","url":"/api/me/reading-progress","statusCode":200,"durationMs":41,"sessionType":"anonymous","userId":"4","role":"user"}
2026-05-24 18:21:25 [INFO] [request] HTTP request finished {"requestId":"c71ad613-4d06-40d8-9a67-19a12fb4d173","method":"GET","url":"/api/me/favorite-genres","statusCode":304,"durationMs":137,"sessionType":"anonymous","userId":"4","role":"user"}
2026-05-24 18:21:26 [INFO] [request] HTTP request started {"requestId":"595422f5-5024-41ac-812a-5bad56dfe789","method":"GET","url":"/api/works","ip":"::1","sessionType":"anonymous","userId":null,"role":null}
2026-05-24 18:21:26 [INFO] [work.routes] Published works requested {"requestId":"595422f5-5024-41ac-812a-5bad56dfe789"}
2026-05-24 18:21:26 [INFO] [request] HTTP request started {"requestId":"c6ddec15-2ebc-491a-870c-e370ada14fe7","method":"GET","url":"/api/me/favorite-genres","ip":"::1","sessionType":"anonymous","userId":null,"role":null}
2026-05-24 18:21:26 [INFO] [request] HTTP request finished {"requestId":"c6ddec15-2ebc-491a-870c-e370ada14fe7","method":"GET","url":"/api/me/favorite-genres","statusCode":304,"durationMs":2,"sessionType":"anonymous","userId":"4","role":"user"}
2026-05-24 18:21:26 [INFO] [request] HTTP request finished {"requestId":"595422f5-5024-41ac-812a-5bad56dfe789","method":"GET","url":"/api/works","statusCode":304,"durationMs":5,"sessionType":"anonymous","userId":null,"role":null}
2026-05-24 18:21:32 [INFO] [request] HTTP request started {"requestId":"624eda15-23ae-4023-a7bc-181e5ffcd62e","method":"GET","url":"/api/works","ip":"::1","sessionType":"anonymous","userId":null,"role":null}
2026-05-24 18:21:32 [INFO] [work.routes] Published works requested {"requestId":"624eda15-23ae-4023-a7bc-181e5ffcd62e"}
2026-05-24 18:21:32 [INFO] [request] HTTP request started {"requestId":"bd5216c3-fbdd-46e2-b2ff-dfc5e9ee17d0","method":"GET","url":"/api/works/my","ip":"::1","sessionType":"anonymous","userId":null,"role":null}
2026-05-24 18:21:32 [INFO] [request] HTTP request finished {"requestId":"624eda15-23ae-4023-a7bc-181e5ffcd62e","method":"GET","url":"/api/works","statusCode":304,"durationMs":2,"sessionType":"anonymous","userId":null,"role":null}
2026-05-24 18:21:32 [INFO] [request] HTTP request started {"requestId":"7b5144d1-9686-4d1a-93e7-4ab3abd6bbdc","method":"GET","url":"/api/comments/my","ip":"::1","sessionType":"anonymous","userId":null,"role":null}
2026-05-24 18:21:32 [INFO] [request] HTTP request started {"requestId":"efc28d5b-de78-46d5-a610-82e5cfed0fd1","method":"GET","url":"/api/me/favorite-genres","ip":"::1","sessionType":"anonymous","userId":null,"role":null}
2026-05-24 18:21:32 [INFO] [request] HTTP request started {"requestId":"a489c0ee-3808-4bcf-a365-ace7fda83d70","method":"GET","url":"/api/me/favorites","ip":"::1","sessionType":"anonymous","userId":null,"role":null}
2026-05-24 18:21:32 [INFO] [request] HTTP request started {"requestId":"888c36ab-5144-4b9f-8bb8-8d9823f7acb9","method":"GET","url":"/api/me/reading-progress","ip":"::1","sessionType":"anonymous","userId":null,"role":null}
2026-05-24 18:21:32 [INFO] [work.routes] Current user works requested {"requestId":"bd5216c3-fbdd-46e2-b2ff-dfc5e9ee17d0","authorId":"4","count":0}
2026-05-24 18:21:32 [INFO] [request] HTTP request finished {"requestId":"bd5216c3-fbdd-46e2-b2ff-dfc5e9ee17d0","method":"GET","url":"/api/works/my","statusCode":304,"durationMs":4,"sessionType":"anonymous","userId":"4","role":"user"}
2026-05-24 18:21:32 [INFO] [request] HTTP request finished {"requestId":"a489c0ee-3808-4bcf-a365-ace7fda83d70","method":"GET","url":"/api/me/favorites","statusCode":304,"durationMs":2,"sessionType":"anonymous","userId":"4","role":"user"}
2026-05-24 18:21:32 [INFO] [request] HTTP request finished {"requestId":"efc28d5b-de78-46d5-a610-82e5cfed0fd1","method":"GET","url":"/api/me/favorite-genres","statusCode":304,"durationMs":3,"sessionType":"anonymous","userId":"4","role":"user"}
2026-05-24 18:21:32 [INFO] [comment.routes] Current user comments requested {"requestId":"7b5144d1-9686-4d1a-93e7-4ab3abd6bbdc","userId":"4","count":0}
2026-05-24 18:21:32 [INFO] [request] HTTP request finished {"requestId":"7b5144d1-9686-4d1a-93e7-4ab3abd6bbdc","method":"GET","url":"/api/comments/my","statusCode":304,"durationMs":4,"sessionType":"anonymous","userId":"4","role":"user"}
2026-05-24 18:21:32 [INFO] [request] HTTP request finished {"requestId":"888c36ab-5144-4b9f-8bb8-8d9823f7acb9","method":"GET","url":"/api/me/reading-progress","statusCode":304,"durationMs":4,"sessionType":"anonymous","userId":"4","role":"user"}
2026-05-24 18:22:46 [INFO] [request] HTTP request started {"requestId":"14142725-a127-4696-98e1-9f28b6dab1bc","method":"POST","url":"/api/works","ip":"::1","sessionType":"anonymous","userId":null,"role":null}
2026-05-24 18:22:46 [INFO] [work.routes] Work created and sent to moderation {"requestId":"14142725-a127-4696-98e1-9f28b6dab1bc","workId":"4","authorId":"4"}
2026-05-24 18:22:46 [INFO] [request] HTTP request finished {"requestId":"14142725-a127-4696-98e1-9f28b6dab1bc","method":"POST","url":"/api/works","statusCode":201,"durationMs":36,"sessionType":"anonymous","userId":"4","role":"user"}
2026-05-24 18:22:46 [INFO] [request] HTTP request started {"requestId":"4b830855-7efe-4fb3-b063-04fff63ca88b","method":"GET","url":"/api/works","ip":"::1","sessionType":"anonymous","userId":null,"role":null}
2026-05-24 18:22:46 [INFO] [work.routes] Published works requested {"requestId":"4b830855-7efe-4fb3-b063-04fff63ca88b"}
2026-05-24 18:22:46 [INFO] [request] HTTP request finished {"requestId":"4b830855-7efe-4fb3-b063-04fff63ca88b","method":"GET","url":"/api/works","statusCode":200,"durationMs":5,"sessionType":"anonymous","userId":null,"role":null}
2026-05-24 18:22:46 [INFO] [request] HTTP request started {"requestId":"485821c2-008b-4b37-a3c3-269e56730ff8","method":"GET","url":"/api/works/my","ip":"::1","sessionType":"anonymous","userId":null,"role":null}
2026-05-24 18:22:46 [INFO] [request] HTTP request started {"requestId":"99c2ca5d-a148-4f6c-a55d-ec6503d88c15","method":"GET","url":"/api/comments/my","ip":"::1","sessionType":"anonymous","userId":null,"role":null}
2026-05-24 18:22:46 [INFO] [request] HTTP request started {"requestId":"9558f59a-9c4c-437d-9e3b-9a4cde6ad8f4","method":"GET","url":"/api/me/favorites","ip":"::1","sessionType":"anonymous","userId":null,"role":null}
2026-05-24 18:22:46 [INFO] [request] HTTP request started {"requestId":"19b7f1c4-3878-45de-837e-9859a7e561e6","method":"GET","url":"/api/me/reading-progress","ip":"::1","sessionType":"anonymous","userId":null,"role":null}
2026-05-24 18:22:46 [INFO] [request] HTTP request started {"requestId":"ee4e5fa9-be03-4ab9-b920-b6494a30f1ad","method":"GET","url":"/api/me/favorite-genres","ip":"::1","sessionType":"anonymous","userId":null,"role":null}
2026-05-24 18:22:46 [INFO] [work.routes] Current user works requested {"requestId":"485821c2-008b-4b37-a3c3-269e56730ff8","authorId":"4","count":1}
2026-05-24 18:22:46 [INFO] [request] HTTP request finished {"requestId":"485821c2-008b-4b37-a3c3-269e56730ff8","method":"GET","url":"/api/works/my","statusCode":200,"durationMs":4,"sessionType":"anonymous","userId":"4","role":"user"}
2026-05-24 18:22:46 [INFO] [comment.routes] Current user comments requested {"requestId":"99c2ca5d-a148-4f6c-a55d-ec6503d88c15","userId":"4","count":0}
2026-05-24 18:22:46 [INFO] [request] HTTP request finished {"requestId":"99c2ca5d-a148-4f6c-a55d-ec6503d88c15","method":"GET","url":"/api/comments/my","statusCode":304,"durationMs":40,"sessionType":"anonymous","userId":"4","role":"user"}
2026-05-24 18:22:46 [INFO] [request] HTTP request finished {"requestId":"9558f59a-9c4c-437d-9e3b-9a4cde6ad8f4","method":"GET","url":"/api/me/favorites","statusCode":304,"durationMs":39,"sessionType":"anonymous","userId":"4","role":"user"}
2026-05-24 18:22:46 [INFO] [request] HTTP request finished {"requestId":"ee4e5fa9-be03-4ab9-b920-b6494a30f1ad","method":"GET","url":"/api/me/favorite-genres","statusCode":304,"durationMs":40,"sessionType":"anonymous","userId":"4","role":"user"}
2026-05-24 18:22:46 [INFO] [request] HTTP request finished {"requestId":"19b7f1c4-3878-45de-837e-9859a7e561e6","method":"GET","url":"/api/me/reading-progress","statusCode":304,"durationMs":44,"sessionType":"anonymous","userId":"4","role":"user"}
2026-05-24 18:23:13 [INFO] [request] HTTP request started {"requestId":"321269e1-73a7-4d41-b7d2-d49ebf10ae95","method":"POST","url":"/api/auth/login","ip":"::1","sessionType":"anonymous","userId":null,"role":null}
2026-05-24 18:23:14 [INFO] [auth.routes] User logged in {"requestId":"321269e1-73a7-4d41-b7d2-d49ebf10ae95","userId":"2","login":"moderator1"}
2026-05-24 18:23:14 [INFO] [request] HTTP request finished {"requestId":"321269e1-73a7-4d41-b7d2-d49ebf10ae95","method":"POST","url":"/api/auth/login","statusCode":200,"durationMs":88,"sessionType":"anonymous","userId":null,"role":null}
2026-05-24 18:23:14 [INFO] [request] HTTP request started {"requestId":"4b470edd-b842-43d5-a0d6-88c530b44ab4","method":"GET","url":"/api/works","ip":"::1","sessionType":"anonymous","userId":null,"role":null}
2026-05-24 18:23:14 [INFO] [work.routes] Published works requested {"requestId":"4b470edd-b842-43d5-a0d6-88c530b44ab4"}
2026-05-24 18:23:14 [INFO] [request] HTTP request started {"requestId":"9ae5522f-d45f-4119-81c9-215de9ca1a2d","method":"GET","url":"/api/me/favorite-genres","ip":"::1","sessionType":"anonymous","userId":null,"role":null}
2026-05-24 18:23:14 [INFO] [request] HTTP request finished {"requestId":"4b470edd-b842-43d5-a0d6-88c530b44ab4","method":"GET","url":"/api/works","statusCode":304,"durationMs":5,"sessionType":"anonymous","userId":null,"role":null}
2026-05-24 18:23:14 [INFO] [request] HTTP request finished {"requestId":"9ae5522f-d45f-4119-81c9-215de9ca1a2d","method":"GET","url":"/api/me/favorite-genres","statusCode":304,"durationMs":32,"sessionType":"anonymous","userId":"2","role":"moderator"}
2026-05-24 18:23:15 [INFO] [request] HTTP request started {"requestId":"3fb1455d-80d9-4927-b4a0-aae297b360c8","method":"GET","url":"/api/works/moderation/pending","ip":"::1","sessionType":"anonymous","userId":null,"role":null}
2026-05-24 18:23:15 [INFO] [work.routes] Pending works requested {"requestId":"3fb1455d-80d9-4927-b4a0-aae297b360c8","moderatorId":"2","count":1}
2026-05-24 18:23:15 [INFO] [request] HTTP request finished {"requestId":"3fb1455d-80d9-4927-b4a0-aae297b360c8","method":"GET","url":"/api/works/moderation/pending","statusCode":200,"durationMs":6,"sessionType":"anonymous","userId":"2","role":"moderator"}
2026-05-24 18:23:59 [INFO] [request] HTTP request started {"requestId":"ecb24a4f-0690-44d4-bf49-db91833f0971","method":"PATCH","url":"/api/works/4/approve","ip":"::1","sessionType":"anonymous","userId":null,"role":null}
2026-05-24 18:23:59 [INFO] [work.routes] Work approved {"requestId":"ecb24a4f-0690-44d4-bf49-db91833f0971","workId":"4","moderatorId":"2"}
2026-05-24 18:23:59 [INFO] [request] HTTP request finished {"requestId":"ecb24a4f-0690-44d4-bf49-db91833f0971","method":"PATCH","url":"/api/works/4/approve","statusCode":200,"durationMs":33,"sessionType":"anonymous","userId":"2","role":"moderator"}
2026-05-24 18:24:00 [INFO] [request] HTTP request started {"requestId":"6428ceed-7562-431d-93c8-755db5c2298e","method":"GET","url":"/api/works","ip":"::1","sessionType":"anonymous","userId":null,"role":null}
2026-05-24 18:24:00 [INFO] [work.routes] Published works requested {"requestId":"6428ceed-7562-431d-93c8-755db5c2298e"}
2026-05-24 18:24:00 [INFO] [request] HTTP request started {"requestId":"acb75d6f-b9a9-4339-bde1-24be69b24dd1","method":"GET","url":"/api/me/favorite-genres","ip":"::1","sessionType":"anonymous","userId":null,"role":null}
2026-05-24 18:24:00 [INFO] [request] HTTP request finished {"requestId":"6428ceed-7562-431d-93c8-755db5c2298e","method":"GET","url":"/api/works","statusCode":200,"durationMs":4,"sessionType":"anonymous","userId":null,"role":null}
2026-05-24 18:24:00 [INFO] [request] HTTP request finished {"requestId":"acb75d6f-b9a9-4339-bde1-24be69b24dd1","method":"GET","url":"/api/me/favorite-genres","statusCode":304,"durationMs":33,"sessionType":"anonymous","userId":"2","role":"moderator"}
2026-05-24 18:24:06 [INFO] [request] HTTP request started {"requestId":"9b0c772a-e901-4238-9bc7-3935086c7fc3","method":"GET","url":"/api/works/4","ip":"::1","sessionType":"anonymous","userId":null,"role":null}
2026-05-24 18:24:06 [INFO] [request] HTTP request started {"requestId":"bd60a732-0bee-42e0-8d3f-377c7bd3a8d6","method":"GET","url":"/api/works/4/comments","ip":"::1","sessionType":"anonymous","userId":null,"role":null}
2026-05-24 18:24:06 [INFO] [request] HTTP request started {"requestId":"44d3c6ad-8cc1-4f75-b2d9-eb17102807aa","method":"GET","url":"/api/me/favorites","ip":"::1","sessionType":"anonymous","userId":null,"role":null}
2026-05-24 18:24:06 [INFO] [request] HTTP request finished {"requestId":"bd60a732-0bee-42e0-8d3f-377c7bd3a8d6","method":"GET","url":"/api/works/4/comments","statusCode":200,"durationMs":4,"sessionType":"anonymous","userId":null,"role":null}
2026-05-24 18:24:06 [INFO] [request] HTTP request finished {"requestId":"9b0c772a-e901-4238-9bc7-3935086c7fc3","method":"GET","url":"/api/works/4","statusCode":200,"durationMs":8,"sessionType":"anonymous","userId":null,"role":null}
2026-05-24 18:24:06 [INFO] [request] HTTP request started {"requestId":"01881781-413e-4420-a727-591eb924cfe8","method":"GET","url":"/api/me/reading-progress","ip":"::1","sessionType":"anonymous","userId":null,"role":null}
2026-05-24 18:24:06 [INFO] [request] HTTP request started {"requestId":"a1a12883-e03a-47ba-982e-9facde1af4c9","method":"PUT","url":"/api/me/reading-progress/4","ip":"::1","sessionType":"anonymous","userId":null,"role":null}
2026-05-24 18:24:06 [INFO] [request] HTTP request finished {"requestId":"01881781-413e-4420-a727-591eb924cfe8","method":"GET","url":"/api/me/reading-progress","statusCode":200,"durationMs":4,"sessionType":"anonymous","userId":"2","role":"moderator"}
2026-05-24 18:24:06 [INFO] [userActivity.routes] Reading progress saved {"requestId":"a1a12883-e03a-47ba-982e-9facde1af4c9","userId":"2","workId":"4","currentPage":0}
2026-05-24 18:24:06 [INFO] [request] HTTP request finished {"requestId":"a1a12883-e03a-47ba-982e-9facde1af4c9","method":"PUT","url":"/api/me/reading-progress/4","statusCode":200,"durationMs":4,"sessionType":"anonymous","userId":"2","role":"moderator"}
2026-05-24 18:24:06 [INFO] [request] HTTP request finished {"requestId":"44d3c6ad-8cc1-4f75-b2d9-eb17102807aa","method":"GET","url":"/api/me/favorites","statusCode":200,"durationMs":37,"sessionType":"anonymous","userId":"2","role":"moderator"}
2026-05-24 18:24:34 [INFO] [request] HTTP request started {"requestId":"55f08e0b-a752-4b23-9565-b5e05e57fd1a","method":"PUT","url":"/api/me/reading-progress/4","ip":"::1","sessionType":"anonymous","userId":null,"role":null}
2026-05-24 18:24:34 [INFO] [userActivity.routes] Reading progress saved {"requestId":"55f08e0b-a752-4b23-9565-b5e05e57fd1a","userId":"2","workId":"4","currentPage":1}
2026-05-24 18:24:34 [INFO] [request] HTTP request finished {"requestId":"55f08e0b-a752-4b23-9565-b5e05e57fd1a","method":"PUT","url":"/api/me/reading-progress/4","statusCode":200,"durationMs":30,"sessionType":"anonymous","userId":"2","role":"moderator"}
2026-05-24 18:24:34 [INFO] [request] HTTP request started {"requestId":"b8800e14-ef11-4c2d-a791-5c31648b99a4","method":"PUT","url":"/api/me/reading-progress/4","ip":"::1","sessionType":"anonymous","userId":null,"role":null}
2026-05-24 18:24:34 [INFO] [userActivity.routes] Reading progress saved {"requestId":"b8800e14-ef11-4c2d-a791-5c31648b99a4","userId":"2","workId":"4","currentPage":2}
2026-05-24 18:24:34 [INFO] [request] HTTP request finished {"requestId":"b8800e14-ef11-4c2d-a791-5c31648b99a4","method":"PUT","url":"/api/me/reading-progress/4","statusCode":200,"durationMs":2,"sessionType":"anonymous","userId":"2","role":"moderator"}
2026-05-24 18:24:35 [INFO] [request] HTTP request started {"requestId":"e150f6b4-6317-45fd-af66-9481041e73dc","method":"PUT","url":"/api/me/reading-progress/4","ip":"::1","sessionType":"anonymous","userId":null,"role":null}
2026-05-24 18:24:35 [INFO] [userActivity.routes] Reading progress saved {"requestId":"e150f6b4-6317-45fd-af66-9481041e73dc","userId":"2","workId":"4","currentPage":1}
2026-05-24 18:24:35 [INFO] [request] HTTP request finished {"requestId":"e150f6b4-6317-45fd-af66-9481041e73dc","method":"PUT","url":"/api/me/reading-progress/4","statusCode":200,"durationMs":4,"sessionType":"anonymous","userId":"2","role":"moderator"}
2026-05-24 18:24:35 [INFO] [request] HTTP request started {"requestId":"58c9adea-5b72-4fc0-89cb-1eb6ced29452","method":"PUT","url":"/api/me/reading-progress/4","ip":"::1","sessionType":"anonymous","userId":null,"role":null}
2026-05-24 18:24:35 [INFO] [userActivity.routes] Reading progress saved {"requestId":"58c9adea-5b72-4fc0-89cb-1eb6ced29452","userId":"2","workId":"4","currentPage":0}
2026-05-24 18:24:35 [INFO] [request] HTTP request finished {"requestId":"58c9adea-5b72-4fc0-89cb-1eb6ced29452","method":"PUT","url":"/api/me/reading-progress/4","statusCode":200,"durationMs":2,"sessionType":"anonymous","userId":"2","role":"moderator"}
2026-05-24 18:24:50 [INFO] [request] HTTP request started {"requestId":"c3fc5f8f-3954-4e80-8001-5a18e77de098","method":"POST","url":"/api/works/4/comments","ip":"::1","sessionType":"anonymous","userId":null,"role":null}
2026-05-24 18:24:50 [INFO] [work.routes] Comment created {"requestId":"c3fc5f8f-3954-4e80-8001-5a18e77de098","workId":"4","commentId":"3","userId":"2"}
2026-05-24 18:24:50 [INFO] [request] HTTP request finished {"requestId":"c3fc5f8f-3954-4e80-8001-5a18e77de098","method":"POST","url":"/api/works/4/comments","statusCode":201,"durationMs":133,"sessionType":"anonymous","userId":"2","role":"moderator"}
2026-05-24 18:25:19 [INFO] [request] HTTP request started {"requestId":"dac47851-189f-4747-84c3-971b721a252d","method":"POST","url":"/api/comments/3/like","ip":"::1","sessionType":"anonymous","userId":null,"role":null}
2026-05-24 18:25:19 [INFO] [comment.routes] Comment like toggled {"requestId":"dac47851-189f-4747-84c3-971b721a252d","commentId":"3","userId":"2"}
2026-05-24 18:25:19 [INFO] [request] HTTP request finished {"requestId":"dac47851-189f-4747-84c3-971b721a252d","method":"POST","url":"/api/comments/3/like","statusCode":200,"durationMs":37,"sessionType":"anonymous","userId":"2","role":"moderator"}
2026-05-24 18:25:21 [INFO] [request] HTTP request started {"requestId":"44770a6f-4d51-4399-a867-10ebc58e495f","method":"POST","url":"/api/me/favorites/4","ip":"::1","sessionType":"anonymous","userId":null,"role":null}
2026-05-24 18:25:21 [INFO] [userActivity.routes] Favorite work toggled {"requestId":"44770a6f-4d51-4399-a867-10ebc58e495f","userId":"2","workId":"4","isFavorite":true}
2026-05-24 18:25:21 [INFO] [request] HTTP request finished {"requestId":"44770a6f-4d51-4399-a867-10ebc58e495f","method":"POST","url":"/api/me/favorites/4","statusCode":200,"durationMs":6,"sessionType":"anonymous","userId":"2","role":"moderator"}
2026-05-24 18:25:22 [INFO] [request] HTTP request started {"requestId":"a7a988ae-7be8-405b-a4b3-4c85d6987dba","method":"PUT","url":"/api/me/reading-progress/4","ip":"::1","sessionType":"anonymous","userId":null,"role":null}
2026-05-24 18:25:22 [INFO] [userActivity.routes] Reading progress saved {"requestId":"a7a988ae-7be8-405b-a4b3-4c85d6987dba","userId":"2","workId":"4","currentPage":1}
2026-05-24 18:25:22 [INFO] [request] HTTP request finished {"requestId":"a7a988ae-7be8-405b-a4b3-4c85d6987dba","method":"PUT","url":"/api/me/reading-progress/4","statusCode":200,"durationMs":4,"sessionType":"anonymous","userId":"2","role":"moderator"}
2026-05-24 18:25:29 [INFO] [request] HTTP request started {"requestId":"5a6823df-db67-49d6-beea-a28785f7160c","method":"GET","url":"/api/works","ip":"::1","sessionType":"anonymous","userId":null,"role":null}
2026-05-24 18:25:29 [INFO] [work.routes] Published works requested {"requestId":"5a6823df-db67-49d6-beea-a28785f7160c"}
2026-05-24 18:25:29 [INFO] [request] HTTP request started {"requestId":"23010465-c544-4d78-8744-d279162cf94f","method":"GET","url":"/api/works/my","ip":"::1","sessionType":"anonymous","userId":null,"role":null}
2026-05-24 18:25:29 [INFO] [request] HTTP request started {"requestId":"1630bdad-b55f-4c1a-85f7-c1a521738bd5","method":"GET","url":"/api/comments/my","ip":"::1","sessionType":"anonymous","userId":null,"role":null}
2026-05-24 18:25:29 [INFO] [request] HTTP request started {"requestId":"f66dd7f0-d3e0-48ff-8997-e1ad96ed36b6","method":"GET","url":"/api/me/favorites","ip":"::1","sessionType":"anonymous","userId":null,"role":null}
2026-05-24 18:25:29 [INFO] [request] HTTP request started {"requestId":"bfe5b4ba-8b22-4ec7-a47c-2948040d500b","method":"GET","url":"/api/me/reading-progress","ip":"::1","sessionType":"anonymous","userId":null,"role":null}
2026-05-24 18:25:29 [INFO] [request] HTTP request started {"requestId":"0490dd7f-dbaf-45e6-8cb4-7283a0a32c14","method":"GET","url":"/api/me/favorite-genres","ip":"::1","sessionType":"anonymous","userId":null,"role":null}
2026-05-24 18:25:29 [INFO] [request] HTTP request finished {"requestId":"5a6823df-db67-49d6-beea-a28785f7160c","method":"GET","url":"/api/works","statusCode":200,"durationMs":4,"sessionType":"anonymous","userId":null,"role":null}
2026-05-24 18:25:29 [INFO] [work.routes] Current user works requested {"requestId":"23010465-c544-4d78-8744-d279162cf94f","authorId":"2","count":1}
2026-05-24 18:25:29 [INFO] [request] HTTP request finished {"requestId":"23010465-c544-4d78-8744-d279162cf94f","method":"GET","url":"/api/works/my","statusCode":200,"durationMs":40,"sessionType":"anonymous","userId":"2","role":"moderator"}
2026-05-24 18:25:29 [INFO] [comment.routes] Current user comments requested {"requestId":"1630bdad-b55f-4c1a-85f7-c1a521738bd5","userId":"2","count":2}
2026-05-24 18:25:29 [INFO] [request] HTTP request finished {"requestId":"1630bdad-b55f-4c1a-85f7-c1a521738bd5","method":"GET","url":"/api/comments/my","statusCode":200,"durationMs":41,"sessionType":"anonymous","userId":"2","role":"moderator"}
2026-05-24 18:25:29 [INFO] [request] HTTP request finished {"requestId":"f66dd7f0-d3e0-48ff-8997-e1ad96ed36b6","method":"GET","url":"/api/me/favorites","statusCode":200,"durationMs":43,"sessionType":"anonymous","userId":"2","role":"moderator"}
2026-05-24 18:25:29 [INFO] [request] HTTP request finished {"requestId":"0490dd7f-dbaf-45e6-8cb4-7283a0a32c14","method":"GET","url":"/api/me/favorite-genres","statusCode":304,"durationMs":46,"sessionType":"anonymous","userId":"2","role":"moderator"}
2026-05-24 18:25:29 [INFO] [request] HTTP request finished {"requestId":"bfe5b4ba-8b22-4ec7-a47c-2948040d500b","method":"GET","url":"/api/me/reading-progress","statusCode":200,"durationMs":151,"sessionType":"anonymous","userId":"2","role":"moderator"}
2026-05-24 18:25:31 [INFO] [request] HTTP request started {"requestId":"2ea43773-308a-43f2-a42e-1757de68b1e8","method":"GET","url":"/api/me/favorites","ip":"::1","sessionType":"anonymous","userId":null,"role":null}
2026-05-24 18:25:31 [INFO] [request] HTTP request started {"requestId":"9182b965-e731-40c5-917c-9209ac50e406","method":"GET","url":"/api/works/4","ip":"::1","sessionType":"anonymous","userId":null,"role":null}
2026-05-24 18:25:31 [INFO] [request] HTTP request started {"requestId":"fe23c74c-f732-46e6-8105-368f8ef88353","method":"GET","url":"/api/works/4/comments","ip":"::1","sessionType":"anonymous","userId":null,"role":null}
2026-05-24 18:25:31 [INFO] [request] HTTP request finished {"requestId":"2ea43773-308a-43f2-a42e-1757de68b1e8","method":"GET","url":"/api/me/favorites","statusCode":304,"durationMs":3,"sessionType":"anonymous","userId":"2","role":"moderator"}
2026-05-24 18:25:31 [INFO] [request] HTTP request finished {"requestId":"fe23c74c-f732-46e6-8105-368f8ef88353","method":"GET","url":"/api/works/4/comments","statusCode":200,"durationMs":4,"sessionType":"anonymous","userId":null,"role":null}
2026-05-24 18:25:31 [INFO] [request] HTTP request finished {"requestId":"9182b965-e731-40c5-917c-9209ac50e406","method":"GET","url":"/api/works/4","statusCode":200,"durationMs":6,"sessionType":"anonymous","userId":null,"role":null}
2026-05-24 18:25:31 [INFO] [request] HTTP request started {"requestId":"ed662a2e-bb1e-45a4-9ace-f270fba41cf8","method":"GET","url":"/api/me/reading-progress","ip":"::1","sessionType":"anonymous","userId":null,"role":null}
2026-05-24 18:25:31 [INFO] [request] HTTP request started {"requestId":"7f58db78-75a8-4b4f-9e0a-c8e6f1ebcaf5","method":"PUT","url":"/api/me/reading-progress/4","ip":"::1","sessionType":"anonymous","userId":null,"role":null}
2026-05-24 18:25:31 [INFO] [request] HTTP request finished {"requestId":"ed662a2e-bb1e-45a4-9ace-f270fba41cf8","method":"GET","url":"/api/me/reading-progress","statusCode":304,"durationMs":4,"sessionType":"anonymous","userId":"2","role":"moderator"}
2026-05-24 18:25:31 [INFO] [userActivity.routes] Reading progress saved {"requestId":"7f58db78-75a8-4b4f-9e0a-c8e6f1ebcaf5","userId":"2","workId":"4","currentPage":0}
2026-05-24 18:25:31 [INFO] [request] HTTP request finished {"requestId":"7f58db78-75a8-4b4f-9e0a-c8e6f1ebcaf5","method":"PUT","url":"/api/me/reading-progress/4","statusCode":200,"durationMs":4,"sessionType":"anonymous","userId":"2","role":"moderator"}
2026-05-24 18:25:31 [INFO] [request] HTTP request started {"requestId":"d529d1a8-6de9-431b-b387-61013624ed29","method":"PUT","url":"/api/me/reading-progress/4","ip":"::1","sessionType":"anonymous","userId":null,"role":null}
2026-05-24 18:25:31 [INFO] [userActivity.routes] Reading progress saved {"requestId":"d529d1a8-6de9-431b-b387-61013624ed29","userId":"2","workId":"4","currentPage":1}
2026-05-24 18:25:31 [INFO] [request] HTTP request finished {"requestId":"d529d1a8-6de9-431b-b387-61013624ed29","method":"PUT","url":"/api/me/reading-progress/4","statusCode":200,"durationMs":1,"sessionType":"anonymous","userId":"2","role":"moderator"}
2026-05-24 18:25:33 [INFO] [request] HTTP request started {"requestId":"664f3f26-06c6-48ef-ae3e-860d5731dbe2","method":"GET","url":"/api/works","ip":"::1","sessionType":"anonymous","userId":null,"role":null}
2026-05-24 18:25:33 [INFO] [work.routes] Published works requested {"requestId":"664f3f26-06c6-48ef-ae3e-860d5731dbe2"}
2026-05-24 18:25:33 [INFO] [request] HTTP request started {"requestId":"e005fe52-701c-448e-8dfc-702b6f7a2750","method":"GET","url":"/api/works/my","ip":"::1","sessionType":"anonymous","userId":null,"role":null}
2026-05-24 18:25:33 [INFO] [request] HTTP request started {"requestId":"d4c3ab42-a361-4964-9d9b-649a539a86b0","method":"GET","url":"/api/comments/my","ip":"::1","sessionType":"anonymous","userId":null,"role":null}
2026-05-24 18:25:33 [INFO] [request] HTTP request started {"requestId":"35b29901-5136-47c4-9549-9b376b4e8586","method":"GET","url":"/api/me/favorites","ip":"::1","sessionType":"anonymous","userId":null,"role":null}
2026-05-24 18:25:33 [INFO] [request] HTTP request started {"requestId":"ebd8cf53-bed4-4707-95cf-456231430bb1","method":"GET","url":"/api/me/reading-progress","ip":"::1","sessionType":"anonymous","userId":null,"role":null}
2026-05-24 18:25:33 [INFO] [request] HTTP request started {"requestId":"cc815021-1476-4011-9ea8-f603fce3ea88","method":"GET","url":"/api/me/favorite-genres","ip":"::1","sessionType":"anonymous","userId":null,"role":null}
2026-05-24 18:25:33 [INFO] [work.routes] Current user works requested {"requestId":"e005fe52-701c-448e-8dfc-702b6f7a2750","authorId":"2","count":1}
2026-05-24 18:25:33 [INFO] [request] HTTP request finished {"requestId":"e005fe52-701c-448e-8dfc-702b6f7a2750","method":"GET","url":"/api/works/my","statusCode":304,"durationMs":3,"sessionType":"anonymous","userId":"2","role":"moderator"}
2026-05-24 18:25:33 [INFO] [request] HTTP request finished {"requestId":"664f3f26-06c6-48ef-ae3e-860d5731dbe2","method":"GET","url":"/api/works","statusCode":304,"durationMs":4,"sessionType":"anonymous","userId":null,"role":null}
2026-05-24 18:25:33 [INFO] [request] HTTP request finished {"requestId":"35b29901-5136-47c4-9549-9b376b4e8586","method":"GET","url":"/api/me/favorites","statusCode":304,"durationMs":3,"sessionType":"anonymous","userId":"2","role":"moderator"}
2026-05-24 18:25:33 [INFO] [request] HTTP request finished {"requestId":"cc815021-1476-4011-9ea8-f603fce3ea88","method":"GET","url":"/api/me/favorite-genres","statusCode":304,"durationMs":2,"sessionType":"anonymous","userId":"2","role":"moderator"}
2026-05-24 18:25:33 [INFO] [comment.routes] Current user comments requested {"requestId":"d4c3ab42-a361-4964-9d9b-649a539a86b0","userId":"2","count":2}
2026-05-24 18:25:33 [INFO] [request] HTTP request finished {"requestId":"d4c3ab42-a361-4964-9d9b-649a539a86b0","method":"GET","url":"/api/comments/my","statusCode":304,"durationMs":6,"sessionType":"anonymous","userId":"2","role":"moderator"}
2026-05-24 18:25:33 [INFO] [request] HTTP request finished {"requestId":"ebd8cf53-bed4-4707-95cf-456231430bb1","method":"GET","url":"/api/me/reading-progress","statusCode":200,"durationMs":5,"sessionType":"anonymous","userId":"2","role":"moderator"}
2026-05-24 18:25:40 [INFO] [request] HTTP request started {"requestId":"c2fba935-421e-4e8b-9592-b76778cab549","method":"GET","url":"/api/works/4","ip":"::1","sessionType":"anonymous","userId":null,"role":null}
2026-05-24 18:25:40 [INFO] [request] HTTP request started {"requestId":"0e59f02e-1869-45dd-91ee-913501a4eb22","method":"GET","url":"/api/works/4/comments","ip":"::1","sessionType":"anonymous","userId":null,"role":null}
2026-05-24 18:25:40 [INFO] [request] HTTP request started {"requestId":"525ba68b-1b6b-4a05-ab8f-48bdc895f34a","method":"GET","url":"/api/me/favorites","ip":"::1","sessionType":"anonymous","userId":null,"role":null}
2026-05-24 18:25:40 [INFO] [request] HTTP request finished {"requestId":"0e59f02e-1869-45dd-91ee-913501a4eb22","method":"GET","url":"/api/works/4/comments","statusCode":304,"durationMs":2,"sessionType":"anonymous","userId":null,"role":null}
2026-05-24 18:25:40 [INFO] [request] HTTP request finished {"requestId":"525ba68b-1b6b-4a05-ab8f-48bdc895f34a","method":"GET","url":"/api/me/favorites","statusCode":304,"durationMs":1,"sessionType":"anonymous","userId":"2","role":"moderator"}
2026-05-24 18:25:40 [INFO] [request] HTTP request finished {"requestId":"c2fba935-421e-4e8b-9592-b76778cab549","method":"GET","url":"/api/works/4","statusCode":304,"durationMs":2,"sessionType":"anonymous","userId":null,"role":null}
2026-05-24 18:25:40 [INFO] [request] HTTP request started {"requestId":"0634107e-c9d9-49b2-8db7-cd56b700ef9e","method":"GET","url":"/api/me/reading-progress","ip":"::1","sessionType":"anonymous","userId":null,"role":null}
2026-05-24 18:25:40 [INFO] [request] HTTP request started {"requestId":"3393c2ec-04d4-4d7d-baca-47b62e7504a5","method":"PUT","url":"/api/me/reading-progress/4","ip":"::1","sessionType":"anonymous","userId":null,"role":null}
2026-05-24 18:25:40 [INFO] [request] HTTP request finished {"requestId":"0634107e-c9d9-49b2-8db7-cd56b700ef9e","method":"GET","url":"/api/me/reading-progress","statusCode":304,"durationMs":1,"sessionType":"anonymous","userId":"2","role":"moderator"}
2026-05-24 18:25:40 [INFO] [userActivity.routes] Reading progress saved {"requestId":"3393c2ec-04d4-4d7d-baca-47b62e7504a5","userId":"2","workId":"4","currentPage":0}
2026-05-24 18:25:40 [INFO] [request] HTTP request finished {"requestId":"3393c2ec-04d4-4d7d-baca-47b62e7504a5","method":"PUT","url":"/api/me/reading-progress/4","statusCode":200,"durationMs":1,"sessionType":"anonymous","userId":"2","role":"moderator"}
2026-05-24 18:25:40 [INFO] [request] HTTP request started {"requestId":"8a34708d-3de1-4fb9-b5bb-e1867cdc3af7","method":"PUT","url":"/api/me/reading-progress/4","ip":"::1","sessionType":"anonymous","userId":null,"role":null}
2026-05-24 18:25:40 [INFO] [userActivity.routes] Reading progress saved {"requestId":"8a34708d-3de1-4fb9-b5bb-e1867cdc3af7","userId":"2","workId":"4","currentPage":1}
2026-05-24 18:25:40 [INFO] [request] HTTP request finished {"requestId":"8a34708d-3de1-4fb9-b5bb-e1867cdc3af7","method":"PUT","url":"/api/me/reading-progress/4","statusCode":200,"durationMs":1,"sessionType":"anonymous","userId":"2","role":"moderator"}
2026-05-24 18:25:44 [INFO] [request] HTTP request started {"requestId":"9815c8ee-b585-48e5-901d-d8494b4b8eda","method":"GET","url":"/api/me/favorites","ip":"::1","sessionType":"anonymous","userId":null,"role":null}
2026-05-24 18:25:44 [INFO] [request] HTTP request started {"requestId":"0b1977c8-f0f3-49b5-b513-e81ac69421ab","method":"GET","url":"/api/me/reading-progress","ip":"::1","sessionType":"anonymous","userId":null,"role":null}
2026-05-24 18:25:44 [INFO] [request] HTTP request finished {"requestId":"9815c8ee-b585-48e5-901d-d8494b4b8eda","method":"GET","url":"/api/me/favorites","statusCode":304,"durationMs":1,"sessionType":"anonymous","userId":"2","role":"moderator"}
2026-05-24 18:25:44 [INFO] [request] HTTP request finished {"requestId":"0b1977c8-f0f3-49b5-b513-e81ac69421ab","method":"GET","url":"/api/me/reading-progress","statusCode":200,"durationMs":1,"sessionType":"anonymous","userId":"2","role":"moderator"}
2026-05-24 18:25:44 [INFO] [request] HTTP request started {"requestId":"dbe4bc2d-3022-4d6e-a7e0-4b2f196c8c23","method":"GET","url":"/api/works","ip":"::1","sessionType":"anonymous","userId":null,"role":null}
2026-05-24 18:25:44 [INFO] [work.routes] Published works requested {"requestId":"dbe4bc2d-3022-4d6e-a7e0-4b2f196c8c23"}
2026-05-24 18:25:44 [INFO] [request] HTTP request finished {"requestId":"dbe4bc2d-3022-4d6e-a7e0-4b2f196c8c23","method":"GET","url":"/api/works","statusCode":304,"durationMs":1,"sessionType":"anonymous","userId":null,"role":null}
2026-05-24 18:25:44 [INFO] [request] HTTP request started {"requestId":"9bb08af0-8a51-4fa0-bdce-e9784532e481","method":"GET","url":"/api/works/my","ip":"::1","sessionType":"anonymous","userId":null,"role":null}
2026-05-24 18:25:44 [INFO] [request] HTTP request started {"requestId":"29c0a421-c4e4-4ca4-b4ef-4d6ea4b40715","method":"GET","url":"/api/comments/my","ip":"::1","sessionType":"anonymous","userId":null,"role":null}
2026-05-24 18:25:44 [INFO] [request] HTTP request started {"requestId":"aa403988-caac-4b28-ab77-6e8424b199f5","method":"GET","url":"/api/me/favorite-genres","ip":"::1","sessionType":"anonymous","userId":null,"role":null}
2026-05-24 18:25:44 [INFO] [work.routes] Current user works requested {"requestId":"9bb08af0-8a51-4fa0-bdce-e9784532e481","authorId":"2","count":1}
2026-05-24 18:25:44 [INFO] [request] HTTP request finished {"requestId":"9bb08af0-8a51-4fa0-bdce-e9784532e481","method":"GET","url":"/api/works/my","statusCode":304,"durationMs":2,"sessionType":"anonymous","userId":"2","role":"moderator"}
2026-05-24 18:25:44 [INFO] [comment.routes] Current user comments requested {"requestId":"29c0a421-c4e4-4ca4-b4ef-4d6ea4b40715","userId":"2","count":2}
2026-05-24 18:25:44 [INFO] [request] HTTP request finished {"requestId":"29c0a421-c4e4-4ca4-b4ef-4d6ea4b40715","method":"GET","url":"/api/comments/my","statusCode":304,"durationMs":2,"sessionType":"anonymous","userId":"2","role":"moderator"}
2026-05-24 18:25:44 [INFO] [request] HTTP request finished {"requestId":"aa403988-caac-4b28-ab77-6e8424b199f5","method":"GET","url":"/api/me/favorite-genres","statusCode":304,"durationMs":3,"sessionType":"anonymous","userId":"2","role":"moderator"}
2026-05-24 18:25:45 [INFO] [request] HTTP request started {"requestId":"bf9faca5-fea4-4f7b-80b4-e16d17b6cd22","method":"GET","url":"/api/works/4","ip":"::1","sessionType":"anonymous","userId":null,"role":null}
2026-05-24 18:25:45 [INFO] [request] HTTP request started {"requestId":"afc5f2a3-01e2-434e-80dd-5475d5803c2c","method":"GET","url":"/api/works/4/comments","ip":"::1","sessionType":"anonymous","userId":null,"role":null}
2026-05-24 18:25:45 [INFO] [request] HTTP request started {"requestId":"5eebc927-03db-4dd4-a2af-9db3271a28d7","method":"GET","url":"/api/me/favorites","ip":"::1","sessionType":"anonymous","userId":null,"role":null}
2026-05-24 18:25:45 [INFO] [request] HTTP request finished {"requestId":"afc5f2a3-01e2-434e-80dd-5475d5803c2c","method":"GET","url":"/api/works/4/comments","statusCode":304,"durationMs":1,"sessionType":"anonymous","userId":null,"role":null}
2026-05-24 18:25:45 [INFO] [request] HTTP request finished {"requestId":"bf9faca5-fea4-4f7b-80b4-e16d17b6cd22","method":"GET","url":"/api/works/4","statusCode":304,"durationMs":3,"sessionType":"anonymous","userId":null,"role":null}
2026-05-24 18:25:45 [INFO] [request] HTTP request finished {"requestId":"5eebc927-03db-4dd4-a2af-9db3271a28d7","method":"GET","url":"/api/me/favorites","statusCode":304,"durationMs":3,"sessionType":"anonymous","userId":"2","role":"moderator"}
2026-05-24 18:25:45 [INFO] [request] HTTP request started {"requestId":"02294b51-8f82-453f-a590-43350af580c4","method":"GET","url":"/api/me/reading-progress","ip":"::1","sessionType":"anonymous","userId":null,"role":null}
2026-05-24 18:25:45 [INFO] [request] HTTP request started {"requestId":"ff6bcabb-d047-4b10-9cad-fe85c48a562a","method":"PUT","url":"/api/me/reading-progress/4","ip":"::1","sessionType":"anonymous","userId":null,"role":null}
2026-05-24 18:25:45 [INFO] [request] HTTP request finished {"requestId":"02294b51-8f82-453f-a590-43350af580c4","method":"GET","url":"/api/me/reading-progress","statusCode":304,"durationMs":1,"sessionType":"anonymous","userId":"2","role":"moderator"}
2026-05-24 18:25:45 [INFO] [userActivity.routes] Reading progress saved {"requestId":"ff6bcabb-d047-4b10-9cad-fe85c48a562a","userId":"2","workId":"4","currentPage":0}
2026-05-24 18:25:45 [INFO] [request] HTTP request finished {"requestId":"ff6bcabb-d047-4b10-9cad-fe85c48a562a","method":"PUT","url":"/api/me/reading-progress/4","statusCode":200,"durationMs":2,"sessionType":"anonymous","userId":"2","role":"moderator"}
2026-05-24 18:25:45 [INFO] [request] HTTP request started {"requestId":"47026203-604e-4f45-9f3d-a9e3b0068180","method":"PUT","url":"/api/me/reading-progress/4","ip":"::1","sessionType":"anonymous","userId":null,"role":null}
2026-05-24 18:25:45 [INFO] [userActivity.routes] Reading progress saved {"requestId":"47026203-604e-4f45-9f3d-a9e3b0068180","userId":"2","workId":"4","currentPage":1}
2026-05-24 18:25:45 [INFO] [request] HTTP request finished {"requestId":"47026203-604e-4f45-9f3d-a9e3b0068180","method":"PUT","url":"/api/me/reading-progress/4","statusCode":200,"durationMs":1,"sessionType":"anonymous","userId":"2","role":"moderator"}
2026-05-24 18:25:47 [INFO] [request] HTTP request started {"requestId":"45aeecc5-195b-4bc3-9fcd-9632f6be692a","method":"GET","url":"/api/works","ip":"::1","sessionType":"anonymous","userId":null,"role":null}
2026-05-24 18:25:47 [INFO] [work.routes] Published works requested {"requestId":"45aeecc5-195b-4bc3-9fcd-9632f6be692a"}
2026-05-24 18:25:47 [INFO] [request] HTTP request started {"requestId":"642ee88c-9cdc-4b66-8fe9-f654b1a9ba05","method":"GET","url":"/api/works/my","ip":"::1","sessionType":"anonymous","userId":null,"role":null}
2026-05-24 18:25:47 [INFO] [request] HTTP request started {"requestId":"44bc5606-0dad-4d48-8ad7-6b1e5fe30546","method":"GET","url":"/api/comments/my","ip":"::1","sessionType":"anonymous","userId":null,"role":null}
2026-05-24 18:25:47 [INFO] [request] HTTP request started {"requestId":"88817c36-f99c-48b2-b87c-787d37eef442","method":"GET","url":"/api/me/favorite-genres","ip":"::1","sessionType":"anonymous","userId":null,"role":null}
2026-05-24 18:25:47 [INFO] [request] HTTP request finished {"requestId":"45aeecc5-195b-4bc3-9fcd-9632f6be692a","method":"GET","url":"/api/works","statusCode":304,"durationMs":3,"sessionType":"anonymous","userId":null,"role":null}
2026-05-24 18:25:47 [INFO] [work.routes] Current user works requested {"requestId":"642ee88c-9cdc-4b66-8fe9-f654b1a9ba05","authorId":"2","count":1}
2026-05-24 18:25:47 [INFO] [request] HTTP request finished {"requestId":"642ee88c-9cdc-4b66-8fe9-f654b1a9ba05","method":"GET","url":"/api/works/my","statusCode":304,"durationMs":2,"sessionType":"anonymous","userId":"2","role":"moderator"}
2026-05-24 18:25:47 [INFO] [request] HTTP request started {"requestId":"40dd6622-dfaf-48b3-a237-5ea28eb4d41f","method":"GET","url":"/api/me/favorites","ip":"::1","sessionType":"anonymous","userId":null,"role":null}
2026-05-24 18:25:47 [INFO] [comment.routes] Current user comments requested {"requestId":"44bc5606-0dad-4d48-8ad7-6b1e5fe30546","userId":"2","count":2}
2026-05-24 18:25:47 [INFO] [request] HTTP request finished {"requestId":"44bc5606-0dad-4d48-8ad7-6b1e5fe30546","method":"GET","url":"/api/comments/my","statusCode":304,"durationMs":2,"sessionType":"anonymous","userId":"2","role":"moderator"}
2026-05-24 18:25:47 [INFO] [request] HTTP request finished {"requestId":"40dd6622-dfaf-48b3-a237-5ea28eb4d41f","method":"GET","url":"/api/me/favorites","statusCode":304,"durationMs":2,"sessionType":"anonymous","userId":"2","role":"moderator"}
2026-05-24 18:25:47 [INFO] [request] HTTP request started {"requestId":"1fbffd2d-459a-4da4-955a-cd814fdd5cb1","method":"GET","url":"/api/me/reading-progress","ip":"::1","sessionType":"anonymous","userId":null,"role":null}
2026-05-24 18:25:47 [INFO] [request] HTTP request finished {"requestId":"1fbffd2d-459a-4da4-955a-cd814fdd5cb1","method":"GET","url":"/api/me/reading-progress","statusCode":200,"durationMs":1,"sessionType":"anonymous","userId":"2","role":"moderator"}
2026-05-24 18:25:47 [INFO] [request] HTTP request finished {"requestId":"88817c36-f99c-48b2-b87c-787d37eef442","method":"GET","url":"/api/me/favorite-genres","statusCode":304,"durationMs":34,"sessionType":"anonymous","userId":"2","role":"moderator"}
2026-05-24 18:26:12 [INFO] [request] HTTP request started {"requestId":"2dd7ef30-866b-4a6b-bb52-c2f4d1f7a105","method":"PUT","url":"/api/me/favorite-genres","ip":"::1","sessionType":"anonymous","userId":null,"role":null}
2026-05-24 18:26:13 [INFO] [userActivity.routes] Favorite genres saved {"requestId":"2dd7ef30-866b-4a6b-bb52-c2f4d1f7a105","userId":"2","genresCount":1}
2026-05-24 18:26:13 [INFO] [request] HTTP request finished {"requestId":"2dd7ef30-866b-4a6b-bb52-c2f4d1f7a105","method":"PUT","url":"/api/me/favorite-genres","statusCode":200,"durationMs":35,"sessionType":"anonymous","userId":"2","role":"moderator"}
2026-05-24 18:26:13 [INFO] [request] HTTP request started {"requestId":"02969a89-c5f5-4d1d-bae1-7a9fc8bca298","method":"GET","url":"/api/me/favorite-genres","ip":"::1","sessionType":"anonymous","userId":null,"role":null}
2026-05-24 18:26:13 [INFO] [request] HTTP request finished {"requestId":"02969a89-c5f5-4d1d-bae1-7a9fc8bca298","method":"GET","url":"/api/me/favorite-genres","statusCode":200,"durationMs":1,"sessionType":"anonymous","userId":"2","role":"moderator"}
2026-05-24 18:26:13 [INFO] [request] HTTP request started {"requestId":"f51d12cc-5e5f-4ad9-ace1-84bccc6f8624","method":"GET","url":"/api/works","ip":"::1","sessionType":"anonymous","userId":null,"role":null}
2026-05-24 18:26:13 [INFO] [work.routes] Published works requested {"requestId":"f51d12cc-5e5f-4ad9-ace1-84bccc6f8624"}
2026-05-24 18:26:13 [INFO] [request] HTTP request finished {"requestId":"f51d12cc-5e5f-4ad9-ace1-84bccc6f8624","method":"GET","url":"/api/works","statusCode":304,"durationMs":6,"sessionType":"anonymous","userId":null,"role":null}
2026-05-24 18:26:15 [INFO] [request] HTTP request started {"requestId":"f325a637-84c9-4fe7-9b3f-c91ae8a9828d","method":"GET","url":"/api/works","ip":"::1","sessionType":"anonymous","userId":null,"role":null}
2026-05-24 18:26:15 [INFO] [work.routes] Published works requested {"requestId":"f325a637-84c9-4fe7-9b3f-c91ae8a9828d"}
2026-05-24 18:26:15 [INFO] [request] HTTP request started {"requestId":"49dff487-791d-430a-9b16-e380189c683c","method":"GET","url":"/api/me/favorite-genres","ip":"::1","sessionType":"anonymous","userId":null,"role":null}
2026-05-24 18:26:15 [INFO] [request] HTTP request finished {"requestId":"f325a637-84c9-4fe7-9b3f-c91ae8a9828d","method":"GET","url":"/api/works","statusCode":304,"durationMs":2,"sessionType":"anonymous","userId":null,"role":null}
2026-05-24 18:26:15 [INFO] [request] HTTP request started {"requestId":"e0ff5e6e-cf18-4ab9-859c-43f366b61656","method":"GET","url":"/api/works/my","ip":"::1","sessionType":"anonymous","userId":null,"role":null}
2026-05-24 18:26:15 [INFO] [request] HTTP request started {"requestId":"29ec9871-542a-4c20-ba19-1c4d3609ff8a","method":"GET","url":"/api/comments/my","ip":"::1","sessionType":"anonymous","userId":null,"role":null}
2026-05-24 18:26:15 [INFO] [request] HTTP request started {"requestId":"86be55da-95cf-4d81-a24e-ed0ef558f849","method":"GET","url":"/api/me/favorites","ip":"::1","sessionType":"anonymous","userId":null,"role":null}
2026-05-24 18:26:15 [INFO] [request] HTTP request started {"requestId":"09ddd97d-f17a-455c-8ae3-c768a11634d9","method":"GET","url":"/api/me/reading-progress","ip":"::1","sessionType":"anonymous","userId":null,"role":null}
2026-05-24 18:26:15 [INFO] [work.routes] Current user works requested {"requestId":"e0ff5e6e-cf18-4ab9-859c-43f366b61656","authorId":"2","count":1}
2026-05-24 18:26:15 [INFO] [request] HTTP request finished {"requestId":"e0ff5e6e-cf18-4ab9-859c-43f366b61656","method":"GET","url":"/api/works/my","statusCode":304,"durationMs":3,"sessionType":"anonymous","userId":"2","role":"moderator"}
2026-05-24 18:26:15 [INFO] [request] HTTP request finished {"requestId":"49dff487-791d-430a-9b16-e380189c683c","method":"GET","url":"/api/me/favorite-genres","statusCode":304,"durationMs":39,"sessionType":"anonymous","userId":"2","role":"moderator"}
2026-05-24 18:26:15 [INFO] [comment.routes] Current user comments requested {"requestId":"29ec9871-542a-4c20-ba19-1c4d3609ff8a","userId":"2","count":2}
2026-05-24 18:26:15 [INFO] [request] HTTP request finished {"requestId":"29ec9871-542a-4c20-ba19-1c4d3609ff8a","method":"GET","url":"/api/comments/my","statusCode":304,"durationMs":43,"sessionType":"anonymous","userId":"2","role":"moderator"}
2026-05-24 18:26:15 [INFO] [request] HTTP request finished {"requestId":"86be55da-95cf-4d81-a24e-ed0ef558f849","method":"GET","url":"/api/me/favorites","statusCode":304,"durationMs":43,"sessionType":"anonymous","userId":"2","role":"moderator"}
2026-05-24 18:26:15 [INFO] [request] HTTP request finished {"requestId":"09ddd97d-f17a-455c-8ae3-c768a11634d9","method":"GET","url":"/api/me/reading-progress","statusCode":304,"durationMs":47,"sessionType":"anonymous","userId":"2","role":"moderator"}
2026-05-24 18:26:16 [INFO] [request] HTTP request started {"requestId":"8a64b5f6-5c05-46f4-bddc-cf71452eb086","method":"PUT","url":"/api/me/favorite-genres","ip":"::1","sessionType":"anonymous","userId":null,"role":null}
2026-05-24 18:26:16 [INFO] [userActivity.routes] Favorite genres saved {"requestId":"8a64b5f6-5c05-46f4-bddc-cf71452eb086","userId":"2","genresCount":0}
2026-05-24 18:26:16 [INFO] [request] HTTP request finished {"requestId":"8a64b5f6-5c05-46f4-bddc-cf71452eb086","method":"PUT","url":"/api/me/favorite-genres","statusCode":200,"durationMs":5,"sessionType":"anonymous","userId":"2","role":"moderator"}
2026-05-24 18:27:32 [INFO] [request] HTTP request started {"requestId":"d7b0b039-9f92-41d6-8cbc-00a1f5ba8040","method":"GET","url":"/api/admin/stats","ip":"::1","sessionType":"anonymous","userId":null,"role":null}
2026-05-24 18:27:32 [INFO] [adminStats.routes] Admin stats requested {"requestId":"d7b0b039-9f92-41d6-8cbc-00a1f5ba8040","userId":"2","role":"moderator"}
2026-05-24 18:27:32 [INFO] [request] HTTP request finished {"requestId":"d7b0b039-9f92-41d6-8cbc-00a1f5ba8040","method":"GET","url":"/api/admin/stats","statusCode":200,"durationMs":156,"sessionType":"anonymous","userId":"2","role":"moderator"}
2026-05-24 18:31:04 [INFO] [request] HTTP request started {"requestId":"089466d6-5673-4acb-ae15-125242ee9b7b","method":"GET","url":"/api/works","ip":"::1","sessionType":"anonymous","userId":null,"role":null}
2026-05-24 18:31:04 [INFO] [work.routes] Published works requested {"requestId":"089466d6-5673-4acb-ae15-125242ee9b7b"}
2026-05-24 18:31:04 [INFO] [request] HTTP request started {"requestId":"0a1cf429-ab6f-45f1-a4ed-79b142d0db7a","method":"GET","url":"/api/works/my","ip":"::1","sessionType":"anonymous","userId":null,"role":null}
2026-05-24 18:31:04 [INFO] [request] HTTP request started {"requestId":"5fb7787a-06f7-4caf-a2dd-7270e6f5d936","method":"GET","url":"/api/comments/my","ip":"::1","sessionType":"anonymous","userId":null,"role":null}
2026-05-24 18:31:04 [INFO] [request] HTTP request started {"requestId":"4850fe68-da4d-4a16-b33e-1a0a6a3162eb","method":"GET","url":"/api/me/favorites","ip":"::1","sessionType":"anonymous","userId":null,"role":null}
2026-05-24 18:31:04 [INFO] [request] HTTP request started {"requestId":"858f3046-62f0-4748-a8c2-d87e920f8b2c","method":"GET","url":"/api/me/favorite-genres","ip":"::1","sessionType":"anonymous","userId":null,"role":null}
2026-05-24 18:31:04 [INFO] [request] HTTP request started {"requestId":"acd54715-6dfc-4379-9575-c686abfca500","method":"GET","url":"/api/me/reading-progress","ip":"::1","sessionType":"anonymous","userId":null,"role":null}
2026-05-24 18:31:04 [INFO] [request] HTTP request finished {"requestId":"089466d6-5673-4acb-ae15-125242ee9b7b","method":"GET","url":"/api/works","statusCode":304,"durationMs":44,"sessionType":"anonymous","userId":null,"role":null}
2026-05-24 18:31:04 [INFO] [work.routes] Current user works requested {"requestId":"0a1cf429-ab6f-45f1-a4ed-79b142d0db7a","authorId":"2","count":1}
2026-05-24 18:31:04 [INFO] [request] HTTP request finished {"requestId":"0a1cf429-ab6f-45f1-a4ed-79b142d0db7a","method":"GET","url":"/api/works/my","statusCode":304,"durationMs":47,"sessionType":"anonymous","userId":"2","role":"moderator"}
2026-05-24 18:31:04 [INFO] [request] HTTP request finished {"requestId":"4850fe68-da4d-4a16-b33e-1a0a6a3162eb","method":"GET","url":"/api/me/favorites","statusCode":304,"durationMs":49,"sessionType":"anonymous","userId":"2","role":"moderator"}
2026-05-24 18:31:04 [INFO] [comment.routes] Current user comments requested {"requestId":"5fb7787a-06f7-4caf-a2dd-7270e6f5d936","userId":"2","count":2}
2026-05-24 18:31:04 [INFO] [request] HTTP request finished {"requestId":"5fb7787a-06f7-4caf-a2dd-7270e6f5d936","method":"GET","url":"/api/comments/my","statusCode":304,"durationMs":50,"sessionType":"anonymous","userId":"2","role":"moderator"}
2026-05-24 18:31:04 [INFO] [request] HTTP request finished {"requestId":"858f3046-62f0-4748-a8c2-d87e920f8b2c","method":"GET","url":"/api/me/favorite-genres","statusCode":200,"durationMs":51,"sessionType":"anonymous","userId":"2","role":"moderator"}
2026-05-24 18:31:04 [INFO] [request] HTTP request finished {"requestId":"acd54715-6dfc-4379-9575-c686abfca500","method":"GET","url":"/api/me/reading-progress","statusCode":304,"durationMs":55,"sessionType":"anonymous","userId":"2","role":"moderator"}
2026-05-24 18:31:05 [INFO] [request] HTTP request started {"requestId":"bd6185ce-ca43-41f5-b84d-dd07cbec8ce9","method":"PUT","url":"/api/me/favorite-genres","ip":"::1","sessionType":"anonymous","userId":null,"role":null}
2026-05-24 18:31:05 [INFO] [userActivity.routes] Favorite genres saved {"requestId":"bd6185ce-ca43-41f5-b84d-dd07cbec8ce9","userId":"2","genresCount":1}
2026-05-24 18:31:05 [INFO] [request] HTTP request finished {"requestId":"bd6185ce-ca43-41f5-b84d-dd07cbec8ce9","method":"PUT","url":"/api/me/favorite-genres","statusCode":200,"durationMs":8,"sessionType":"anonymous","userId":"2","role":"moderator"}
2026-05-24 18:31:10 [INFO] [request] HTTP request started {"requestId":"024c2940-9e62-4e36-86aa-51ed74557e97","method":"PUT","url":"/api/me/favorite-genres","ip":"::1","sessionType":"anonymous","userId":null,"role":null}
2026-05-24 18:31:10 [INFO] [userActivity.routes] Favorite genres saved {"requestId":"024c2940-9e62-4e36-86aa-51ed74557e97","userId":"2","genresCount":0}
2026-05-24 18:31:10 [INFO] [request] HTTP request finished {"requestId":"024c2940-9e62-4e36-86aa-51ed74557e97","method":"PUT","url":"/api/me/favorite-genres","statusCode":200,"durationMs":2,"sessionType":"anonymous","userId":"2","role":"moderator"}
2026-05-24 19:28:34 [INFO] [request] HTTP request started {"requestId":"dc974cc8-c3c4-4abf-9b00-a8d1019e86c3","method":"GET","url":"/api/works","ip":"::1","sessionType":"anonymous","userId":null,"role":null}
2026-05-24 19:28:34 [INFO] [work.routes] Published works requested {"requestId":"dc974cc8-c3c4-4abf-9b00-a8d1019e86c3"}
2026-05-24 19:28:34 [INFO] [request] HTTP request started {"requestId":"657d26c8-f01d-4e53-bd94-990a283202e0","method":"GET","url":"/api/works/my","ip":"::1","sessionType":"anonymous","userId":null,"role":null}
2026-05-24 19:28:34 [INFO] [request] HTTP request started {"requestId":"662e1e27-9be3-4b7a-b320-3d8b952f8617","method":"GET","url":"/api/comments/my","ip":"::1","sessionType":"anonymous","userId":null,"role":null}
2026-05-24 19:28:34 [INFO] [request] HTTP request started {"requestId":"de5b8133-a6b1-49f6-8f7a-5984a382ecd1","method":"GET","url":"/api/me/favorite-genres","ip":"::1","sessionType":"anonymous","userId":null,"role":null}
2026-05-24 19:28:34 [INFO] [request] HTTP request started {"requestId":"1f663a90-542c-4ae0-97ef-60b9f9f06674","method":"GET","url":"/api/me/favorites","ip":"::1","sessionType":"anonymous","userId":null,"role":null}
2026-05-24 19:28:34 [INFO] [request] HTTP request started {"requestId":"5452b161-033b-4d55-b43c-f1db17b1acac","method":"GET","url":"/api/me/reading-progress","ip":"::1","sessionType":"anonymous","userId":null,"role":null}
2026-05-24 19:28:34 [INFO] [request] HTTP request finished {"requestId":"dc974cc8-c3c4-4abf-9b00-a8d1019e86c3","method":"GET","url":"/api/works","statusCode":304,"durationMs":41,"sessionType":"anonymous","userId":null,"role":null}
2026-05-24 19:28:34 [INFO] [work.routes] Current user works requested {"requestId":"657d26c8-f01d-4e53-bd94-990a283202e0","authorId":"2","count":1}
2026-05-24 19:28:34 [INFO] [request] HTTP request finished {"requestId":"657d26c8-f01d-4e53-bd94-990a283202e0","method":"GET","url":"/api/works/my","statusCode":304,"durationMs":43,"sessionType":"anonymous","userId":"2","role":"moderator"}
2026-05-24 19:28:34 [INFO] [request] HTTP request finished {"requestId":"de5b8133-a6b1-49f6-8f7a-5984a382ecd1","method":"GET","url":"/api/me/favorite-genres","statusCode":200,"durationMs":44,"sessionType":"anonymous","userId":"2","role":"moderator"}
2026-05-24 19:28:34 [INFO] [request] HTTP request finished {"requestId":"1f663a90-542c-4ae0-97ef-60b9f9f06674","method":"GET","url":"/api/me/favorites","statusCode":304,"durationMs":45,"sessionType":"anonymous","userId":"2","role":"moderator"}
2026-05-24 19:28:34 [INFO] [comment.routes] Current user comments requested {"requestId":"662e1e27-9be3-4b7a-b320-3d8b952f8617","userId":"2","count":2}
2026-05-24 19:28:34 [INFO] [request] HTTP request finished {"requestId":"662e1e27-9be3-4b7a-b320-3d8b952f8617","method":"GET","url":"/api/comments/my","statusCode":304,"durationMs":46,"sessionType":"anonymous","userId":"2","role":"moderator"}
2026-05-24 19:28:34 [INFO] [request] HTTP request finished {"requestId":"5452b161-033b-4d55-b43c-f1db17b1acac","method":"GET","url":"/api/me/reading-progress","statusCode":304,"durationMs":50,"sessionType":"anonymous","userId":"2","role":"moderator"}
2026-05-24 19:30:19 [INFO] [request] HTTP request started {"requestId":"e26f8edf-7f95-482f-b391-2c4d65bfc727","method":"GET","url":"/api/works","ip":"::1","sessionType":"anonymous","userId":null,"role":null}
2026-05-24 19:30:19 [INFO] [work.routes] Published works requested {"requestId":"e26f8edf-7f95-482f-b391-2c4d65bfc727"}
2026-05-24 19:30:19 [INFO] [request] HTTP request started {"requestId":"c3075114-ee6b-494c-a9b3-75cca538525c","method":"GET","url":"/api/works/my","ip":"::1","sessionType":"anonymous","userId":null,"role":null}
2026-05-24 19:30:19 [INFO] [request] HTTP request started {"requestId":"1a81dac8-89ed-4f1c-9b0d-fcdc238ed1f2","method":"GET","url":"/api/comments/my","ip":"::1","sessionType":"anonymous","userId":null,"role":null}
2026-05-24 19:30:19 [INFO] [request] HTTP request started {"requestId":"cf852741-b304-4bf1-974a-795001614297","method":"GET","url":"/api/me/favorites","ip":"::1","sessionType":"anonymous","userId":null,"role":null}
2026-05-24 19:30:19 [INFO] [request] HTTP request started {"requestId":"e9fc38e9-f628-4f33-accc-d35d2614c9af","method":"GET","url":"/api/me/reading-progress","ip":"::1","sessionType":"anonymous","userId":null,"role":null}
2026-05-24 19:30:19 [INFO] [request] HTTP request started {"requestId":"c35c5c4e-accf-4ae7-b821-711f79616c14","method":"GET","url":"/api/me/favorite-genres","ip":"::1","sessionType":"anonymous","userId":null,"role":null}
2026-05-24 19:30:19 [INFO] [request] HTTP request finished {"requestId":"cf852741-b304-4bf1-974a-795001614297","method":"GET","url":"/api/me/favorites","statusCode":304,"durationMs":39,"sessionType":"anonymous","userId":"2","role":"moderator"}
2026-05-24 19:30:19 [INFO] [comment.routes] Current user comments requested {"requestId":"1a81dac8-89ed-4f1c-9b0d-fcdc238ed1f2","userId":"2","count":2}
2026-05-24 19:30:19 [INFO] [request] HTTP request finished {"requestId":"1a81dac8-89ed-4f1c-9b0d-fcdc238ed1f2","method":"GET","url":"/api/comments/my","statusCode":304,"durationMs":42,"sessionType":"anonymous","userId":"2","role":"moderator"}
2026-05-24 19:30:19 [INFO] [request] HTTP request finished {"requestId":"c35c5c4e-accf-4ae7-b821-711f79616c14","method":"GET","url":"/api/me/favorite-genres","statusCode":304,"durationMs":42,"sessionType":"anonymous","userId":"2","role":"moderator"}
2026-05-24 19:30:19 [INFO] [request] HTTP request finished {"requestId":"e9fc38e9-f628-4f33-accc-d35d2614c9af","method":"GET","url":"/api/me/reading-progress","statusCode":304,"durationMs":44,"sessionType":"anonymous","userId":"2","role":"moderator"}
2026-05-24 19:30:19 [INFO] [work.routes] Current user works requested {"requestId":"c3075114-ee6b-494c-a9b3-75cca538525c","authorId":"2","count":1}
2026-05-24 19:30:19 [INFO] [request] HTTP request finished {"requestId":"c3075114-ee6b-494c-a9b3-75cca538525c","method":"GET","url":"/api/works/my","statusCode":304,"durationMs":150,"sessionType":"anonymous","userId":"2","role":"moderator"}
2026-05-24 19:30:19 [INFO] [request] HTTP request finished {"requestId":"e26f8edf-7f95-482f-b391-2c4d65bfc727","method":"GET","url":"/api/works","statusCode":304,"durationMs":151,"sessionType":"anonymous","userId":null,"role":null}
2026-05-24 19:34:22 [INFO] [request] HTTP request started {"requestId":"a1b3e2e3-7ffc-4396-a7af-35262aa35ea0","method":"GET","url":"/api/works","ip":"::1","sessionType":"anonymous","userId":null,"role":null}
2026-05-24 19:34:22 [INFO] [work.routes] Published works requested {"requestId":"a1b3e2e3-7ffc-4396-a7af-35262aa35ea0"}
2026-05-24 19:34:22 [INFO] [request] HTTP request started {"requestId":"8186fe16-0014-4f91-b373-780de0997751","method":"GET","url":"/api/works/my","ip":"::1","sessionType":"anonymous","userId":null,"role":null}
2026-05-24 19:34:22 [INFO] [request] HTTP request started {"requestId":"dbdfb1af-a8f4-4021-a610-3ae0dd695ddc","method":"GET","url":"/api/comments/my","ip":"::1","sessionType":"anonymous","userId":null,"role":null}
2026-05-24 19:34:22 [INFO] [request] HTTP request started {"requestId":"c99ef35c-77e5-47ed-be40-9fba26fec0a5","method":"GET","url":"/api/me/favorites","ip":"::1","sessionType":"anonymous","userId":null,"role":null}
2026-05-24 19:34:22 [INFO] [request] HTTP request started {"requestId":"fef378d5-8c3b-4c7a-be4f-a0cadbac12f2","method":"GET","url":"/api/me/reading-progress","ip":"::1","sessionType":"anonymous","userId":null,"role":null}
2026-05-24 19:34:22 [INFO] [request] HTTP request started {"requestId":"b81db3c6-5cf8-4082-b8a8-78a0f49ab08b","method":"GET","url":"/api/me/favorite-genres","ip":"::1","sessionType":"anonymous","userId":null,"role":null}
2026-05-24 19:34:22 [INFO] [request] HTTP request finished {"requestId":"a1b3e2e3-7ffc-4396-a7af-35262aa35ea0","method":"GET","url":"/api/works","statusCode":304,"durationMs":39,"sessionType":"anonymous","userId":null,"role":null}
2026-05-24 19:34:22 [INFO] [work.routes] Current user works requested {"requestId":"8186fe16-0014-4f91-b373-780de0997751","authorId":"2","count":1}
2026-05-24 19:34:22 [INFO] [request] HTTP request finished {"requestId":"8186fe16-0014-4f91-b373-780de0997751","method":"GET","url":"/api/works/my","statusCode":304,"durationMs":43,"sessionType":"anonymous","userId":"2","role":"moderator"}
2026-05-24 19:34:22 [INFO] [request] HTTP request finished {"requestId":"c99ef35c-77e5-47ed-be40-9fba26fec0a5","method":"GET","url":"/api/me/favorites","statusCode":304,"durationMs":43,"sessionType":"anonymous","userId":"2","role":"moderator"}
2026-05-24 19:34:22 [INFO] [comment.routes] Current user comments requested {"requestId":"dbdfb1af-a8f4-4021-a610-3ae0dd695ddc","userId":"2","count":2}
2026-05-24 19:34:22 [INFO] [request] HTTP request finished {"requestId":"dbdfb1af-a8f4-4021-a610-3ae0dd695ddc","method":"GET","url":"/api/comments/my","statusCode":304,"durationMs":45,"sessionType":"anonymous","userId":"2","role":"moderator"}
2026-05-24 19:34:22 [INFO] [request] HTTP request finished {"requestId":"b81db3c6-5cf8-4082-b8a8-78a0f49ab08b","method":"GET","url":"/api/me/favorite-genres","statusCode":304,"durationMs":45,"sessionType":"anonymous","userId":"2","role":"moderator"}
2026-05-24 19:34:22 [INFO] [request] HTTP request finished {"requestId":"fef378d5-8c3b-4c7a-be4f-a0cadbac12f2","method":"GET","url":"/api/me/reading-progress","statusCode":304,"durationMs":47,"sessionType":"anonymous","userId":"2","role":"moderator"}
2026-05-24 19:34:35 [INFO] [request] HTTP request started {"requestId":"1bf3cc83-6f66-44ca-a910-6cd7f306f4f8","method":"POST","url":"/api/me/favorites/4","ip":"::1","sessionType":"anonymous","userId":null,"role":null}
2026-05-24 19:34:35 [INFO] [userActivity.routes] Favorite work toggled {"requestId":"1bf3cc83-6f66-44ca-a910-6cd7f306f4f8","userId":"2","workId":"4","isFavorite":false}
2026-05-24 19:34:35 [INFO] [request] HTTP request finished {"requestId":"1bf3cc83-6f66-44ca-a910-6cd7f306f4f8","method":"POST","url":"/api/me/favorites/4","statusCode":200,"durationMs":31,"sessionType":"anonymous","userId":"2","role":"moderator"}
2026-05-24 19:34:39 [INFO] [request] HTTP request started {"requestId":"92d5d5bd-3f8d-48c6-b6c9-57ea30093dfd","method":"DELETE","url":"/api/me/reading-progress/1","ip":"::1","sessionType":"anonymous","userId":null,"role":null}
2026-05-24 19:34:39 [INFO] [userActivity.routes] Reading progress deleted {"requestId":"92d5d5bd-3f8d-48c6-b6c9-57ea30093dfd","userId":"2","workId":"1"}
2026-05-24 19:34:39 [INFO] [request] HTTP request finished {"requestId":"92d5d5bd-3f8d-48c6-b6c9-57ea30093dfd","method":"DELETE","url":"/api/me/reading-progress/1","statusCode":200,"durationMs":6,"sessionType":"anonymous","userId":"2","role":"moderator"}
2026-05-24 19:34:42 [INFO] [request] HTTP request started {"requestId":"37ed3cc1-4e24-41a6-8541-1ad271d9d476","method":"GET","url":"/api/works","ip":"::1","sessionType":"anonymous","userId":null,"role":null}
2026-05-24 19:34:42 [INFO] [work.routes] Published works requested {"requestId":"37ed3cc1-4e24-41a6-8541-1ad271d9d476"}
2026-05-24 19:34:42 [INFO] [request] HTTP request started {"requestId":"123ba8d2-d2cb-4270-874b-536b715ba01f","method":"GET","url":"/api/me/favorite-genres","ip":"::1","sessionType":"anonymous","userId":null,"role":null}
2026-05-24 19:34:42 [INFO] [request] HTTP request finished {"requestId":"37ed3cc1-4e24-41a6-8541-1ad271d9d476","method":"GET","url":"/api/works","statusCode":304,"durationMs":5,"sessionType":"anonymous","userId":null,"role":null}
2026-05-24 19:34:42 [INFO] [request] HTTP request finished {"requestId":"123ba8d2-d2cb-4270-874b-536b715ba01f","method":"GET","url":"/api/me/favorite-genres","statusCode":304,"durationMs":31,"sessionType":"anonymous","userId":"2","role":"moderator"}
2026-05-24 19:34:44 [INFO] [request] HTTP request started {"requestId":"1417f3dc-693a-415e-8adf-8380c69a2e1c","method":"GET","url":"/api/works/4","ip":"::1","sessionType":"anonymous","userId":null,"role":null}
2026-05-24 19:34:44 [INFO] [request] HTTP request started {"requestId":"29efb397-db4e-4535-9c6d-be21cd03b3bb","method":"GET","url":"/api/works/4/comments","ip":"::1","sessionType":"anonymous","userId":null,"role":null}
2026-05-24 19:34:44 [INFO] [request] HTTP request started {"requestId":"0fb79e9a-48cf-4c2f-b605-50d2796df25e","method":"GET","url":"/api/me/favorites","ip":"::1","sessionType":"anonymous","userId":null,"role":null}
2026-05-24 19:34:44 [INFO] [request] HTTP request finished {"requestId":"29efb397-db4e-4535-9c6d-be21cd03b3bb","method":"GET","url":"/api/works/4/comments","statusCode":304,"durationMs":3,"sessionType":"anonymous","userId":null,"role":null}
2026-05-24 19:34:44 [INFO] [request] HTTP request finished {"requestId":"1417f3dc-693a-415e-8adf-8380c69a2e1c","method":"GET","url":"/api/works/4","statusCode":304,"durationMs":9,"sessionType":"anonymous","userId":null,"role":null}
2026-05-24 19:34:44 [INFO] [request] HTTP request started {"requestId":"f7fbca24-c68e-4d82-89ae-b175995538f5","method":"GET","url":"/api/me/reading-progress","ip":"::1","sessionType":"anonymous","userId":null,"role":null}
2026-05-24 19:34:44 [INFO] [request] HTTP request started {"requestId":"a52246f8-d10b-433c-916b-76f4e0e631c1","method":"PUT","url":"/api/me/reading-progress/4","ip":"::1","sessionType":"anonymous","userId":null,"role":null}
2026-05-24 19:34:44 [INFO] [userActivity.routes] Reading progress saved {"requestId":"a52246f8-d10b-433c-916b-76f4e0e631c1","userId":"2","workId":"4","currentPage":0}
2026-05-24 19:34:44 [INFO] [request] HTTP request finished {"requestId":"a52246f8-d10b-433c-916b-76f4e0e631c1","method":"PUT","url":"/api/me/reading-progress/4","statusCode":200,"durationMs":1,"sessionType":"anonymous","userId":"2","role":"moderator"}
2026-05-24 19:34:44 [INFO] [request] HTTP request finished {"requestId":"f7fbca24-c68e-4d82-89ae-b175995538f5","method":"GET","url":"/api/me/reading-progress","statusCode":200,"durationMs":3,"sessionType":"anonymous","userId":"2","role":"moderator"}
2026-05-24 19:34:44 [INFO] [request] HTTP request finished {"requestId":"0fb79e9a-48cf-4c2f-b605-50d2796df25e","method":"GET","url":"/api/me/favorites","statusCode":200,"durationMs":37,"sessionType":"anonymous","userId":"2","role":"moderator"}
2026-05-24 19:35:00 [INFO] [request] HTTP request started {"requestId":"ca6f340d-b9bc-4e15-a183-37cb977ed8f3","method":"POST","url":"/api/me/favorites/4","ip":"::1","sessionType":"anonymous","userId":null,"role":null}
2026-05-24 19:35:01 [INFO] [userActivity.routes] Favorite work toggled {"requestId":"ca6f340d-b9bc-4e15-a183-37cb977ed8f3","userId":"2","workId":"4","isFavorite":true}
2026-05-24 19:35:01 [INFO] [request] HTTP request finished {"requestId":"ca6f340d-b9bc-4e15-a183-37cb977ed8f3","method":"POST","url":"/api/me/favorites/4","statusCode":200,"durationMs":33,"sessionType":"anonymous","userId":"2","role":"moderator"}
2026-05-24 19:35:05 [INFO] [request] HTTP request started {"requestId":"34ea0560-7bf7-43bc-949d-5709775a089b","method":"GET","url":"/api/works","ip":"::1","sessionType":"anonymous","userId":null,"role":null}
2026-05-24 19:35:05 [INFO] [work.routes] Published works requested {"requestId":"34ea0560-7bf7-43bc-949d-5709775a089b"}
2026-05-24 19:35:05 [INFO] [request] HTTP request started {"requestId":"9709c284-ea63-49e8-8608-de9e65990e68","method":"GET","url":"/api/works/my","ip":"::1","sessionType":"anonymous","userId":null,"role":null}
2026-05-24 19:35:05 [INFO] [request] HTTP request started {"requestId":"16670635-9112-4d54-9368-036055be8c22","method":"GET","url":"/api/comments/my","ip":"::1","sessionType":"anonymous","userId":null,"role":null}
2026-05-24 19:35:05 [INFO] [request] HTTP request started {"requestId":"0268b926-c849-44d6-b89c-0827e1610d02","method":"GET","url":"/api/me/favorites","ip":"::1","sessionType":"anonymous","userId":null,"role":null}
2026-05-24 19:35:05 [INFO] [request] HTTP request started {"requestId":"99b2b672-6d45-41e0-beef-ae9917ef5b4c","method":"GET","url":"/api/me/reading-progress","ip":"::1","sessionType":"anonymous","userId":null,"role":null}
2026-05-24 19:35:05 [INFO] [request] HTTP request started {"requestId":"5f347c9d-143c-4ee2-bcf3-bbe862486a45","method":"GET","url":"/api/me/favorite-genres","ip":"::1","sessionType":"anonymous","userId":null,"role":null}
2026-05-24 19:35:05 [INFO] [request] HTTP request finished {"requestId":"34ea0560-7bf7-43bc-949d-5709775a089b","method":"GET","url":"/api/works","statusCode":304,"durationMs":4,"sessionType":"anonymous","userId":null,"role":null}
2026-05-24 19:35:05 [INFO] [work.routes] Current user works requested {"requestId":"9709c284-ea63-49e8-8608-de9e65990e68","authorId":"2","count":1}
2026-05-24 19:35:05 [INFO] [request] HTTP request finished {"requestId":"9709c284-ea63-49e8-8608-de9e65990e68","method":"GET","url":"/api/works/my","statusCode":304,"durationMs":39,"sessionType":"anonymous","userId":"2","role":"moderator"}
2026-05-24 19:35:05 [INFO] [request] HTTP request finished {"requestId":"0268b926-c849-44d6-b89c-0827e1610d02","method":"GET","url":"/api/me/favorites","statusCode":200,"durationMs":43,"sessionType":"anonymous","userId":"2","role":"moderator"}
2026-05-24 19:35:05 [INFO] [request] HTTP request finished {"requestId":"5f347c9d-143c-4ee2-bcf3-bbe862486a45","method":"GET","url":"/api/me/favorite-genres","statusCode":304,"durationMs":43,"sessionType":"anonymous","userId":"2","role":"moderator"}
2026-05-24 19:35:05 [INFO] [request] HTTP request finished {"requestId":"99b2b672-6d45-41e0-beef-ae9917ef5b4c","method":"GET","url":"/api/me/reading-progress","statusCode":304,"durationMs":46,"sessionType":"anonymous","userId":"2","role":"moderator"}
2026-05-24 19:35:05 [INFO] [comment.routes] Current user comments requested {"requestId":"16670635-9112-4d54-9368-036055be8c22","userId":"2","count":2}
2026-05-24 19:35:05 [INFO] [request] HTTP request finished {"requestId":"16670635-9112-4d54-9368-036055be8c22","method":"GET","url":"/api/comments/my","statusCode":304,"durationMs":141,"sessionType":"anonymous","userId":"2","role":"moderator"}
2026-05-24 19:35:11 [INFO] [request] HTTP request started {"requestId":"1e37a5b3-f56f-4e9e-9c1f-cdef59f42bf6","method":"POST","url":"/api/me/favorites/4","ip":"::1","sessionType":"anonymous","userId":null,"role":null}
2026-05-24 19:35:11 [INFO] [userActivity.routes] Favorite work toggled {"requestId":"1e37a5b3-f56f-4e9e-9c1f-cdef59f42bf6","userId":"2","workId":"4","isFavorite":false}
2026-05-24 19:35:11 [INFO] [request] HTTP request finished {"requestId":"1e37a5b3-f56f-4e9e-9c1f-cdef59f42bf6","method":"POST","url":"/api/me/favorites/4","statusCode":200,"durationMs":6,"sessionType":"anonymous","userId":"2","role":"moderator"}
2026-05-24 19:35:37 [INFO] [request] HTTP request started {"requestId":"e331db45-a725-494b-8653-eef9e4a1b043","method":"GET","url":"/api/works","ip":"::1","sessionType":"anonymous","userId":null,"role":null}
2026-05-24 19:35:37 [INFO] [work.routes] Published works requested {"requestId":"e331db45-a725-494b-8653-eef9e4a1b043"}
2026-05-24 19:35:37 [INFO] [request] HTTP request started {"requestId":"74966b3e-875c-427b-ba3c-1083fb4d4f92","method":"GET","url":"/api/works/my","ip":"::1","sessionType":"anonymous","userId":null,"role":null}
2026-05-24 19:35:37 [INFO] [request] HTTP request started {"requestId":"4617a0e9-ce98-4584-8825-28b57656b8c4","method":"GET","url":"/api/comments/my","ip":"::1","sessionType":"anonymous","userId":null,"role":null}
2026-05-24 19:35:37 [INFO] [request] HTTP request started {"requestId":"9e7c845e-6923-4fb0-922e-cd4dc9157483","method":"GET","url":"/api/me/favorites","ip":"::1","sessionType":"anonymous","userId":null,"role":null}
2026-05-24 19:35:37 [INFO] [request] HTTP request started {"requestId":"4bbeb42e-5462-47aa-947a-f328947ce57e","method":"GET","url":"/api/me/reading-progress","ip":"::1","sessionType":"anonymous","userId":null,"role":null}
2026-05-24 19:35:37 [INFO] [request] HTTP request started {"requestId":"f2708061-036c-48c1-a3d8-04f144d8465e","method":"GET","url":"/api/me/favorite-genres","ip":"::1","sessionType":"anonymous","userId":null,"role":null}
2026-05-24 19:35:37 [INFO] [request] HTTP request finished {"requestId":"e331db45-a725-494b-8653-eef9e4a1b043","method":"GET","url":"/api/works","statusCode":304,"durationMs":42,"sessionType":"anonymous","userId":null,"role":null}
2026-05-24 19:35:37 [INFO] [work.routes] Current user works requested {"requestId":"74966b3e-875c-427b-ba3c-1083fb4d4f92","authorId":"2","count":1}
2026-05-24 19:35:37 [INFO] [request] HTTP request finished {"requestId":"74966b3e-875c-427b-ba3c-1083fb4d4f92","method":"GET","url":"/api/works/my","statusCode":304,"durationMs":42,"sessionType":"anonymous","userId":"2","role":"moderator"}
2026-05-24 19:35:37 [INFO] [request] HTTP request finished {"requestId":"9e7c845e-6923-4fb0-922e-cd4dc9157483","method":"GET","url":"/api/me/favorites","statusCode":200,"durationMs":43,"sessionType":"anonymous","userId":"2","role":"moderator"}
2026-05-24 19:35:37 [INFO] [comment.routes] Current user comments requested {"requestId":"4617a0e9-ce98-4584-8825-28b57656b8c4","userId":"2","count":2}
2026-05-24 19:35:37 [INFO] [request] HTTP request finished {"requestId":"4617a0e9-ce98-4584-8825-28b57656b8c4","method":"GET","url":"/api/comments/my","statusCode":304,"durationMs":45,"sessionType":"anonymous","userId":"2","role":"moderator"}
2026-05-24 19:35:37 [INFO] [request] HTTP request finished {"requestId":"f2708061-036c-48c1-a3d8-04f144d8465e","method":"GET","url":"/api/me/favorite-genres","statusCode":304,"durationMs":46,"sessionType":"anonymous","userId":"2","role":"moderator"}
2026-05-24 19:35:37 [INFO] [request] HTTP request finished {"requestId":"4bbeb42e-5462-47aa-947a-f328947ce57e","method":"GET","url":"/api/me/reading-progress","statusCode":304,"durationMs":49,"sessionType":"anonymous","userId":"2","role":"moderator"}
2026-05-24 19:35:42 [INFO] [request] HTTP request started {"requestId":"3b7cd66e-25e7-43b1-8b20-646dbfe127e9","method":"POST","url":"/api/me/favorites/1","ip":"::1","sessionType":"anonymous","userId":null,"role":null}
2026-05-24 19:35:42 [INFO] [userActivity.routes] Favorite work toggled {"requestId":"3b7cd66e-25e7-43b1-8b20-646dbfe127e9","userId":"2","workId":"1","isFavorite":false}
2026-05-24 19:35:42 [INFO] [request] HTTP request finished {"requestId":"3b7cd66e-25e7-43b1-8b20-646dbfe127e9","method":"POST","url":"/api/me/favorites/1","statusCode":200,"durationMs":3,"sessionType":"anonymous","userId":"2","role":"moderator"}
2026-05-24 19:35:52 [INFO] [request] HTTP request started {"requestId":"c89d7914-af27-41be-8260-6e5c70d2de3f","method":"GET","url":"/api/works","ip":"::1","sessionType":"anonymous","userId":null,"role":null}
2026-05-24 19:35:52 [INFO] [work.routes] Published works requested {"requestId":"c89d7914-af27-41be-8260-6e5c70d2de3f"}
2026-05-24 19:35:52 [INFO] [request] HTTP request started {"requestId":"14e1ecab-3514-4882-b006-c8812f92e1e4","method":"GET","url":"/api/me/favorite-genres","ip":"::1","sessionType":"anonymous","userId":null,"role":null}
2026-05-24 19:35:52 [INFO] [request] HTTP request finished {"requestId":"14e1ecab-3514-4882-b006-c8812f92e1e4","method":"GET","url":"/api/me/favorite-genres","statusCode":304,"durationMs":35,"sessionType":"anonymous","userId":"2","role":"moderator"}
2026-05-24 19:35:52 [INFO] [request] HTTP request finished {"requestId":"c89d7914-af27-41be-8260-6e5c70d2de3f","method":"GET","url":"/api/works","statusCode":304,"durationMs":38,"sessionType":"anonymous","userId":null,"role":null}
2026-05-24 19:35:55 [INFO] [request] HTTP request started {"requestId":"b1d5d8d3-d043-4140-b37c-3b2d04dcb75c","method":"GET","url":"/api/works/4","ip":"::1","sessionType":"anonymous","userId":null,"role":null}
2026-05-24 19:35:55 [INFO] [request] HTTP request started {"requestId":"83b0370a-ee21-423c-a432-290075b0dd68","method":"GET","url":"/api/works/4/comments","ip":"::1","sessionType":"anonymous","userId":null,"role":null}
2026-05-24 19:35:55 [INFO] [request] HTTP request started {"requestId":"7b76949a-ce1a-4cfa-94a5-b9826d0157cd","method":"GET","url":"/api/me/favorites","ip":"::1","sessionType":"anonymous","userId":null,"role":null}
2026-05-24 19:35:55 [INFO] [request] HTTP request finished {"requestId":"b1d5d8d3-d043-4140-b37c-3b2d04dcb75c","method":"GET","url":"/api/works/4","statusCode":304,"durationMs":4,"sessionType":"anonymous","userId":null,"role":null}
2026-05-24 19:35:55 [INFO] [request] HTTP request finished {"requestId":"83b0370a-ee21-423c-a432-290075b0dd68","method":"GET","url":"/api/works/4/comments","statusCode":304,"durationMs":6,"sessionType":"anonymous","userId":null,"role":null}
2026-05-24 19:35:55 [INFO] [request] HTTP request started {"requestId":"7496ed48-1b66-46d0-8968-29b4911e1a9a","method":"GET","url":"/api/me/reading-progress","ip":"::1","sessionType":"anonymous","userId":null,"role":null}
2026-05-24 19:35:55 [INFO] [request] HTTP request started {"requestId":"6a2ecd7b-95d4-4d1e-8507-99e5123ec9d3","method":"PUT","url":"/api/me/reading-progress/4","ip":"::1","sessionType":"anonymous","userId":null,"role":null}
2026-05-24 19:35:55 [INFO] [userActivity.routes] Reading progress saved {"requestId":"6a2ecd7b-95d4-4d1e-8507-99e5123ec9d3","userId":"2","workId":"4","currentPage":0}
2026-05-24 19:35:55 [INFO] [request] HTTP request finished {"requestId":"6a2ecd7b-95d4-4d1e-8507-99e5123ec9d3","method":"PUT","url":"/api/me/reading-progress/4","statusCode":200,"durationMs":2,"sessionType":"anonymous","userId":"2","role":"moderator"}
2026-05-24 19:35:55 [INFO] [request] HTTP request finished {"requestId":"7496ed48-1b66-46d0-8968-29b4911e1a9a","method":"GET","url":"/api/me/reading-progress","statusCode":200,"durationMs":7,"sessionType":"anonymous","userId":"2","role":"moderator"}
2026-05-24 19:35:55 [INFO] [request] HTTP request finished {"requestId":"7b76949a-ce1a-4cfa-94a5-b9826d0157cd","method":"GET","url":"/api/me/favorites","statusCode":200,"durationMs":35,"sessionType":"anonymous","userId":"2","role":"moderator"}
2026-05-24 19:35:55 [INFO] [request] HTTP request started {"requestId":"65c92603-2863-4e46-b522-6ffaff83663f","method":"POST","url":"/api/me/favorites/4","ip":"::1","sessionType":"anonymous","userId":null,"role":null}
2026-05-24 19:35:55 [INFO] [userActivity.routes] Favorite work toggled {"requestId":"65c92603-2863-4e46-b522-6ffaff83663f","userId":"2","workId":"4","isFavorite":true}
2026-05-24 19:35:55 [INFO] [request] HTTP request finished {"requestId":"65c92603-2863-4e46-b522-6ffaff83663f","method":"POST","url":"/api/me/favorites/4","statusCode":200,"durationMs":5,"sessionType":"anonymous","userId":"2","role":"moderator"}
2026-05-24 19:36:31 [INFO] [request] HTTP request started {"requestId":"41536c24-960c-4e1c-8c8b-148cc745858c","method":"GET","url":"/api/works","ip":"::1","sessionType":"anonymous","userId":null,"role":null}
2026-05-24 19:36:31 [INFO] [work.routes] Published works requested {"requestId":"41536c24-960c-4e1c-8c8b-148cc745858c"}
2026-05-24 19:36:31 [INFO] [request] HTTP request started {"requestId":"b9cfe881-64f5-4562-ab12-85ce4c89eeec","method":"GET","url":"/api/works/my","ip":"::1","sessionType":"anonymous","userId":null,"role":null}
2026-05-24 19:36:31 [INFO] [request] HTTP request started {"requestId":"fa1577d7-9c35-4deb-b135-2d5a6362e860","method":"GET","url":"/api/comments/my","ip":"::1","sessionType":"anonymous","userId":null,"role":null}
2026-05-24 19:36:31 [INFO] [request] HTTP request started {"requestId":"1f027a91-cf7b-46f2-96d2-a3d90cbe3a05","method":"GET","url":"/api/me/favorites","ip":"::1","sessionType":"anonymous","userId":null,"role":null}
2026-05-24 19:36:31 [INFO] [request] HTTP request started {"requestId":"03c04336-ebde-4607-8319-9a607545faed","method":"GET","url":"/api/me/reading-progress","ip":"::1","sessionType":"anonymous","userId":null,"role":null}
2026-05-24 19:36:31 [INFO] [request] HTTP request started {"requestId":"c5d043ac-97bf-4878-b392-d7ea4ea64c64","method":"GET","url":"/api/me/favorite-genres","ip":"::1","sessionType":"anonymous","userId":null,"role":null}
2026-05-24 19:36:31 [INFO] [request] HTTP request finished {"requestId":"41536c24-960c-4e1c-8c8b-148cc745858c","method":"GET","url":"/api/works","statusCode":304,"durationMs":45,"sessionType":"anonymous","userId":null,"role":null}
2026-05-24 19:36:31 [INFO] [work.routes] Current user works requested {"requestId":"b9cfe881-64f5-4562-ab12-85ce4c89eeec","authorId":"2","count":1}
2026-05-24 19:36:31 [INFO] [request] HTTP request finished {"requestId":"b9cfe881-64f5-4562-ab12-85ce4c89eeec","method":"GET","url":"/api/works/my","statusCode":304,"durationMs":45,"sessionType":"anonymous","userId":"2","role":"moderator"}
2026-05-24 19:36:31 [INFO] [request] HTTP request finished {"requestId":"1f027a91-cf7b-46f2-96d2-a3d90cbe3a05","method":"GET","url":"/api/me/favorites","statusCode":200,"durationMs":44,"sessionType":"anonymous","userId":"2","role":"moderator"}
2026-05-24 19:36:31 [INFO] [comment.routes] Current user comments requested {"requestId":"fa1577d7-9c35-4deb-b135-2d5a6362e860","userId":"2","count":2}
2026-05-24 19:36:31 [INFO] [request] HTTP request finished {"requestId":"fa1577d7-9c35-4deb-b135-2d5a6362e860","method":"GET","url":"/api/comments/my","statusCode":304,"durationMs":46,"sessionType":"anonymous","userId":"2","role":"moderator"}
2026-05-24 19:36:31 [INFO] [request] HTTP request finished {"requestId":"c5d043ac-97bf-4878-b392-d7ea4ea64c64","method":"GET","url":"/api/me/favorite-genres","statusCode":304,"durationMs":48,"sessionType":"anonymous","userId":"2","role":"moderator"}
2026-05-24 19:36:31 [INFO] [request] HTTP request finished {"requestId":"03c04336-ebde-4607-8319-9a607545faed","method":"GET","url":"/api/me/reading-progress","statusCode":304,"durationMs":49,"sessionType":"anonymous","userId":"2","role":"moderator"}
2026-05-24 19:47:48 [INFO] [request] HTTP request started {"requestId":"e36af865-04aa-4dec-9967-9f9743f4383e","method":"GET","url":"/api/works/4","ip":"::1","sessionType":"anonymous","userId":null,"role":null}
2026-05-24 19:47:48 [INFO] [request] HTTP request started {"requestId":"54feab6e-6b36-4fb7-8971-e92377804c40","method":"GET","url":"/api/works/4/comments","ip":"::1","sessionType":"anonymous","userId":null,"role":null}
2026-05-24 19:47:48 [INFO] [request] HTTP request started {"requestId":"d9fc7e85-1b29-4fbb-bddf-5c9eda3eda96","method":"GET","url":"/api/me/favorites","ip":"::1","sessionType":"anonymous","userId":null,"role":null}
2026-05-24 19:47:49 [INFO] [request] HTTP request finished {"requestId":"e36af865-04aa-4dec-9967-9f9743f4383e","method":"GET","url":"/api/works/4","statusCode":304,"durationMs":38,"sessionType":"anonymous","userId":null,"role":null}
2026-05-24 19:47:49 [INFO] [request] HTTP request finished {"requestId":"d9fc7e85-1b29-4fbb-bddf-5c9eda3eda96","method":"GET","url":"/api/me/favorites","statusCode":304,"durationMs":38,"sessionType":"anonymous","userId":"2","role":"moderator"}
2026-05-24 19:47:49 [INFO] [request] HTTP request started {"requestId":"4a7fbb33-f80a-4333-8cfc-b9b22d4b0bdb","method":"GET","url":"/api/me/reading-progress","ip":"::1","sessionType":"anonymous","userId":null,"role":null}
2026-05-24 19:47:49 [INFO] [request] HTTP request started {"requestId":"b4c1ac98-a999-47f0-9057-6662071bff38","method":"PUT","url":"/api/me/reading-progress/4","ip":"::1","sessionType":"anonymous","userId":null,"role":null}
2026-05-24 19:47:49 [INFO] [userActivity.routes] Reading progress saved {"requestId":"b4c1ac98-a999-47f0-9057-6662071bff38","userId":"2","workId":"4","currentPage":0}
2026-05-24 19:47:49 [INFO] [request] HTTP request finished {"requestId":"b4c1ac98-a999-47f0-9057-6662071bff38","method":"PUT","url":"/api/me/reading-progress/4","statusCode":200,"durationMs":3,"sessionType":"anonymous","userId":"2","role":"moderator"}
2026-05-24 19:47:49 [INFO] [request] HTTP request finished {"requestId":"4a7fbb33-f80a-4333-8cfc-b9b22d4b0bdb","method":"GET","url":"/api/me/reading-progress","statusCode":200,"durationMs":5,"sessionType":"anonymous","userId":"2","role":"moderator"}
2026-05-24 19:47:49 [INFO] [request] HTTP request finished {"requestId":"54feab6e-6b36-4fb7-8971-e92377804c40","method":"GET","url":"/api/works/4/comments","statusCode":304,"durationMs":134,"sessionType":"anonymous","userId":null,"role":null}
2026-05-24 20:01:27 [INFO] [request] HTTP request started {"requestId":"6849d79d-fed9-4795-80cb-98af7cde7b4d","method":"GET","url":"/api/works/4","ip":"::1","sessionType":"anonymous","userId":null,"role":null}
2026-05-24 20:01:27 [INFO] [request] HTTP request started {"requestId":"a39d6702-a017-4eb4-a40f-5cf2161799b3","method":"GET","url":"/api/works/4/comments","ip":"::1","sessionType":"anonymous","userId":null,"role":null}
2026-05-24 20:01:27 [INFO] [request] HTTP request started {"requestId":"74215e49-00ee-448d-af4b-303d05d259ad","method":"PUT","url":"/api/me/reading-progress/4","ip":"::1","sessionType":"anonymous","userId":null,"role":null}
2026-05-24 20:01:27 [INFO] [request] HTTP request started {"requestId":"a98b8eb9-a9ec-41c6-bc39-2f9dc0349d77","method":"GET","url":"/api/me/favorites","ip":"::1","sessionType":"anonymous","userId":null,"role":null}
2026-05-24 20:01:27 [INFO] [request] HTTP request started {"requestId":"edf70f20-3f82-42f4-9aea-91b5b651a924","method":"GET","url":"/api/me/reading-progress","ip":"::1","sessionType":"anonymous","userId":null,"role":null}
2026-05-24 20:01:27 [INFO] [userActivity.routes] Reading progress saved {"requestId":"74215e49-00ee-448d-af4b-303d05d259ad","userId":"2","workId":"4","currentPage":0}
2026-05-24 20:01:27 [INFO] [request] HTTP request finished {"requestId":"74215e49-00ee-448d-af4b-303d05d259ad","method":"PUT","url":"/api/me/reading-progress/4","statusCode":200,"durationMs":38,"sessionType":"anonymous","userId":"2","role":"moderator"}
2026-05-24 20:01:27 [INFO] [request] HTTP request finished {"requestId":"6849d79d-fed9-4795-80cb-98af7cde7b4d","method":"GET","url":"/api/works/4","statusCode":304,"durationMs":40,"sessionType":"anonymous","userId":null,"role":null}
2026-05-24 20:01:27 [INFO] [request] HTTP request finished {"requestId":"a39d6702-a017-4eb4-a40f-5cf2161799b3","method":"GET","url":"/api/works/4/comments","statusCode":304,"durationMs":39,"sessionType":"anonymous","userId":null,"role":null}
2026-05-24 20:01:27 [INFO] [request] HTTP request finished {"requestId":"a98b8eb9-a9ec-41c6-bc39-2f9dc0349d77","method":"GET","url":"/api/me/favorites","statusCode":304,"durationMs":40,"sessionType":"anonymous","userId":"2","role":"moderator"}
2026-05-24 20:01:27 [INFO] [request] HTTP request finished {"requestId":"edf70f20-3f82-42f4-9aea-91b5b651a924","method":"GET","url":"/api/me/reading-progress","statusCode":200,"durationMs":43,"sessionType":"anonymous","userId":"2","role":"moderator"}
2026-05-24 20:01:27 [INFO] [request] HTTP request started {"requestId":"789144f5-0bd1-4810-9d12-ab6d913211b4","method":"GET","url":"/api/me/reading-progress","ip":"::1","sessionType":"anonymous","userId":null,"role":null}
2026-05-24 20:01:27 [INFO] [request] HTTP request finished {"requestId":"789144f5-0bd1-4810-9d12-ab6d913211b4","method":"GET","url":"/api/me/reading-progress","statusCode":304,"durationMs":1,"sessionType":"anonymous","userId":"2","role":"moderator"}
2026-05-24 20:01:27 [INFO] [request] HTTP request started {"requestId":"46413c16-3ea0-4f78-9f7e-620783ff000a","method":"PUT","url":"/api/me/reading-progress/4","ip":"::1","sessionType":"anonymous","userId":null,"role":null}
2026-05-24 20:01:27 [INFO] [userActivity.routes] Reading progress saved {"requestId":"46413c16-3ea0-4f78-9f7e-620783ff000a","userId":"2","workId":"4","currentPage":0}
2026-05-24 20:01:27 [INFO] [request] HTTP request finished {"requestId":"46413c16-3ea0-4f78-9f7e-620783ff000a","method":"PUT","url":"/api/me/reading-progress/4","statusCode":200,"durationMs":2,"sessionType":"anonymous","userId":"2","role":"moderator"}
2026-05-24 20:01:50 [INFO] [request] HTTP request started {"requestId":"ca55dc32-88ef-44f8-8075-432c11efce7e","method":"PUT","url":"/api/me/reading-progress/4","ip":"::1","sessionType":"anonymous","userId":null,"role":null}
2026-05-24 20:01:50 [INFO] [request] HTTP request started {"requestId":"9621e6ae-1116-4440-a12b-83f184c330fb","method":"GET","url":"/api/works/4","ip":"::1","sessionType":"anonymous","userId":null,"role":null}
2026-05-24 20:01:50 [INFO] [request] HTTP request started {"requestId":"12496f24-16bf-4f00-8771-be185f8c0f26","method":"GET","url":"/api/works/4/comments","ip":"::1","sessionType":"anonymous","userId":null,"role":null}
2026-05-24 20:01:50 [INFO] [request] HTTP request started {"requestId":"788b6583-7639-46a8-9cac-e8b1989cc70e","method":"GET","url":"/api/me/favorites","ip":"::1","sessionType":"anonymous","userId":null,"role":null}
2026-05-24 20:01:50 [INFO] [request] HTTP request started {"requestId":"f45bed43-5479-4cbb-aa28-a897fea17cac","method":"GET","url":"/api/me/reading-progress","ip":"::1","sessionType":"anonymous","userId":null,"role":null}
2026-05-24 20:01:50 [INFO] [userActivity.routes] Reading progress saved {"requestId":"ca55dc32-88ef-44f8-8075-432c11efce7e","userId":"2","workId":"4","currentPage":0}
2026-05-24 20:01:50 [INFO] [request] HTTP request finished {"requestId":"ca55dc32-88ef-44f8-8075-432c11efce7e","method":"PUT","url":"/api/me/reading-progress/4","statusCode":200,"durationMs":36,"sessionType":"anonymous","userId":"2","role":"moderator"}
2026-05-24 20:01:50 [INFO] [request] HTTP request finished {"requestId":"9621e6ae-1116-4440-a12b-83f184c330fb","method":"GET","url":"/api/works/4","statusCode":304,"durationMs":40,"sessionType":"anonymous","userId":null,"role":null}
2026-05-24 20:01:50 [INFO] [request] HTTP request finished {"requestId":"12496f24-16bf-4f00-8771-be185f8c0f26","method":"GET","url":"/api/works/4/comments","statusCode":304,"durationMs":39,"sessionType":"anonymous","userId":null,"role":null}
2026-05-24 20:01:50 [INFO] [request] HTTP request finished {"requestId":"788b6583-7639-46a8-9cac-e8b1989cc70e","method":"GET","url":"/api/me/favorites","statusCode":304,"durationMs":40,"sessionType":"anonymous","userId":"2","role":"moderator"}
2026-05-24 20:01:50 [INFO] [request] HTTP request finished {"requestId":"f45bed43-5479-4cbb-aa28-a897fea17cac","method":"GET","url":"/api/me/reading-progress","statusCode":200,"durationMs":43,"sessionType":"anonymous","userId":"2","role":"moderator"}
2026-05-24 20:01:50 [INFO] [request] HTTP request started {"requestId":"d849ead6-e456-4348-bc4f-7b0df34b6445","method":"GET","url":"/api/me/reading-progress","ip":"::1","sessionType":"anonymous","userId":null,"role":null}
2026-05-24 20:01:50 [INFO] [request] HTTP request finished {"requestId":"d849ead6-e456-4348-bc4f-7b0df34b6445","method":"GET","url":"/api/me/reading-progress","statusCode":304,"durationMs":1,"sessionType":"anonymous","userId":"2","role":"moderator"}
2026-05-24 20:01:50 [INFO] [request] HTTP request started {"requestId":"6150946b-fbbe-4431-a17f-b43608d02744","method":"PUT","url":"/api/me/reading-progress/4","ip":"::1","sessionType":"anonymous","userId":null,"role":null}
2026-05-24 20:01:50 [INFO] [userActivity.routes] Reading progress saved {"requestId":"6150946b-fbbe-4431-a17f-b43608d02744","userId":"2","workId":"4","currentPage":0}
2026-05-24 20:01:50 [INFO] [request] HTTP request finished {"requestId":"6150946b-fbbe-4431-a17f-b43608d02744","method":"PUT","url":"/api/me/reading-progress/4","statusCode":200,"durationMs":2,"sessionType":"anonymous","userId":"2","role":"moderator"}
2026-05-24 20:02:19 [INFO] [request] HTTP request started {"requestId":"d2bb1ae3-344e-44b6-8bf7-92a372fde9b6","method":"GET","url":"/api/works/4","ip":"::1","sessionType":"anonymous","userId":null,"role":null}
2026-05-24 20:02:19 [INFO] [request] HTTP request started {"requestId":"d3e523f6-dd02-40ba-933e-362055b69df2","method":"GET","url":"/api/works/4/comments","ip":"::1","sessionType":"anonymous","userId":null,"role":null}
2026-05-24 20:02:19 [INFO] [request] HTTP request started {"requestId":"8e2ac858-f189-4377-82c4-f5e7aa801e5f","method":"GET","url":"/api/me/favorites","ip":"::1","sessionType":"anonymous","userId":null,"role":null}
2026-05-24 20:02:19 [INFO] [request] HTTP request started {"requestId":"24c5aaa3-7cbf-4945-8b4e-1f60a84a0054","method":"PUT","url":"/api/me/reading-progress/4","ip":"::1","sessionType":"anonymous","userId":null,"role":null}
2026-05-24 20:02:19 [INFO] [request] HTTP request started {"requestId":"1ab8085f-57bb-41ea-98e9-5e2a8b266890","method":"GET","url":"/api/me/reading-progress","ip":"::1","sessionType":"anonymous","userId":null,"role":null}
2026-05-24 20:02:19 [INFO] [request] HTTP request finished {"requestId":"d3e523f6-dd02-40ba-933e-362055b69df2","method":"GET","url":"/api/works/4/comments","statusCode":304,"durationMs":37,"sessionType":"anonymous","userId":null,"role":null}
2026-05-24 20:02:19 [INFO] [request] HTTP request finished {"requestId":"d2bb1ae3-344e-44b6-8bf7-92a372fde9b6","method":"GET","url":"/api/works/4","statusCode":304,"durationMs":38,"sessionType":"anonymous","userId":null,"role":null}
2026-05-24 20:02:19 [INFO] [userActivity.routes] Reading progress saved {"requestId":"24c5aaa3-7cbf-4945-8b4e-1f60a84a0054","userId":"2","workId":"4","currentPage":0}
2026-05-24 20:02:19 [INFO] [request] HTTP request finished {"requestId":"24c5aaa3-7cbf-4945-8b4e-1f60a84a0054","method":"PUT","url":"/api/me/reading-progress/4","statusCode":200,"durationMs":40,"sessionType":"anonymous","userId":"2","role":"moderator"}
2026-05-24 20:02:19 [INFO] [request] HTTP request finished {"requestId":"1ab8085f-57bb-41ea-98e9-5e2a8b266890","method":"GET","url":"/api/me/reading-progress","statusCode":200,"durationMs":44,"sessionType":"anonymous","userId":"2","role":"moderator"}
2026-05-24 20:02:19 [INFO] [request] HTTP request started {"requestId":"1a74e1be-f419-4cba-bfdb-e990898575e5","method":"GET","url":"/api/me/reading-progress","ip":"::1","sessionType":"anonymous","userId":null,"role":null}
2026-05-24 20:02:19 [INFO] [request] HTTP request finished {"requestId":"1a74e1be-f419-4cba-bfdb-e990898575e5","method":"GET","url":"/api/me/reading-progress","statusCode":304,"durationMs":1,"sessionType":"anonymous","userId":"2","role":"moderator"}
2026-05-24 20:02:19 [INFO] [request] HTTP request started {"requestId":"3431caea-d881-4ca0-8453-cb38bb05e3f5","method":"PUT","url":"/api/me/reading-progress/4","ip":"::1","sessionType":"anonymous","userId":null,"role":null}
2026-05-24 20:02:19 [INFO] [userActivity.routes] Reading progress saved {"requestId":"3431caea-d881-4ca0-8453-cb38bb05e3f5","userId":"2","workId":"4","currentPage":0}
2026-05-24 20:02:19 [INFO] [request] HTTP request finished {"requestId":"3431caea-d881-4ca0-8453-cb38bb05e3f5","method":"PUT","url":"/api/me/reading-progress/4","statusCode":200,"durationMs":3,"sessionType":"anonymous","userId":"2","role":"moderator"}
2026-05-24 20:02:19 [INFO] [request] HTTP request finished {"requestId":"8e2ac858-f189-4377-82c4-f5e7aa801e5f","method":"GET","url":"/api/me/favorites","statusCode":304,"durationMs":144,"sessionType":"anonymous","userId":"2","role":"moderator"}
2026-05-24 20:02:34 [INFO] [request] HTTP request started {"requestId":"fb44241a-e541-46b8-92c1-dc31d7c2044c","method":"GET","url":"/api/works/4","ip":"::1","sessionType":"anonymous","userId":null,"role":null}
2026-05-24 20:02:34 [INFO] [request] HTTP request started {"requestId":"fbb8667c-8c87-4edb-a142-6cd6439dd0d5","method":"GET","url":"/api/works/4/comments","ip":"::1","sessionType":"anonymous","userId":null,"role":null}
2026-05-24 20:02:34 [INFO] [request] HTTP request started {"requestId":"c53eb20a-4867-4e1e-8649-6a4952b62677","method":"GET","url":"/api/me/favorites","ip":"::1","sessionType":"anonymous","userId":null,"role":null}
2026-05-24 20:02:34 [INFO] [request] HTTP request started {"requestId":"cfa81978-4c14-4492-a5ae-d780a0962939","method":"GET","url":"/api/me/reading-progress","ip":"::1","sessionType":"anonymous","userId":null,"role":null}
2026-05-24 20:02:34 [INFO] [request] HTTP request started {"requestId":"fc928ea6-9dfa-400f-9354-1f992f9bf7d9","method":"PUT","url":"/api/me/reading-progress/4","ip":"::1","sessionType":"anonymous","userId":null,"role":null}
2026-05-24 20:02:34 [INFO] [request] HTTP request finished {"requestId":"fbb8667c-8c87-4edb-a142-6cd6439dd0d5","method":"GET","url":"/api/works/4/comments","statusCode":304,"durationMs":37,"sessionType":"anonymous","userId":null,"role":null}
2026-05-24 20:02:34 [INFO] [request] HTTP request finished {"requestId":"c53eb20a-4867-4e1e-8649-6a4952b62677","method":"GET","url":"/api/me/favorites","statusCode":304,"durationMs":38,"sessionType":"anonymous","userId":"2","role":"moderator"}
2026-05-24 20:02:34 [INFO] [request] HTTP request finished {"requestId":"fb44241a-e541-46b8-92c1-dc31d7c2044c","method":"GET","url":"/api/works/4","statusCode":304,"durationMs":40,"sessionType":"anonymous","userId":null,"role":null}
2026-05-24 20:02:34 [INFO] [userActivity.routes] Reading progress saved {"requestId":"fc928ea6-9dfa-400f-9354-1f992f9bf7d9","userId":"2","workId":"4","currentPage":0}
2026-05-24 20:02:34 [INFO] [request] HTTP request finished {"requestId":"fc928ea6-9dfa-400f-9354-1f992f9bf7d9","method":"PUT","url":"/api/me/reading-progress/4","statusCode":200,"durationMs":39,"sessionType":"anonymous","userId":"2","role":"moderator"}
2026-05-24 20:02:34 [INFO] [request] HTTP request finished {"requestId":"cfa81978-4c14-4492-a5ae-d780a0962939","method":"GET","url":"/api/me/reading-progress","statusCode":200,"durationMs":41,"sessionType":"anonymous","userId":"2","role":"moderator"}
2026-05-24 20:02:34 [INFO] [request] HTTP request started {"requestId":"eaf2549f-318c-407a-b51d-cbe4dd00cda1","method":"GET","url":"/api/me/reading-progress","ip":"::1","sessionType":"anonymous","userId":null,"role":null}
2026-05-24 20:02:34 [INFO] [request] HTTP request finished {"requestId":"eaf2549f-318c-407a-b51d-cbe4dd00cda1","method":"GET","url":"/api/me/reading-progress","statusCode":304,"durationMs":1,"sessionType":"anonymous","userId":"2","role":"moderator"}
2026-05-24 20:02:34 [INFO] [request] HTTP request started {"requestId":"781493c2-e1a3-499a-a3d6-396738e68da5","method":"PUT","url":"/api/me/reading-progress/4","ip":"::1","sessionType":"anonymous","userId":null,"role":null}
2026-05-24 20:02:34 [INFO] [userActivity.routes] Reading progress saved {"requestId":"781493c2-e1a3-499a-a3d6-396738e68da5","userId":"2","workId":"4","currentPage":0}
2026-05-24 20:02:34 [INFO] [request] HTTP request finished {"requestId":"781493c2-e1a3-499a-a3d6-396738e68da5","method":"PUT","url":"/api/me/reading-progress/4","statusCode":200,"durationMs":2,"sessionType":"anonymous","userId":"2","role":"moderator"}
2026-05-24 20:02:46 [INFO] [server] Shutdown signal received {"signal":"SIGINT"}
2026-05-24 20:02:47 [INFO] [server] API running on http://localhost:4000 {"env":"development"}
2026-05-24 20:02:59 [INFO] [request] HTTP request started {"requestId":"b633edbb-d9a9-442c-97c5-5a66313ac508","method":"GET","url":"/api/works","ip":"::1","sessionType":"anonymous","userId":null,"role":null}
2026-05-24 20:02:59 [INFO] [work.routes] Published works requested {"requestId":"b633edbb-d9a9-442c-97c5-5a66313ac508"}
2026-05-24 20:02:59 [INFO] [request] HTTP request started {"requestId":"a53bb27e-5fed-4882-b51e-7bacf0555135","method":"GET","url":"/api/me/favorite-genres","ip":"::1","sessionType":"anonymous","userId":null,"role":null}
2026-05-24 20:02:59 [INFO] [request] HTTP request finished {"requestId":"a53bb27e-5fed-4882-b51e-7bacf0555135","method":"GET","url":"/api/me/favorite-genres","statusCode":304,"durationMs":38,"sessionType":"anonymous","userId":"2","role":"moderator"}
2026-05-24 20:02:59 [INFO] [request] HTTP request finished {"requestId":"b633edbb-d9a9-442c-97c5-5a66313ac508","method":"GET","url":"/api/works","statusCode":304,"durationMs":46,"sessionType":"anonymous","userId":null,"role":null}
2026-05-24 20:03:02 [INFO] [request] HTTP request started {"requestId":"56cb4f1d-7f37-4bf3-8e46-9c53d9e574be","method":"GET","url":"/api/works/4","ip":"::1","sessionType":"anonymous","userId":null,"role":null}
2026-05-24 20:03:02 [INFO] [request] HTTP request started {"requestId":"b7bf7e3b-6912-4a46-834b-a6c7c6d0a679","method":"GET","url":"/api/works/4/comments","ip":"::1","sessionType":"anonymous","userId":null,"role":null}
2026-05-24 20:03:02 [INFO] [request] HTTP request started {"requestId":"90cf4ec6-3232-4cc2-bbd0-376ed5686533","method":"GET","url":"/api/me/favorites","ip":"::1","sessionType":"anonymous","userId":null,"role":null}
2026-05-24 20:03:02 [INFO] [request] HTTP request finished {"requestId":"56cb4f1d-7f37-4bf3-8e46-9c53d9e574be","method":"GET","url":"/api/works/4","statusCode":304,"durationMs":7,"sessionType":"anonymous","userId":null,"role":null}
2026-05-24 20:03:02 [INFO] [request] HTTP request finished {"requestId":"b7bf7e3b-6912-4a46-834b-a6c7c6d0a679","method":"GET","url":"/api/works/4/comments","statusCode":304,"durationMs":6,"sessionType":"anonymous","userId":null,"role":null}
2026-05-24 20:03:02 [INFO] [request] HTTP request started {"requestId":"5a6c9f69-c8bd-4088-8065-3fe1692f17f3","method":"GET","url":"/api/me/reading-progress","ip":"::1","sessionType":"anonymous","userId":null,"role":null}
2026-05-24 20:03:02 [INFO] [request] HTTP request started {"requestId":"2b37580b-bd75-4f4f-8b3d-51900bdb202c","method":"PUT","url":"/api/me/reading-progress/4","ip":"::1","sessionType":"anonymous","userId":null,"role":null}
2026-05-24 20:03:02 [INFO] [request] HTTP request finished {"requestId":"90cf4ec6-3232-4cc2-bbd0-376ed5686533","method":"GET","url":"/api/me/favorites","statusCode":304,"durationMs":46,"sessionType":"anonymous","userId":"2","role":"moderator"}
2026-05-24 20:03:02 [INFO] [request] HTTP request finished {"requestId":"5a6c9f69-c8bd-4088-8065-3fe1692f17f3","method":"GET","url":"/api/me/reading-progress","statusCode":200,"durationMs":10,"sessionType":"anonymous","userId":"2","role":"moderator"}
2026-05-24 20:03:02 [INFO] [userActivity.routes] Reading progress saved {"requestId":"2b37580b-bd75-4f4f-8b3d-51900bdb202c","userId":"2","workId":"4","currentPage":0}
2026-05-24 20:03:02 [INFO] [request] HTTP request finished {"requestId":"2b37580b-bd75-4f4f-8b3d-51900bdb202c","method":"PUT","url":"/api/me/reading-progress/4","statusCode":200,"durationMs":3,"sessionType":"anonymous","userId":"2","role":"moderator"}
2026-05-24 20:03:03 [INFO] [request] HTTP request started {"requestId":"e16a7e3b-2457-418c-bfd6-7e0037f1f3e6","method":"GET","url":"/api/users/4/profile","ip":"::1","sessionType":"anonymous","userId":null,"role":null}
2026-05-24 20:03:03 [INFO] [user.routes] User profile requested {"requestId":"e16a7e3b-2457-418c-bfd6-7e0037f1f3e6","userId":"4"}
2026-05-24 20:03:03 [INFO] [request] HTTP request finished {"requestId":"e16a7e3b-2457-418c-bfd6-7e0037f1f3e6","method":"GET","url":"/api/users/4/profile","statusCode":200,"durationMs":7,"sessionType":"anonymous","userId":null,"role":null}
2026-05-24 20:03:12 [INFO] [request] HTTP request started {"requestId":"9b411c62-053d-411b-a6a1-adbc773ead90","method":"GET","url":"/api/works/4","ip":"::1","sessionType":"anonymous","userId":null,"role":null}
2026-05-24 20:03:12 [INFO] [request] HTTP request started {"requestId":"89fe8e0e-cec4-46d0-823f-59330ec629df","method":"GET","url":"/api/works/4/comments","ip":"::1","sessionType":"anonymous","userId":null,"role":null}
2026-05-24 20:03:12 [INFO] [request] HTTP request started {"requestId":"604aa388-537b-43fa-8fe4-dc6b023a618d","method":"GET","url":"/api/me/favorites","ip":"::1","sessionType":"anonymous","userId":null,"role":null}
2026-05-24 20:03:12 [INFO] [request] HTTP request finished {"requestId":"9b411c62-053d-411b-a6a1-adbc773ead90","method":"GET","url":"/api/works/4","statusCode":304,"durationMs":3,"sessionType":"anonymous","userId":null,"role":null}
2026-05-24 20:03:12 [INFO] [request] HTTP request started {"requestId":"1d53dcc4-c8a9-447b-9d8a-1064f6edce1a","method":"GET","url":"/api/me/reading-progress","ip":"::1","sessionType":"anonymous","userId":null,"role":null}
2026-05-24 20:03:12 [INFO] [request] HTTP request started {"requestId":"b634d686-ed85-4cd1-a61d-b5e6ecb8dd9d","method":"PUT","url":"/api/me/reading-progress/4","ip":"::1","sessionType":"anonymous","userId":null,"role":null}
2026-05-24 20:03:12 [INFO] [request] HTTP request finished {"requestId":"1d53dcc4-c8a9-447b-9d8a-1064f6edce1a","method":"GET","url":"/api/me/reading-progress","statusCode":200,"durationMs":4,"sessionType":"anonymous","userId":"2","role":"moderator"}
2026-05-24 20:03:12 [INFO] [request] HTTP request finished {"requestId":"604aa388-537b-43fa-8fe4-dc6b023a618d","method":"GET","url":"/api/me/favorites","statusCode":304,"durationMs":38,"sessionType":"anonymous","userId":"2","role":"moderator"}
2026-05-24 20:03:12 [INFO] [request] HTTP request finished {"requestId":"89fe8e0e-cec4-46d0-823f-59330ec629df","method":"GET","url":"/api/works/4/comments","statusCode":304,"durationMs":40,"sessionType":"anonymous","userId":null,"role":null}
2026-05-24 20:03:12 [INFO] [userActivity.routes] Reading progress saved {"requestId":"b634d686-ed85-4cd1-a61d-b5e6ecb8dd9d","userId":"2","workId":"4","currentPage":0}
2026-05-24 20:03:12 [INFO] [request] HTTP request finished {"requestId":"b634d686-ed85-4cd1-a61d-b5e6ecb8dd9d","method":"PUT","url":"/api/me/reading-progress/4","statusCode":200,"durationMs":141,"sessionType":"anonymous","userId":"2","role":"moderator"}
2026-05-24 20:03:16 [INFO] [request] HTTP request started {"requestId":"bc0dd948-e836-4f49-a074-5b630eee4d37","method":"GET","url":"/api/works/4","ip":"::1","sessionType":"anonymous","userId":null,"role":null}
2026-05-24 20:03:16 [INFO] [request] HTTP request started {"requestId":"a64b05b4-4471-40c9-a96f-38c54c214934","method":"GET","url":"/api/works/4/comments","ip":"::1","sessionType":"anonymous","userId":null,"role":null}
2026-05-24 20:03:16 [INFO] [request] HTTP request started {"requestId":"c20dbfad-8f71-47e7-bf7b-40f8de7bac15","method":"GET","url":"/api/me/favorites","ip":"::1","sessionType":"anonymous","userId":null,"role":null}
2026-05-24 20:03:16 [INFO] [request] HTTP request finished {"requestId":"a64b05b4-4471-40c9-a96f-38c54c214934","method":"GET","url":"/api/works/4/comments","statusCode":304,"durationMs":1,"sessionType":"anonymous","userId":null,"role":null}
2026-05-24 20:03:16 [INFO] [request] HTTP request finished {"requestId":"c20dbfad-8f71-47e7-bf7b-40f8de7bac15","method":"GET","url":"/api/me/favorites","statusCode":304,"durationMs":3,"sessionType":"anonymous","userId":"2","role":"moderator"}
2026-05-24 20:03:16 [INFO] [request] HTTP request finished {"requestId":"bc0dd948-e836-4f49-a074-5b630eee4d37","method":"GET","url":"/api/works/4","statusCode":304,"durationMs":8,"sessionType":"anonymous","userId":null,"role":null}
2026-05-24 20:03:16 [INFO] [request] HTTP request started {"requestId":"4ac7eced-2329-4914-9e36-72c466b7d6ff","method":"PUT","url":"/api/me/reading-progress/4","ip":"::1","sessionType":"anonymous","userId":null,"role":null}
2026-05-24 20:03:16 [INFO] [request] HTTP request started {"requestId":"a1fb6760-d720-44cb-8ef3-d6be509dbe42","method":"GET","url":"/api/me/reading-progress","ip":"::1","sessionType":"anonymous","userId":null,"role":null}
2026-05-24 20:03:16 [INFO] [userActivity.routes] Reading progress saved {"requestId":"4ac7eced-2329-4914-9e36-72c466b7d6ff","userId":"2","workId":"4","currentPage":0}
2026-05-24 20:03:16 [INFO] [request] HTTP request finished {"requestId":"4ac7eced-2329-4914-9e36-72c466b7d6ff","method":"PUT","url":"/api/me/reading-progress/4","statusCode":200,"durationMs":2,"sessionType":"anonymous","userId":"2","role":"moderator"}
2026-05-24 20:03:16 [INFO] [request] HTTP request finished {"requestId":"a1fb6760-d720-44cb-8ef3-d6be509dbe42","method":"GET","url":"/api/me/reading-progress","statusCode":200,"durationMs":6,"sessionType":"anonymous","userId":"2","role":"moderator"}
2026-05-24 20:03:18 [INFO] [request] HTTP request started {"requestId":"56fa7e30-5f2e-4efd-86e6-0567232876bb","method":"GET","url":"/api/users/2/profile","ip":"::1","sessionType":"anonymous","userId":null,"role":null}
2026-05-24 20:03:18 [INFO] [user.routes] User profile requested {"requestId":"56fa7e30-5f2e-4efd-86e6-0567232876bb","userId":"2"}
2026-05-24 20:03:18 [INFO] [request] HTTP request finished {"requestId":"56fa7e30-5f2e-4efd-86e6-0567232876bb","method":"GET","url":"/api/users/2/profile","statusCode":200,"durationMs":6,"sessionType":"anonymous","userId":null,"role":null}
2026-05-24 20:03:24 [INFO] [request] HTTP request started {"requestId":"3d114e6e-b235-4dba-a0aa-969ce4e2b52d","method":"GET","url":"/api/works/4","ip":"::1","sessionType":"anonymous","userId":null,"role":null}
2026-05-24 20:03:24 [INFO] [request] HTTP request started {"requestId":"c591811e-a87f-4f62-889d-256928974290","method":"GET","url":"/api/works/4/comments","ip":"::1","sessionType":"anonymous","userId":null,"role":null}
2026-05-24 20:03:24 [INFO] [request] HTTP request started {"requestId":"148e5b3b-d484-4f84-8077-497a259277fd","method":"GET","url":"/api/me/favorites","ip":"::1","sessionType":"anonymous","userId":null,"role":null}
2026-05-24 20:03:24 [INFO] [request] HTTP request finished {"requestId":"3d114e6e-b235-4dba-a0aa-969ce4e2b52d","method":"GET","url":"/api/works/4","statusCode":304,"durationMs":3,"sessionType":"anonymous","userId":null,"role":null}
2026-05-24 20:03:24 [INFO] [request] HTTP request finished {"requestId":"c591811e-a87f-4f62-889d-256928974290","method":"GET","url":"/api/works/4/comments","statusCode":304,"durationMs":3,"sessionType":"anonymous","userId":null,"role":null}
2026-05-24 20:03:24 [INFO] [request] HTTP request finished {"requestId":"148e5b3b-d484-4f84-8077-497a259277fd","method":"GET","url":"/api/me/favorites","statusCode":304,"durationMs":3,"sessionType":"anonymous","userId":"2","role":"moderator"}
2026-05-24 20:03:24 [INFO] [request] HTTP request started {"requestId":"77a156aa-b749-4ea6-9d4d-5b3c3807fcbc","method":"GET","url":"/api/me/reading-progress","ip":"::1","sessionType":"anonymous","userId":null,"role":null}
2026-05-24 20:03:24 [INFO] [request] HTTP request started {"requestId":"a3c68188-90d2-4eb7-87e9-16e64ac5805f","method":"PUT","url":"/api/me/reading-progress/4","ip":"::1","sessionType":"anonymous","userId":null,"role":null}
2026-05-24 20:03:24 [INFO] [userActivity.routes] Reading progress saved {"requestId":"a3c68188-90d2-4eb7-87e9-16e64ac5805f","userId":"2","workId":"4","currentPage":0}
2026-05-24 20:03:24 [INFO] [request] HTTP request finished {"requestId":"a3c68188-90d2-4eb7-87e9-16e64ac5805f","method":"PUT","url":"/api/me/reading-progress/4","statusCode":200,"durationMs":4,"sessionType":"anonymous","userId":"2","role":"moderator"}
2026-05-24 20:03:24 [INFO] [request] HTTP request finished {"requestId":"77a156aa-b749-4ea6-9d4d-5b3c3807fcbc","method":"GET","url":"/api/me/reading-progress","statusCode":200,"durationMs":5,"sessionType":"anonymous","userId":"2","role":"moderator"}
2026-05-24 20:03:43 [INFO] [request] HTTP request started {"requestId":"a81f3773-932e-47f6-b3fd-05b485770d09","method":"GET","url":"/api/works","ip":"::1","sessionType":"anonymous","userId":null,"role":null}
2026-05-24 20:03:43 [INFO] [work.routes] Published works requested {"requestId":"a81f3773-932e-47f6-b3fd-05b485770d09"}
2026-05-24 20:03:43 [INFO] [request] HTTP request started {"requestId":"d76aa253-f7bb-49bc-beff-78234c124404","method":"GET","url":"/api/works/my","ip":"::1","sessionType":"anonymous","userId":null,"role":null}
2026-05-24 20:03:43 [INFO] [request] HTTP request started {"requestId":"bcf5cc7d-cc08-44b1-8929-7b23f6cd8347","method":"GET","url":"/api/comments/my","ip":"::1","sessionType":"anonymous","userId":null,"role":null}
2026-05-24 20:03:43 [INFO] [request] HTTP request started {"requestId":"bbc9f97b-97b2-4064-a056-a8de56d8e0d3","method":"GET","url":"/api/me/favorites","ip":"::1","sessionType":"anonymous","userId":null,"role":null}
2026-05-24 20:03:43 [INFO] [request] HTTP request started {"requestId":"41b5c369-5dc1-4a74-b85d-21f3eb96d5d5","method":"GET","url":"/api/me/reading-progress","ip":"::1","sessionType":"anonymous","userId":null,"role":null}
2026-05-24 20:03:43 [INFO] [request] HTTP request started {"requestId":"a8147cd0-e06f-4ddd-b030-c9bb256f278f","method":"GET","url":"/api/me/favorite-genres","ip":"::1","sessionType":"anonymous","userId":null,"role":null}
2026-05-24 20:03:43 [INFO] [request] HTTP request finished {"requestId":"a81f3773-932e-47f6-b3fd-05b485770d09","method":"GET","url":"/api/works","statusCode":304,"durationMs":38,"sessionType":"anonymous","userId":null,"role":null}
2026-05-24 20:03:43 [INFO] [work.routes] Current user works requested {"requestId":"d76aa253-f7bb-49bc-beff-78234c124404","authorId":"2","count":1}
2026-05-24 20:03:43 [INFO] [request] HTTP request finished {"requestId":"d76aa253-f7bb-49bc-beff-78234c124404","method":"GET","url":"/api/works/my","statusCode":304,"durationMs":38,"sessionType":"anonymous","userId":"2","role":"moderator"}
2026-05-24 20:03:43 [INFO] [request] HTTP request finished {"requestId":"bbc9f97b-97b2-4064-a056-a8de56d8e0d3","method":"GET","url":"/api/me/favorites","statusCode":304,"durationMs":39,"sessionType":"anonymous","userId":"2","role":"moderator"}
2026-05-24 20:03:43 [INFO] [request] HTTP request finished {"requestId":"a8147cd0-e06f-4ddd-b030-c9bb256f278f","method":"GET","url":"/api/me/favorite-genres","statusCode":304,"durationMs":40,"sessionType":"anonymous","userId":"2","role":"moderator"}
2026-05-24 20:03:43 [INFO] [request] HTTP request finished {"requestId":"41b5c369-5dc1-4a74-b85d-21f3eb96d5d5","method":"GET","url":"/api/me/reading-progress","statusCode":304,"durationMs":43,"sessionType":"anonymous","userId":"2","role":"moderator"}
2026-05-24 20:03:43 [INFO] [comment.routes] Current user comments requested {"requestId":"bcf5cc7d-cc08-44b1-8929-7b23f6cd8347","userId":"2","count":2}
2026-05-24 20:03:43 [INFO] [request] HTTP request finished {"requestId":"bcf5cc7d-cc08-44b1-8929-7b23f6cd8347","method":"GET","url":"/api/comments/my","statusCode":304,"durationMs":144,"sessionType":"anonymous","userId":"2","role":"moderator"}
2026-05-24 20:04:26 [INFO] [request] HTTP request started {"requestId":"c4b88c47-6a18-4d48-ad63-31b626e54dae","method":"GET","url":"/api/works","ip":"::1","sessionType":"anonymous","userId":null,"role":null}
2026-05-24 20:04:26 [INFO] [work.routes] Published works requested {"requestId":"c4b88c47-6a18-4d48-ad63-31b626e54dae"}
2026-05-24 20:04:26 [INFO] [request] HTTP request started {"requestId":"7268b755-360c-402e-bea7-382b0a9fbec1","method":"GET","url":"/api/works/my","ip":"::1","sessionType":"anonymous","userId":null,"role":null}
2026-05-24 20:04:26 [INFO] [request] HTTP request started {"requestId":"963a1321-0ae7-41de-aa89-1993384468e7","method":"GET","url":"/api/comments/my","ip":"::1","sessionType":"anonymous","userId":null,"role":null}
2026-05-24 20:04:26 [INFO] [request] HTTP request started {"requestId":"72835ffc-b425-465a-b1fa-0ae552f0c8cc","method":"GET","url":"/api/me/favorites","ip":"::1","sessionType":"anonymous","userId":null,"role":null}
2026-05-24 20:04:26 [INFO] [request] HTTP request started {"requestId":"a5668d23-09a7-41eb-9b15-0f88ea1481da","method":"GET","url":"/api/me/reading-progress","ip":"::1","sessionType":"anonymous","userId":null,"role":null}
2026-05-24 20:04:26 [INFO] [request] HTTP request started {"requestId":"e785f1a1-91a6-47da-965a-c00a52ed2b63","method":"GET","url":"/api/me/favorite-genres","ip":"::1","sessionType":"anonymous","userId":null,"role":null}
2026-05-24 20:04:26 [INFO] [request] HTTP request finished {"requestId":"c4b88c47-6a18-4d48-ad63-31b626e54dae","method":"GET","url":"/api/works","statusCode":304,"durationMs":46,"sessionType":"anonymous","userId":null,"role":null}
2026-05-24 20:04:26 [INFO] [work.routes] Current user works requested {"requestId":"7268b755-360c-402e-bea7-382b0a9fbec1","authorId":"2","count":1}
2026-05-24 20:04:26 [INFO] [request] HTTP request finished {"requestId":"7268b755-360c-402e-bea7-382b0a9fbec1","method":"GET","url":"/api/works/my","statusCode":304,"durationMs":46,"sessionType":"anonymous","userId":"2","role":"moderator"}
2026-05-24 20:04:26 [INFO] [comment.routes] Current user comments requested {"requestId":"963a1321-0ae7-41de-aa89-1993384468e7","userId":"2","count":2}
2026-05-24 20:04:26 [INFO] [request] HTTP request finished {"requestId":"963a1321-0ae7-41de-aa89-1993384468e7","method":"GET","url":"/api/comments/my","statusCode":304,"durationMs":47,"sessionType":"anonymous","userId":"2","role":"moderator"}
2026-05-24 20:04:26 [INFO] [request] HTTP request finished {"requestId":"72835ffc-b425-465a-b1fa-0ae552f0c8cc","method":"GET","url":"/api/me/favorites","statusCode":304,"durationMs":47,"sessionType":"anonymous","userId":"2","role":"moderator"}
2026-05-24 20:04:26 [INFO] [request] HTTP request finished {"requestId":"e785f1a1-91a6-47da-965a-c00a52ed2b63","method":"GET","url":"/api/me/favorite-genres","statusCode":304,"durationMs":48,"sessionType":"anonymous","userId":"2","role":"moderator"}
2026-05-24 20:04:26 [INFO] [request] HTTP request finished {"requestId":"a5668d23-09a7-41eb-9b15-0f88ea1481da","method":"GET","url":"/api/me/reading-progress","statusCode":304,"durationMs":49,"sessionType":"anonymous","userId":"2","role":"moderator"}
2026-05-24 20:04:37 [INFO] [request] HTTP request started {"requestId":"289b1875-6095-4ebf-ab62-e13201451401","method":"GET","url":"/api/works","ip":"::1","sessionType":"anonymous","userId":null,"role":null}
2026-05-24 20:04:37 [INFO] [work.routes] Published works requested {"requestId":"289b1875-6095-4ebf-ab62-e13201451401"}
2026-05-24 20:04:37 [INFO] [request] HTTP request started {"requestId":"5edd2ac8-556f-4b7e-b2b4-2785fd83b21a","method":"GET","url":"/api/works/my","ip":"::1","sessionType":"anonymous","userId":null,"role":null}
2026-05-24 20:04:37 [INFO] [request] HTTP request started {"requestId":"92b320a7-5260-4afb-ade5-7961fe4b50f0","method":"GET","url":"/api/comments/my","ip":"::1","sessionType":"anonymous","userId":null,"role":null}
2026-05-24 20:04:37 [INFO] [request] HTTP request started {"requestId":"dfa6aedd-74ae-442a-bb60-aed6e0681b23","method":"GET","url":"/api/me/favorites","ip":"::1","sessionType":"anonymous","userId":null,"role":null}
2026-05-24 20:04:37 [INFO] [request] HTTP request started {"requestId":"80799d77-5fd4-442b-8999-7f9bb59cda6c","method":"GET","url":"/api/me/reading-progress","ip":"::1","sessionType":"anonymous","userId":null,"role":null}
2026-05-24 20:04:37 [INFO] [request] HTTP request started {"requestId":"97f2190c-f8ce-4197-8d40-635576ba3539","method":"GET","url":"/api/me/favorite-genres","ip":"::1","sessionType":"anonymous","userId":null,"role":null}
2026-05-24 20:04:37 [INFO] [work.routes] Current user works requested {"requestId":"5edd2ac8-556f-4b7e-b2b4-2785fd83b21a","authorId":"2","count":1}
2026-05-24 20:04:37 [INFO] [request] HTTP request finished {"requestId":"5edd2ac8-556f-4b7e-b2b4-2785fd83b21a","method":"GET","url":"/api/works/my","statusCode":304,"durationMs":44,"sessionType":"anonymous","userId":"2","role":"moderator"}
2026-05-24 20:04:37 [INFO] [request] HTTP request finished {"requestId":"289b1875-6095-4ebf-ab62-e13201451401","method":"GET","url":"/api/works","statusCode":304,"durationMs":46,"sessionType":"anonymous","userId":null,"role":null}
2026-05-24 20:04:37 [INFO] [comment.routes] Current user comments requested {"requestId":"92b320a7-5260-4afb-ade5-7961fe4b50f0","userId":"2","count":2}
2026-05-24 20:04:37 [INFO] [request] HTTP request finished {"requestId":"92b320a7-5260-4afb-ade5-7961fe4b50f0","method":"GET","url":"/api/comments/my","statusCode":304,"durationMs":47,"sessionType":"anonymous","userId":"2","role":"moderator"}
2026-05-24 20:04:37 [INFO] [request] HTTP request finished {"requestId":"dfa6aedd-74ae-442a-bb60-aed6e0681b23","method":"GET","url":"/api/me/favorites","statusCode":304,"durationMs":49,"sessionType":"anonymous","userId":"2","role":"moderator"}
2026-05-24 20:04:37 [INFO] [request] HTTP request finished {"requestId":"97f2190c-f8ce-4197-8d40-635576ba3539","method":"GET","url":"/api/me/favorite-genres","statusCode":304,"durationMs":47,"sessionType":"anonymous","userId":"2","role":"moderator"}
2026-05-24 20:04:37 [INFO] [request] HTTP request finished {"requestId":"80799d77-5fd4-442b-8999-7f9bb59cda6c","method":"GET","url":"/api/me/reading-progress","statusCode":304,"durationMs":51,"sessionType":"anonymous","userId":"2","role":"moderator"}
2026-05-24 20:05:43 [INFO] [request] HTTP request started {"requestId":"2a904a79-02e7-4948-aacd-40e24b252267","method":"GET","url":"/api/works","ip":"::1","sessionType":"anonymous","userId":null,"role":null}
2026-05-24 20:05:43 [INFO] [work.routes] Published works requested {"requestId":"2a904a79-02e7-4948-aacd-40e24b252267"}
2026-05-24 20:05:43 [INFO] [request] HTTP request started {"requestId":"a38b3538-ab4c-4316-9a2b-b2a86ddbf9a5","method":"GET","url":"/api/works/my","ip":"::1","sessionType":"anonymous","userId":null,"role":null}
2026-05-24 20:05:43 [INFO] [request] HTTP request started {"requestId":"f22f41ad-576b-422e-a659-63f1c2bcc411","method":"GET","url":"/api/comments/my","ip":"::1","sessionType":"anonymous","userId":null,"role":null}
2026-05-24 20:05:43 [INFO] [request] HTTP request started {"requestId":"2882858b-9355-4122-bd73-68aa626d430a","method":"GET","url":"/api/me/favorites","ip":"::1","sessionType":"anonymous","userId":null,"role":null}
2026-05-24 20:05:43 [INFO] [request] HTTP request started {"requestId":"93c2c77b-cc41-4358-9978-4c7440fe48a6","method":"GET","url":"/api/me/reading-progress","ip":"::1","sessionType":"anonymous","userId":null,"role":null}
2026-05-24 20:05:43 [INFO] [request] HTTP request started {"requestId":"758dad32-be6a-4c5f-977f-b3da5ae8cf86","method":"GET","url":"/api/me/favorite-genres","ip":"::1","sessionType":"anonymous","userId":null,"role":null}
2026-05-24 20:05:43 [INFO] [request] HTTP request finished {"requestId":"2882858b-9355-4122-bd73-68aa626d430a","method":"GET","url":"/api/me/favorites","statusCode":304,"durationMs":44,"sessionType":"anonymous","userId":"2","role":"moderator"}
2026-05-24 20:05:43 [INFO] [request] HTTP request finished {"requestId":"2a904a79-02e7-4948-aacd-40e24b252267","method":"GET","url":"/api/works","statusCode":304,"durationMs":47,"sessionType":"anonymous","userId":null,"role":null}
2026-05-24 20:05:43 [INFO] [comment.routes] Current user comments requested {"requestId":"f22f41ad-576b-422e-a659-63f1c2bcc411","userId":"2","count":2}
2026-05-24 20:05:43 [INFO] [request] HTTP request finished {"requestId":"f22f41ad-576b-422e-a659-63f1c2bcc411","method":"GET","url":"/api/comments/my","statusCode":304,"durationMs":47,"sessionType":"anonymous","userId":"2","role":"moderator"}
2026-05-24 20:05:43 [INFO] [request] HTTP request finished {"requestId":"758dad32-be6a-4c5f-977f-b3da5ae8cf86","method":"GET","url":"/api/me/favorite-genres","statusCode":304,"durationMs":47,"sessionType":"anonymous","userId":"2","role":"moderator"}
2026-05-24 20:05:43 [INFO] [request] HTTP request finished {"requestId":"93c2c77b-cc41-4358-9978-4c7440fe48a6","method":"GET","url":"/api/me/reading-progress","statusCode":304,"durationMs":50,"sessionType":"anonymous","userId":"2","role":"moderator"}
2026-05-24 20:05:43 [INFO] [work.routes] Current user works requested {"requestId":"a38b3538-ab4c-4316-9a2b-b2a86ddbf9a5","authorId":"2","count":1}
2026-05-24 20:05:43 [INFO] [request] HTTP request finished {"requestId":"a38b3538-ab4c-4316-9a2b-b2a86ddbf9a5","method":"GET","url":"/api/works/my","statusCode":304,"durationMs":144,"sessionType":"anonymous","userId":"2","role":"moderator"}
2026-05-24 20:06:17 [INFO] [request] HTTP request started {"requestId":"a7ff3f74-bdac-4409-8e05-95f953a07bd7","method":"GET","url":"/api/works","ip":"::1","sessionType":"anonymous","userId":null,"role":null}
2026-05-24 20:06:17 [INFO] [work.routes] Published works requested {"requestId":"a7ff3f74-bdac-4409-8e05-95f953a07bd7"}
2026-05-24 20:06:17 [INFO] [request] HTTP request started {"requestId":"1b2aadbe-6068-4b56-a749-7af6c66ea94a","method":"GET","url":"/api/works/my","ip":"::1","sessionType":"anonymous","userId":null,"role":null}
2026-05-24 20:06:17 [INFO] [request] HTTP request started {"requestId":"0fa29fd7-5b9c-47b0-8d33-95eb576b5e3c","method":"GET","url":"/api/comments/my","ip":"::1","sessionType":"anonymous","userId":null,"role":null}
2026-05-24 20:06:17 [INFO] [request] HTTP request started {"requestId":"a9ebb53d-4f96-4c2f-91e9-4901ec577fe6","method":"GET","url":"/api/me/favorites","ip":"::1","sessionType":"anonymous","userId":null,"role":null}
2026-05-24 20:06:17 [INFO] [request] HTTP request started {"requestId":"40f1dcfa-ac4b-4c31-81ce-018e43e13de3","method":"GET","url":"/api/me/reading-progress","ip":"::1","sessionType":"anonymous","userId":null,"role":null}
2026-05-24 20:06:17 [INFO] [request] HTTP request started {"requestId":"3df1a52b-9329-4150-bc86-2dea4b363a0b","method":"GET","url":"/api/me/favorite-genres","ip":"::1","sessionType":"anonymous","userId":null,"role":null}
2026-05-24 20:06:17 [INFO] [request] HTTP request finished {"requestId":"a7ff3f74-bdac-4409-8e05-95f953a07bd7","method":"GET","url":"/api/works","statusCode":304,"durationMs":43,"sessionType":"anonymous","userId":null,"role":null}
2026-05-24 20:06:17 [INFO] [work.routes] Current user works requested {"requestId":"1b2aadbe-6068-4b56-a749-7af6c66ea94a","authorId":"2","count":1}
2026-05-24 20:06:17 [INFO] [request] HTTP request finished {"requestId":"1b2aadbe-6068-4b56-a749-7af6c66ea94a","method":"GET","url":"/api/works/my","statusCode":304,"durationMs":44,"sessionType":"anonymous","userId":"2","role":"moderator"}
2026-05-24 20:06:17 [INFO] [request] HTTP request finished {"requestId":"a9ebb53d-4f96-4c2f-91e9-4901ec577fe6","method":"GET","url":"/api/me/favorites","statusCode":304,"durationMs":45,"sessionType":"anonymous","userId":"2","role":"moderator"}
2026-05-24 20:06:17 [INFO] [comment.routes] Current user comments requested {"requestId":"0fa29fd7-5b9c-47b0-8d33-95eb576b5e3c","userId":"2","count":2}
2026-05-24 20:06:17 [INFO] [request] HTTP request finished {"requestId":"0fa29fd7-5b9c-47b0-8d33-95eb576b5e3c","method":"GET","url":"/api/comments/my","statusCode":304,"durationMs":47,"sessionType":"anonymous","userId":"2","role":"moderator"}
2026-05-24 20:06:17 [INFO] [request] HTTP request finished {"requestId":"40f1dcfa-ac4b-4c31-81ce-018e43e13de3","method":"GET","url":"/api/me/reading-progress","statusCode":304,"durationMs":49,"sessionType":"anonymous","userId":"2","role":"moderator"}
2026-05-24 20:06:17 [INFO] [request] HTTP request finished {"requestId":"3df1a52b-9329-4150-bc86-2dea4b363a0b","method":"GET","url":"/api/me/favorite-genres","statusCode":304,"durationMs":49,"sessionType":"anonymous","userId":"2","role":"moderator"}
2026-05-24 20:06:41 [INFO] [request] HTTP request started {"requestId":"4d2601f4-9029-4e23-8338-58231979a586","method":"GET","url":"/api/works","ip":"::1","sessionType":"anonymous","userId":null,"role":null}
2026-05-24 20:06:41 [INFO] [work.routes] Published works requested {"requestId":"4d2601f4-9029-4e23-8338-58231979a586"}
2026-05-24 20:06:41 [INFO] [request] HTTP request started {"requestId":"f4599637-be07-43ef-b323-3a73397f75c4","method":"GET","url":"/api/works/my","ip":"::1","sessionType":"anonymous","userId":null,"role":null}
2026-05-24 20:06:41 [INFO] [request] HTTP request started {"requestId":"3d92f43b-c9ae-4ffc-9cbd-d454e4be1b99","method":"GET","url":"/api/comments/my","ip":"::1","sessionType":"anonymous","userId":null,"role":null}
2026-05-24 20:06:41 [INFO] [request] HTTP request started {"requestId":"0112c8d6-d47a-4ad1-81ee-3162b28518ae","method":"GET","url":"/api/me/favorites","ip":"::1","sessionType":"anonymous","userId":null,"role":null}
2026-05-24 20:06:41 [INFO] [request] HTTP request started {"requestId":"1e88fe24-2b20-48f8-bed6-bbd4fe2e59ed","method":"GET","url":"/api/me/reading-progress","ip":"::1","sessionType":"anonymous","userId":null,"role":null}
2026-05-24 20:06:41 [INFO] [request] HTTP request started {"requestId":"b12f25c9-9459-4d2c-84fd-208632cbf897","method":"GET","url":"/api/me/favorite-genres","ip":"::1","sessionType":"anonymous","userId":null,"role":null}
2026-05-24 20:06:41 [INFO] [request] HTTP request finished {"requestId":"0112c8d6-d47a-4ad1-81ee-3162b28518ae","method":"GET","url":"/api/me/favorites","statusCode":304,"durationMs":46,"sessionType":"anonymous","userId":"2","role":"moderator"}
2026-05-24 20:06:41 [INFO] [work.routes] Current user works requested {"requestId":"f4599637-be07-43ef-b323-3a73397f75c4","authorId":"2","count":1}
2026-05-24 20:06:41 [INFO] [request] HTTP request finished {"requestId":"f4599637-be07-43ef-b323-3a73397f75c4","method":"GET","url":"/api/works/my","statusCode":304,"durationMs":49,"sessionType":"anonymous","userId":"2","role":"moderator"}
2026-05-24 20:06:41 [INFO] [comment.routes] Current user comments requested {"requestId":"3d92f43b-c9ae-4ffc-9cbd-d454e4be1b99","userId":"2","count":2}
2026-05-24 20:06:41 [INFO] [request] HTTP request finished {"requestId":"3d92f43b-c9ae-4ffc-9cbd-d454e4be1b99","method":"GET","url":"/api/comments/my","statusCode":304,"durationMs":50,"sessionType":"anonymous","userId":"2","role":"moderator"}
2026-05-24 20:06:41 [INFO] [request] HTTP request finished {"requestId":"b12f25c9-9459-4d2c-84fd-208632cbf897","method":"GET","url":"/api/me/favorite-genres","statusCode":304,"durationMs":50,"sessionType":"anonymous","userId":"2","role":"moderator"}
2026-05-24 20:06:41 [INFO] [request] HTTP request finished {"requestId":"1e88fe24-2b20-48f8-bed6-bbd4fe2e59ed","method":"GET","url":"/api/me/reading-progress","statusCode":304,"durationMs":55,"sessionType":"anonymous","userId":"2","role":"moderator"}
2026-05-24 20:06:41 [INFO] [request] HTTP request finished {"requestId":"4d2601f4-9029-4e23-8338-58231979a586","method":"GET","url":"/api/works","statusCode":304,"durationMs":149,"sessionType":"anonymous","userId":null,"role":null}
2026-05-24 20:06:58 [INFO] [request] HTTP request started {"requestId":"d508fd0b-abda-41e6-9fdb-60b16c859ac3","method":"GET","url":"/api/works","ip":"::1","sessionType":"anonymous","userId":null,"role":null}
2026-05-24 20:06:58 [INFO] [work.routes] Published works requested {"requestId":"d508fd0b-abda-41e6-9fdb-60b16c859ac3"}
2026-05-24 20:06:58 [INFO] [request] HTTP request started {"requestId":"c3fbd50e-b70a-4f7e-ad0a-5bfb6896a264","method":"GET","url":"/api/works/my","ip":"::1","sessionType":"anonymous","userId":null,"role":null}
2026-05-24 20:06:58 [INFO] [request] HTTP request started {"requestId":"de213e1b-7d15-4168-adde-e7e31c090b80","method":"GET","url":"/api/comments/my","ip":"::1","sessionType":"anonymous","userId":null,"role":null}
2026-05-24 20:06:58 [INFO] [request] HTTP request started {"requestId":"3653bf0a-b75a-42f8-bca8-60abaf3b8a9b","method":"GET","url":"/api/me/favorites","ip":"::1","sessionType":"anonymous","userId":null,"role":null}
2026-05-24 20:06:58 [INFO] [request] HTTP request started {"requestId":"88b86ce8-c57f-4c56-b2e9-708aafc15434","method":"GET","url":"/api/me/reading-progress","ip":"::1","sessionType":"anonymous","userId":null,"role":null}
2026-05-24 20:06:58 [INFO] [request] HTTP request started {"requestId":"3ff5a758-d099-4dd2-bba4-05c596a148a5","method":"GET","url":"/api/me/favorite-genres","ip":"::1","sessionType":"anonymous","userId":null,"role":null}
2026-05-24 20:06:58 [INFO] [request] HTTP request finished {"requestId":"d508fd0b-abda-41e6-9fdb-60b16c859ac3","method":"GET","url":"/api/works","statusCode":304,"durationMs":48,"sessionType":"anonymous","userId":null,"role":null}
2026-05-24 20:06:58 [INFO] [comment.routes] Current user comments requested {"requestId":"de213e1b-7d15-4168-adde-e7e31c090b80","userId":"2","count":2}
2026-05-24 20:06:58 [INFO] [request] HTTP request finished {"requestId":"de213e1b-7d15-4168-adde-e7e31c090b80","method":"GET","url":"/api/comments/my","statusCode":304,"durationMs":52,"sessionType":"anonymous","userId":"2","role":"moderator"}
2026-05-24 20:06:58 [INFO] [request] HTTP request finished {"requestId":"3653bf0a-b75a-42f8-bca8-60abaf3b8a9b","method":"GET","url":"/api/me/favorites","statusCode":304,"durationMs":53,"sessionType":"anonymous","userId":"2","role":"moderator"}
2026-05-24 20:06:58 [INFO] [work.routes] Current user works requested {"requestId":"c3fbd50e-b70a-4f7e-ad0a-5bfb6896a264","authorId":"2","count":1}
2026-05-24 20:06:58 [INFO] [request] HTTP request finished {"requestId":"c3fbd50e-b70a-4f7e-ad0a-5bfb6896a264","method":"GET","url":"/api/works/my","statusCode":304,"durationMs":55,"sessionType":"anonymous","userId":"2","role":"moderator"}
2026-05-24 20:06:58 [INFO] [request] HTTP request finished {"requestId":"3ff5a758-d099-4dd2-bba4-05c596a148a5","method":"GET","url":"/api/me/favorite-genres","statusCode":304,"durationMs":53,"sessionType":"anonymous","userId":"2","role":"moderator"}
2026-05-24 20:06:58 [INFO] [request] HTTP request finished {"requestId":"88b86ce8-c57f-4c56-b2e9-708aafc15434","method":"GET","url":"/api/me/reading-progress","statusCode":304,"durationMs":57,"sessionType":"anonymous","userId":"2","role":"moderator"}
2026-05-24 20:07:20 [INFO] [request] HTTP request started {"requestId":"1f0cea17-4d9b-4e66-a757-ac83f28cb42c","method":"GET","url":"/api/works","ip":"::1","sessionType":"anonymous","userId":null,"role":null}
2026-05-24 20:07:20 [INFO] [work.routes] Published works requested {"requestId":"1f0cea17-4d9b-4e66-a757-ac83f28cb42c"}
2026-05-24 20:07:20 [INFO] [request] HTTP request started {"requestId":"5bc24134-c887-44f1-9ee7-7600c55d70bc","method":"GET","url":"/api/works/my","ip":"::1","sessionType":"anonymous","userId":null,"role":null}
2026-05-24 20:07:20 [INFO] [request] HTTP request started {"requestId":"5ad5ae62-e181-4791-8839-e0bbc1be36f4","method":"GET","url":"/api/comments/my","ip":"::1","sessionType":"anonymous","userId":null,"role":null}
2026-05-24 20:07:20 [INFO] [request] HTTP request started {"requestId":"2fa1048b-0221-490b-8ff4-c059a6d9dc8a","method":"GET","url":"/api/me/favorites","ip":"::1","sessionType":"anonymous","userId":null,"role":null}
2026-05-24 20:07:20 [INFO] [request] HTTP request started {"requestId":"1409408d-5034-47e6-a7fb-bcd09c9d70a7","method":"GET","url":"/api/me/reading-progress","ip":"::1","sessionType":"anonymous","userId":null,"role":null}
2026-05-24 20:07:20 [INFO] [request] HTTP request started {"requestId":"67453901-8afd-49b1-b81b-dfd3c7a141d9","method":"GET","url":"/api/me/favorite-genres","ip":"::1","sessionType":"anonymous","userId":null,"role":null}
2026-05-24 20:07:20 [INFO] [work.routes] Current user works requested {"requestId":"5bc24134-c887-44f1-9ee7-7600c55d70bc","authorId":"2","count":1}
2026-05-24 20:07:20 [INFO] [request] HTTP request finished {"requestId":"5bc24134-c887-44f1-9ee7-7600c55d70bc","method":"GET","url":"/api/works/my","statusCode":304,"durationMs":45,"sessionType":"anonymous","userId":"2","role":"moderator"}
2026-05-24 20:07:20 [INFO] [request] HTTP request finished {"requestId":"1f0cea17-4d9b-4e66-a757-ac83f28cb42c","method":"GET","url":"/api/works","statusCode":304,"durationMs":47,"sessionType":"anonymous","userId":null,"role":null}
2026-05-24 20:07:20 [INFO] [comment.routes] Current user comments requested {"requestId":"5ad5ae62-e181-4791-8839-e0bbc1be36f4","userId":"2","count":2}
2026-05-24 20:07:20 [INFO] [request] HTTP request finished {"requestId":"5ad5ae62-e181-4791-8839-e0bbc1be36f4","method":"GET","url":"/api/comments/my","statusCode":304,"durationMs":54,"sessionType":"anonymous","userId":"2","role":"moderator"}
2026-05-24 20:07:20 [INFO] [request] HTTP request finished {"requestId":"67453901-8afd-49b1-b81b-dfd3c7a141d9","method":"GET","url":"/api/me/favorite-genres","statusCode":304,"durationMs":52,"sessionType":"anonymous","userId":"2","role":"moderator"}
2026-05-24 20:07:20 [INFO] [request] HTTP request finished {"requestId":"2fa1048b-0221-490b-8ff4-c059a6d9dc8a","method":"GET","url":"/api/me/favorites","statusCode":304,"durationMs":58,"sessionType":"anonymous","userId":"2","role":"moderator"}
2026-05-24 20:07:20 [INFO] [request] HTTP request finished {"requestId":"1409408d-5034-47e6-a7fb-bcd09c9d70a7","method":"GET","url":"/api/me/reading-progress","statusCode":304,"durationMs":58,"sessionType":"anonymous","userId":"2","role":"moderator"}
2026-05-24 20:07:28 [INFO] [request] HTTP request started {"requestId":"12019ea6-0de9-4448-9c97-413ee627f6d2","method":"GET","url":"/api/works","ip":"::1","sessionType":"anonymous","userId":null,"role":null}
2026-05-24 20:07:28 [INFO] [work.routes] Published works requested {"requestId":"12019ea6-0de9-4448-9c97-413ee627f6d2"}
2026-05-24 20:07:28 [INFO] [request] HTTP request started {"requestId":"9791f20f-8b18-4984-8587-8991a29a0403","method":"GET","url":"/api/me/favorite-genres","ip":"::1","sessionType":"anonymous","userId":null,"role":null}
2026-05-24 20:07:28 [INFO] [request] HTTP request finished {"requestId":"9791f20f-8b18-4984-8587-8991a29a0403","method":"GET","url":"/api/me/favorite-genres","statusCode":304,"durationMs":2,"sessionType":"anonymous","userId":"2","role":"moderator"}
2026-05-24 20:07:28 [INFO] [request] HTTP request finished {"requestId":"12019ea6-0de9-4448-9c97-413ee627f6d2","method":"GET","url":"/api/works","statusCode":304,"durationMs":3,"sessionType":"anonymous","userId":null,"role":null}
2026-05-24 20:07:29 [INFO] [request] HTTP request started {"requestId":"9010b44b-18bf-41a5-8b30-f1086c564958","method":"GET","url":"/api/works/4","ip":"::1","sessionType":"anonymous","userId":null,"role":null}
2026-05-24 20:07:29 [INFO] [request] HTTP request started {"requestId":"a3d286d9-1287-484a-9dda-6fffe98ac515","method":"GET","url":"/api/works/4/comments","ip":"::1","sessionType":"anonymous","userId":null,"role":null}
2026-05-24 20:07:29 [INFO] [request] HTTP request started {"requestId":"3c01478d-b982-40fc-8a7e-05e45c97d87a","method":"GET","url":"/api/me/favorites","ip":"::1","sessionType":"anonymous","userId":null,"role":null}
2026-05-24 20:07:29 [INFO] [request] HTTP request finished {"requestId":"9010b44b-18bf-41a5-8b30-f1086c564958","method":"GET","url":"/api/works/4","statusCode":304,"durationMs":3,"sessionType":"anonymous","userId":null,"role":null}
2026-05-24 20:07:29 [INFO] [request] HTTP request finished {"requestId":"3c01478d-b982-40fc-8a7e-05e45c97d87a","method":"GET","url":"/api/me/favorites","statusCode":304,"durationMs":4,"sessionType":"anonymous","userId":"2","role":"moderator"}
2026-05-24 20:07:29 [INFO] [request] HTTP request finished {"requestId":"a3d286d9-1287-484a-9dda-6fffe98ac515","method":"GET","url":"/api/works/4/comments","statusCode":304,"durationMs":6,"sessionType":"anonymous","userId":null,"role":null}
2026-05-24 20:07:29 [INFO] [request] HTTP request started {"requestId":"ce020c35-4407-40d5-93b5-83d468a9a27c","method":"PUT","url":"/api/me/reading-progress/4","ip":"::1","sessionType":"anonymous","userId":null,"role":null}
2026-05-24 20:07:29 [INFO] [request] HTTP request started {"requestId":"39d5d511-de2e-4ce3-a4bb-f3d636d02a0f","method":"GET","url":"/api/me/reading-progress","ip":"::1","sessionType":"anonymous","userId":null,"role":null}
2026-05-24 20:07:29 [INFO] [userActivity.routes] Reading progress saved {"requestId":"ce020c35-4407-40d5-93b5-83d468a9a27c","userId":"2","workId":"4","currentPage":0}
2026-05-24 20:07:29 [INFO] [request] HTTP request finished {"requestId":"ce020c35-4407-40d5-93b5-83d468a9a27c","method":"PUT","url":"/api/me/reading-progress/4","statusCode":200,"durationMs":4,"sessionType":"anonymous","userId":"2","role":"moderator"}
2026-05-24 20:07:29 [INFO] [request] HTTP request finished {"requestId":"39d5d511-de2e-4ce3-a4bb-f3d636d02a0f","method":"GET","url":"/api/me/reading-progress","statusCode":200,"durationMs":6,"sessionType":"anonymous","userId":"2","role":"moderator"}
2026-05-24 20:07:33 [INFO] [request] HTTP request started {"requestId":"b169e58f-da67-4166-b2fd-311e064dfc73","method":"GET","url":"/api/users/4/profile","ip":"::1","sessionType":"anonymous","userId":null,"role":null}
2026-05-24 20:07:33 [INFO] [user.routes] User profile requested {"requestId":"b169e58f-da67-4166-b2fd-311e064dfc73","userId":"4"}
2026-05-24 20:07:33 [INFO] [request] HTTP request finished {"requestId":"b169e58f-da67-4166-b2fd-311e064dfc73","method":"GET","url":"/api/users/4/profile","statusCode":304,"durationMs":6,"sessionType":"anonymous","userId":null,"role":null}
2026-05-24 20:08:38 [INFO] [request] HTTP request started {"requestId":"f13226e6-3233-431a-b5b6-e6bd42294bf9","method":"GET","url":"/api/users/4/profile","ip":"::1","sessionType":"anonymous","userId":null,"role":null}
2026-05-24 20:08:38 [INFO] [user.routes] User profile requested {"requestId":"f13226e6-3233-431a-b5b6-e6bd42294bf9","userId":"4"}
2026-05-24 20:08:38 [INFO] [request] HTTP request finished {"requestId":"f13226e6-3233-431a-b5b6-e6bd42294bf9","method":"GET","url":"/api/users/4/profile","statusCode":304,"durationMs":39,"sessionType":"anonymous","userId":null,"role":null}
2026-05-24 20:08:48 [INFO] [request] HTTP request started {"requestId":"1256b89f-6449-4270-89f0-ca40940b2dcd","method":"GET","url":"/api/works","ip":"::1","sessionType":"anonymous","userId":null,"role":null}
2026-05-24 20:08:48 [INFO] [work.routes] Published works requested {"requestId":"1256b89f-6449-4270-89f0-ca40940b2dcd"}
2026-05-24 20:08:48 [INFO] [request] HTTP request started {"requestId":"e492d6e5-feff-4bec-988e-7919d2008b6f","method":"GET","url":"/api/works/my","ip":"::1","sessionType":"anonymous","userId":null,"role":null}
2026-05-24 20:08:48 [INFO] [request] HTTP request started {"requestId":"7eccee1e-c749-4a81-9021-2bbcf25610c0","method":"GET","url":"/api/comments/my","ip":"::1","sessionType":"anonymous","userId":null,"role":null}
2026-05-24 20:08:48 [INFO] [request] HTTP request started {"requestId":"402d23a6-1036-4ef9-a8a2-8fa015071dd8","method":"GET","url":"/api/me/favorites","ip":"::1","sessionType":"anonymous","userId":null,"role":null}
2026-05-24 20:08:48 [INFO] [request] HTTP request started {"requestId":"a5336ed4-36ea-4028-9399-62a13fac034a","method":"GET","url":"/api/me/reading-progress","ip":"::1","sessionType":"anonymous","userId":null,"role":null}
2026-05-24 20:08:48 [INFO] [request] HTTP request started {"requestId":"28a1e97d-f0d7-4741-9e43-3415ced5ee3d","method":"GET","url":"/api/me/favorite-genres","ip":"::1","sessionType":"anonymous","userId":null,"role":null}
2026-05-24 20:08:48 [INFO] [request] HTTP request finished {"requestId":"1256b89f-6449-4270-89f0-ca40940b2dcd","method":"GET","url":"/api/works","statusCode":304,"durationMs":3,"sessionType":"anonymous","userId":null,"role":null}
2026-05-24 20:08:48 [INFO] [request] HTTP request finished {"requestId":"402d23a6-1036-4ef9-a8a2-8fa015071dd8","method":"GET","url":"/api/me/favorites","statusCode":304,"durationMs":39,"sessionType":"anonymous","userId":"2","role":"moderator"}
2026-05-24 20:08:48 [INFO] [comment.routes] Current user comments requested {"requestId":"7eccee1e-c749-4a81-9021-2bbcf25610c0","userId":"2","count":2}
2026-05-24 20:08:48 [INFO] [request] HTTP request finished {"requestId":"7eccee1e-c749-4a81-9021-2bbcf25610c0","method":"GET","url":"/api/comments/my","statusCode":304,"durationMs":41,"sessionType":"anonymous","userId":"2","role":"moderator"}
2026-05-24 20:08:48 [INFO] [request] HTTP request finished {"requestId":"a5336ed4-36ea-4028-9399-62a13fac034a","method":"GET","url":"/api/me/reading-progress","statusCode":304,"durationMs":42,"sessionType":"anonymous","userId":"2","role":"moderator"}
2026-05-24 20:08:48 [INFO] [work.routes] Current user works requested {"requestId":"e492d6e5-feff-4bec-988e-7919d2008b6f","authorId":"2","count":1}
2026-05-24 20:08:48 [INFO] [request] HTTP request finished {"requestId":"e492d6e5-feff-4bec-988e-7919d2008b6f","method":"GET","url":"/api/works/my","statusCode":304,"durationMs":136,"sessionType":"anonymous","userId":"2","role":"moderator"}
2026-05-24 20:08:48 [INFO] [request] HTTP request finished {"requestId":"28a1e97d-f0d7-4741-9e43-3415ced5ee3d","method":"GET","url":"/api/me/favorite-genres","statusCode":304,"durationMs":140,"sessionType":"anonymous","userId":"2","role":"moderator"}
2026-05-24 20:08:53 [INFO] [request] HTTP request started {"requestId":"4f0acb03-0235-49d5-948e-fa6e5f0be6d8","method":"GET","url":"/api/works","ip":"::1","sessionType":"anonymous","userId":null,"role":null}
2026-05-24 20:08:53 [INFO] [work.routes] Published works requested {"requestId":"4f0acb03-0235-49d5-948e-fa6e5f0be6d8"}
2026-05-24 20:08:53 [INFO] [request] HTTP request started {"requestId":"2361f39d-1ffe-450d-9e61-1a8caf0334e2","method":"GET","url":"/api/me/favorite-genres","ip":"::1","sessionType":"anonymous","userId":null,"role":null}
2026-05-24 20:08:53 [INFO] [request] HTTP request finished {"requestId":"2361f39d-1ffe-450d-9e61-1a8caf0334e2","method":"GET","url":"/api/me/favorite-genres","statusCode":304,"durationMs":2,"sessionType":"anonymous","userId":"2","role":"moderator"}
2026-05-24 20:08:53 [INFO] [request] HTTP request finished {"requestId":"4f0acb03-0235-49d5-948e-fa6e5f0be6d8","method":"GET","url":"/api/works","statusCode":304,"durationMs":4,"sessionType":"anonymous","userId":null,"role":null}
2026-05-24 20:09:42 [INFO] [request] HTTP request started {"requestId":"aea6be8e-240a-479c-bfba-8228cc0609be","method":"GET","url":"/api/works","ip":"::1","sessionType":"anonymous","userId":null,"role":null}
2026-05-24 20:09:42 [INFO] [work.routes] Published works requested {"requestId":"aea6be8e-240a-479c-bfba-8228cc0609be"}
2026-05-24 20:09:42 [INFO] [request] HTTP request started {"requestId":"4b019755-2382-475c-8219-b709afb560e7","method":"GET","url":"/api/works/my","ip":"::1","sessionType":"anonymous","userId":null,"role":null}
2026-05-24 20:09:42 [INFO] [request] HTTP request started {"requestId":"d4fa4aca-05c3-474e-b62e-2501a3e35112","method":"GET","url":"/api/comments/my","ip":"::1","sessionType":"anonymous","userId":null,"role":null}
2026-05-24 20:09:42 [INFO] [request] HTTP request started {"requestId":"923fa9d2-897d-4192-9e0f-7c1c3056fb33","method":"GET","url":"/api/me/favorites","ip":"::1","sessionType":"anonymous","userId":null,"role":null}
2026-05-24 20:09:42 [INFO] [request] HTTP request started {"requestId":"b6fceb04-14d8-4693-8141-8ccca3a55e38","method":"GET","url":"/api/me/reading-progress","ip":"::1","sessionType":"anonymous","userId":null,"role":null}
2026-05-24 20:09:42 [INFO] [request] HTTP request started {"requestId":"265c5053-082b-4ede-9b60-9e67ed903748","method":"GET","url":"/api/me/favorite-genres","ip":"::1","sessionType":"anonymous","userId":null,"role":null}
2026-05-24 20:09:42 [INFO] [request] HTTP request finished {"requestId":"aea6be8e-240a-479c-bfba-8228cc0609be","method":"GET","url":"/api/works","statusCode":304,"durationMs":43,"sessionType":"anonymous","userId":null,"role":null}
2026-05-24 20:09:42 [INFO] [work.routes] Current user works requested {"requestId":"4b019755-2382-475c-8219-b709afb560e7","authorId":"2","count":1}
2026-05-24 20:09:42 [INFO] [request] HTTP request finished {"requestId":"4b019755-2382-475c-8219-b709afb560e7","method":"GET","url":"/api/works/my","statusCode":304,"durationMs":44,"sessionType":"anonymous","userId":"2","role":"moderator"}
2026-05-24 20:09:42 [INFO] [comment.routes] Current user comments requested {"requestId":"d4fa4aca-05c3-474e-b62e-2501a3e35112","userId":"2","count":2}
2026-05-24 20:09:42 [INFO] [request] HTTP request finished {"requestId":"d4fa4aca-05c3-474e-b62e-2501a3e35112","method":"GET","url":"/api/comments/my","statusCode":304,"durationMs":48,"sessionType":"anonymous","userId":"2","role":"moderator"}
2026-05-24 20:09:42 [INFO] [request] HTTP request finished {"requestId":"923fa9d2-897d-4192-9e0f-7c1c3056fb33","method":"GET","url":"/api/me/favorites","statusCode":304,"durationMs":47,"sessionType":"anonymous","userId":"2","role":"moderator"}
2026-05-24 20:09:42 [INFO] [request] HTTP request finished {"requestId":"265c5053-082b-4ede-9b60-9e67ed903748","method":"GET","url":"/api/me/favorite-genres","statusCode":304,"durationMs":49,"sessionType":"anonymous","userId":"2","role":"moderator"}
2026-05-24 20:09:42 [INFO] [request] HTTP request finished {"requestId":"b6fceb04-14d8-4693-8141-8ccca3a55e38","method":"GET","url":"/api/me/reading-progress","statusCode":304,"durationMs":52,"sessionType":"anonymous","userId":"2","role":"moderator"}
2026-05-24 20:09:43 [INFO] [request] HTTP request started {"requestId":"eec8c571-dd52-4b8a-ae2d-f273436968b5","method":"GET","url":"/api/works","ip":"::1","sessionType":"anonymous","userId":null,"role":null}
2026-05-24 20:09:43 [INFO] [work.routes] Published works requested {"requestId":"eec8c571-dd52-4b8a-ae2d-f273436968b5"}
2026-05-24 20:09:43 [INFO] [request] HTTP request started {"requestId":"62799fd5-5f07-41b5-ae97-85dc652c8eb0","method":"GET","url":"/api/me/favorite-genres","ip":"::1","sessionType":"anonymous","userId":null,"role":null}
2026-05-24 20:09:43 [INFO] [request] HTTP request finished {"requestId":"62799fd5-5f07-41b5-ae97-85dc652c8eb0","method":"GET","url":"/api/me/favorite-genres","statusCode":304,"durationMs":1,"sessionType":"anonymous","userId":"2","role":"moderator"}
2026-05-24 20:09:43 [INFO] [request] HTTP request finished {"requestId":"eec8c571-dd52-4b8a-ae2d-f273436968b5","method":"GET","url":"/api/works","statusCode":304,"durationMs":3,"sessionType":"anonymous","userId":null,"role":null}
2026-05-24 20:10:27 [INFO] [request] HTTP request started {"requestId":"5be417c3-f7f1-4a2f-bf1f-0b106ef9be59","method":"GET","url":"/api/works/1","ip":"::1","sessionType":"anonymous","userId":null,"role":null}
2026-05-24 20:10:27 [INFO] [request] HTTP request started {"requestId":"fba11dd7-1d52-4a4f-a049-273d3d00ed04","method":"GET","url":"/api/works/1/comments","ip":"::1","sessionType":"anonymous","userId":null,"role":null}
2026-05-24 20:10:27 [INFO] [request] HTTP request started {"requestId":"cb15513b-e5b2-4675-8813-bceb29bc61b1","method":"GET","url":"/api/me/favorites","ip":"::1","sessionType":"anonymous","userId":null,"role":null}
2026-05-24 20:10:28 [INFO] [request] HTTP request finished {"requestId":"fba11dd7-1d52-4a4f-a049-273d3d00ed04","method":"GET","url":"/api/works/1/comments","statusCode":304,"durationMs":45,"sessionType":"anonymous","userId":null,"role":null}
2026-05-24 20:10:28 [INFO] [request] HTTP request finished {"requestId":"5be417c3-f7f1-4a2f-bf1f-0b106ef9be59","method":"GET","url":"/api/works/1","statusCode":304,"durationMs":47,"sessionType":"anonymous","userId":null,"role":null}
2026-05-24 20:10:28 [INFO] [request] HTTP request finished {"requestId":"cb15513b-e5b2-4675-8813-bceb29bc61b1","method":"GET","url":"/api/me/favorites","statusCode":304,"durationMs":47,"sessionType":"anonymous","userId":"2","role":"moderator"}
2026-05-24 20:10:28 [INFO] [request] HTTP request started {"requestId":"09b35279-7a39-45d7-a4ac-bdc64a3017a1","method":"GET","url":"/api/me/reading-progress","ip":"::1","sessionType":"anonymous","userId":null,"role":null}
2026-05-24 20:10:28 [INFO] [request] HTTP request started {"requestId":"ae26e99f-308d-4823-9599-e170ea4d237a","method":"PUT","url":"/api/me/reading-progress/1","ip":"::1","sessionType":"anonymous","userId":null,"role":null}
2026-05-24 20:10:28 [INFO] [userActivity.routes] Reading progress saved {"requestId":"ae26e99f-308d-4823-9599-e170ea4d237a","userId":"2","workId":"1","currentPage":0}
2026-05-24 20:10:28 [INFO] [request] HTTP request finished {"requestId":"ae26e99f-308d-4823-9599-e170ea4d237a","method":"PUT","url":"/api/me/reading-progress/1","statusCode":200,"durationMs":5,"sessionType":"anonymous","userId":"2","role":"moderator"}
2026-05-24 20:10:28 [INFO] [request] HTTP request finished {"requestId":"09b35279-7a39-45d7-a4ac-bdc64a3017a1","method":"GET","url":"/api/me/reading-progress","statusCode":200,"durationMs":7,"sessionType":"anonymous","userId":"2","role":"moderator"}
2026-05-24 20:10:33 [INFO] [request] HTTP request started {"requestId":"0e11dc3c-8ec5-460a-87d2-1591b3c36db1","method":"PUT","url":"/api/comments/2","ip":"::1","sessionType":"anonymous","userId":null,"role":null}
2026-05-24 20:10:33 [INFO] [comment.routes] Comment updated {"requestId":"0e11dc3c-8ec5-460a-87d2-1591b3c36db1","commentId":"2","userId":"2"}
2026-05-24 20:10:33 [INFO] [request] HTTP request finished {"requestId":"0e11dc3c-8ec5-460a-87d2-1591b3c36db1","method":"PUT","url":"/api/comments/2","statusCode":200,"durationMs":6,"sessionType":"anonymous","userId":"2","role":"moderator"}
2026-05-24 20:10:36 [INFO] [request] HTTP request started {"requestId":"32fa1ee9-b4fa-41d8-a537-e37eaec090c3","method":"GET","url":"/api/works","ip":"::1","sessionType":"anonymous","userId":null,"role":null}
2026-05-24 20:10:36 [INFO] [work.routes] Published works requested {"requestId":"32fa1ee9-b4fa-41d8-a537-e37eaec090c3"}
2026-05-24 20:10:36 [INFO] [request] HTTP request started {"requestId":"fdcccd96-9d48-4e31-a4fb-16af189ae75c","method":"GET","url":"/api/me/favorite-genres","ip":"::1","sessionType":"anonymous","userId":null,"role":null}
2026-05-24 20:10:36 [INFO] [request] HTTP request finished {"requestId":"32fa1ee9-b4fa-41d8-a537-e37eaec090c3","method":"GET","url":"/api/works","statusCode":200,"durationMs":2,"sessionType":"anonymous","userId":null,"role":null}
2026-05-24 20:10:36 [INFO] [request] HTTP request finished {"requestId":"fdcccd96-9d48-4e31-a4fb-16af189ae75c","method":"GET","url":"/api/me/favorite-genres","statusCode":304,"durationMs":3,"sessionType":"anonymous","userId":"2","role":"moderator"}
2026-05-24 20:10:37 [INFO] [request] HTTP request started {"requestId":"052d56f0-9abf-441f-8c36-ba9ddbc490f4","method":"GET","url":"/api/works/2","ip":"::1","sessionType":"anonymous","userId":null,"role":null}
2026-05-24 20:10:37 [INFO] [request] HTTP request started {"requestId":"cac0fdd2-b937-4568-bbf9-0550aa74cce3","method":"GET","url":"/api/works/2/comments","ip":"::1","sessionType":"anonymous","userId":null,"role":null}
2026-05-24 20:10:37 [INFO] [request] HTTP request started {"requestId":"f6f2193e-b03d-4189-b06a-50f33fa90fda","method":"GET","url":"/api/me/favorites","ip":"::1","sessionType":"anonymous","userId":null,"role":null}
2026-05-24 20:10:37 [INFO] [request] HTTP request finished {"requestId":"cac0fdd2-b937-4568-bbf9-0550aa74cce3","method":"GET","url":"/api/works/2/comments","statusCode":200,"durationMs":1,"sessionType":"anonymous","userId":null,"role":null}
2026-05-24 20:10:37 [INFO] [request] HTTP request finished {"requestId":"052d56f0-9abf-441f-8c36-ba9ddbc490f4","method":"GET","url":"/api/works/2","statusCode":200,"durationMs":3,"sessionType":"anonymous","userId":null,"role":null}
2026-05-24 20:10:37 [INFO] [request] HTTP request finished {"requestId":"f6f2193e-b03d-4189-b06a-50f33fa90fda","method":"GET","url":"/api/me/favorites","statusCode":304,"durationMs":3,"sessionType":"anonymous","userId":"2","role":"moderator"}
2026-05-24 20:10:37 [INFO] [request] HTTP request started {"requestId":"b4b6b1f7-6b09-438b-a630-33de4a1f9f98","method":"GET","url":"/api/me/reading-progress","ip":"::1","sessionType":"anonymous","userId":null,"role":null}
2026-05-24 20:10:37 [INFO] [request] HTTP request started {"requestId":"b4f09b02-549e-4b68-b062-d7eca1125d75","method":"PUT","url":"/api/me/reading-progress/2","ip":"::1","sessionType":"anonymous","userId":null,"role":null}
2026-05-24 20:10:37 [INFO] [userActivity.routes] Reading progress saved {"requestId":"b4f09b02-549e-4b68-b062-d7eca1125d75","userId":"2","workId":"2","currentPage":0}
2026-05-24 20:10:37 [INFO] [request] HTTP request finished {"requestId":"b4f09b02-549e-4b68-b062-d7eca1125d75","method":"PUT","url":"/api/me/reading-progress/2","statusCode":200,"durationMs":1,"sessionType":"anonymous","userId":"2","role":"moderator"}
2026-05-24 20:10:37 [INFO] [request] HTTP request finished {"requestId":"b4b6b1f7-6b09-438b-a630-33de4a1f9f98","method":"GET","url":"/api/me/reading-progress","statusCode":200,"durationMs":6,"sessionType":"anonymous","userId":"2","role":"moderator"}
2026-05-24 20:10:41 [INFO] [request] HTTP request started {"requestId":"16595261-4c65-451b-8cd2-377028f997ed","method":"POST","url":"/api/works/2/comments","ip":"::1","sessionType":"anonymous","userId":null,"role":null}
2026-05-24 20:10:41 [INFO] [work.routes] Comment created {"requestId":"16595261-4c65-451b-8cd2-377028f997ed","workId":"2","commentId":"4","userId":"2"}
2026-05-24 20:10:41 [INFO] [request] HTTP request finished {"requestId":"16595261-4c65-451b-8cd2-377028f997ed","method":"POST","url":"/api/works/2/comments","statusCode":201,"durationMs":7,"sessionType":"anonymous","userId":"2","role":"moderator"}
2026-05-24 20:10:43 [INFO] [request] HTTP request started {"requestId":"b6df3ecf-3351-4716-bff1-de6711ced635","method":"GET","url":"/api/works","ip":"::1","sessionType":"anonymous","userId":null,"role":null}
2026-05-24 20:10:43 [INFO] [work.routes] Published works requested {"requestId":"b6df3ecf-3351-4716-bff1-de6711ced635"}
2026-05-24 20:10:43 [INFO] [request] HTTP request finished {"requestId":"b6df3ecf-3351-4716-bff1-de6711ced635","method":"GET","url":"/api/works","statusCode":200,"durationMs":2,"sessionType":"anonymous","userId":null,"role":null}
2026-05-24 20:10:43 [INFO] [request] HTTP request started {"requestId":"0f6a5519-5990-432e-acdb-0c7a5706e5c7","method":"GET","url":"/api/me/favorite-genres","ip":"::1","sessionType":"anonymous","userId":null,"role":null}
2026-05-24 20:10:43 [INFO] [request] HTTP request finished {"requestId":"0f6a5519-5990-432e-acdb-0c7a5706e5c7","method":"GET","url":"/api/me/favorite-genres","statusCode":304,"durationMs":2,"sessionType":"anonymous","userId":"2","role":"moderator"}
2026-05-24 20:10:50 [INFO] [request] HTTP request started {"requestId":"22228d74-9d50-419b-a718-9ec56a78b7b6","method":"GET","url":"/api/works","ip":"::1","sessionType":"anonymous","userId":null,"role":null}
2026-05-24 20:10:50 [INFO] [work.routes] Published works requested {"requestId":"22228d74-9d50-419b-a718-9ec56a78b7b6"}
2026-05-24 20:10:50 [INFO] [request] HTTP request started {"requestId":"3e3921e5-3952-4ddb-b433-713e9f7001f0","method":"GET","url":"/api/works/my","ip":"::1","sessionType":"anonymous","userId":null,"role":null}
2026-05-24 20:10:50 [INFO] [request] HTTP request started {"requestId":"b7b9b4b9-effa-491c-b70a-334f2ffa8520","method":"GET","url":"/api/comments/my","ip":"::1","sessionType":"anonymous","userId":null,"role":null}
2026-05-24 20:10:50 [INFO] [request] HTTP request started {"requestId":"ea4b1f6b-16f9-434f-a9d7-02ee37c76190","method":"GET","url":"/api/me/favorites","ip":"::1","sessionType":"anonymous","userId":null,"role":null}
2026-05-24 20:10:50 [INFO] [request] HTTP request started {"requestId":"8cd0ed69-efce-4c36-a79a-be6c6387dbe3","method":"GET","url":"/api/me/reading-progress","ip":"::1","sessionType":"anonymous","userId":null,"role":null}
2026-05-24 20:10:50 [INFO] [request] HTTP request started {"requestId":"8ac3dcc7-0a34-4190-aa8b-ff8d3e80bb58","method":"GET","url":"/api/me/favorite-genres","ip":"::1","sessionType":"anonymous","userId":null,"role":null}
2026-05-24 20:10:50 [INFO] [request] HTTP request finished {"requestId":"22228d74-9d50-419b-a718-9ec56a78b7b6","method":"GET","url":"/api/works","statusCode":304,"durationMs":3,"sessionType":"anonymous","userId":null,"role":null}
2026-05-24 20:10:50 [INFO] [request] HTTP request finished {"requestId":"ea4b1f6b-16f9-434f-a9d7-02ee37c76190","method":"GET","url":"/api/me/favorites","statusCode":304,"durationMs":43,"sessionType":"anonymous","userId":"2","role":"moderator"}
2026-05-24 20:10:50 [INFO] [work.routes] Current user works requested {"requestId":"3e3921e5-3952-4ddb-b433-713e9f7001f0","authorId":"2","count":1}
2026-05-24 20:10:50 [INFO] [request] HTTP request finished {"requestId":"3e3921e5-3952-4ddb-b433-713e9f7001f0","method":"GET","url":"/api/works/my","statusCode":304,"durationMs":45,"sessionType":"anonymous","userId":"2","role":"moderator"}
2026-05-24 20:10:50 [INFO] [comment.routes] Current user comments requested {"requestId":"b7b9b4b9-effa-491c-b70a-334f2ffa8520","userId":"2","count":3}
2026-05-24 20:10:50 [INFO] [request] HTTP request finished {"requestId":"b7b9b4b9-effa-491c-b70a-334f2ffa8520","method":"GET","url":"/api/comments/my","statusCode":200,"durationMs":46,"sessionType":"anonymous","userId":"2","role":"moderator"}
2026-05-24 20:10:50 [INFO] [request] HTTP request finished {"requestId":"8ac3dcc7-0a34-4190-aa8b-ff8d3e80bb58","method":"GET","url":"/api/me/favorite-genres","statusCode":304,"durationMs":47,"sessionType":"anonymous","userId":"2","role":"moderator"}
2026-05-24 20:10:50 [INFO] [request] HTTP request finished {"requestId":"8cd0ed69-efce-4c36-a79a-be6c6387dbe3","method":"GET","url":"/api/me/reading-progress","statusCode":304,"durationMs":51,"sessionType":"anonymous","userId":"2","role":"moderator"}
2026-05-24 20:10:59 [INFO] [request] HTTP request started {"requestId":"c6366106-9910-49eb-b94a-595d6838cf6e","method":"GET","url":"/api/works","ip":"::1","sessionType":"anonymous","userId":null,"role":null}
2026-05-24 20:10:59 [INFO] [work.routes] Published works requested {"requestId":"c6366106-9910-49eb-b94a-595d6838cf6e"}
2026-05-24 20:10:59 [INFO] [request] HTTP request started {"requestId":"21b7fa81-927c-4aba-a0d6-a9ae35eab9c8","method":"GET","url":"/api/me/favorite-genres","ip":"::1","sessionType":"anonymous","userId":null,"role":null}
2026-05-24 20:10:59 [INFO] [request] HTTP request finished {"requestId":"21b7fa81-927c-4aba-a0d6-a9ae35eab9c8","method":"GET","url":"/api/me/favorite-genres","statusCode":304,"durationMs":1,"sessionType":"anonymous","userId":"2","role":"moderator"}
2026-05-24 20:10:59 [INFO] [request] HTTP request finished {"requestId":"c6366106-9910-49eb-b94a-595d6838cf6e","method":"GET","url":"/api/works","statusCode":304,"durationMs":3,"sessionType":"anonymous","userId":null,"role":null}
2026-05-24 20:16:33 [INFO] [request] HTTP request started {"requestId":"c99cb2af-c7cd-4c08-975c-74fb1f26364a","method":"GET","url":"/api/works/4","ip":"::1","sessionType":"anonymous","userId":null,"role":null}
2026-05-24 20:16:33 [INFO] [request] HTTP request started {"requestId":"4b2748da-75e7-4740-9833-62fdaaf7ee0c","method":"GET","url":"/api/works/4/comments","ip":"::1","sessionType":"anonymous","userId":null,"role":null}
2026-05-24 20:16:33 [INFO] [request] HTTP request started {"requestId":"662a5e6b-4150-4e0f-a849-55a24452b160","method":"GET","url":"/api/me/favorites","ip":"::1","sessionType":"anonymous","userId":null,"role":null}
2026-05-24 20:16:33 [INFO] [request] HTTP request finished {"requestId":"662a5e6b-4150-4e0f-a849-55a24452b160","method":"GET","url":"/api/me/favorites","statusCode":304,"durationMs":41,"sessionType":"anonymous","userId":"2","role":"moderator"}
2026-05-24 20:16:33 [INFO] [request] HTTP request finished {"requestId":"4b2748da-75e7-4740-9833-62fdaaf7ee0c","method":"GET","url":"/api/works/4/comments","statusCode":304,"durationMs":42,"sessionType":"anonymous","userId":null,"role":null}
2026-05-24 20:16:33 [INFO] [request] HTTP request finished {"requestId":"c99cb2af-c7cd-4c08-975c-74fb1f26364a","method":"GET","url":"/api/works/4","statusCode":304,"durationMs":43,"sessionType":"anonymous","userId":null,"role":null}
2026-05-24 20:16:33 [INFO] [request] HTTP request started {"requestId":"ff219df8-e742-4cb5-a493-e2ecc71ceac3","method":"GET","url":"/api/me/reading-progress","ip":"::1","sessionType":"anonymous","userId":null,"role":null}
2026-05-24 20:16:33 [INFO] [request] HTTP request started {"requestId":"3e7026e1-7a00-4d0e-b9b0-1a5731015317","method":"PUT","url":"/api/me/reading-progress/4","ip":"::1","sessionType":"anonymous","userId":null,"role":null}
2026-05-24 20:16:33 [INFO] [userActivity.routes] Reading progress saved {"requestId":"3e7026e1-7a00-4d0e-b9b0-1a5731015317","userId":"2","workId":"4","currentPage":0}
2026-05-24 20:16:33 [INFO] [request] HTTP request finished {"requestId":"3e7026e1-7a00-4d0e-b9b0-1a5731015317","method":"PUT","url":"/api/me/reading-progress/4","statusCode":200,"durationMs":2,"sessionType":"anonymous","userId":"2","role":"moderator"}
2026-05-24 20:16:33 [INFO] [request] HTTP request finished {"requestId":"ff219df8-e742-4cb5-a493-e2ecc71ceac3","method":"GET","url":"/api/me/reading-progress","statusCode":200,"durationMs":3,"sessionType":"anonymous","userId":"2","role":"moderator"}
2026-05-24 20:45:30 [INFO] [request] HTTP request started {"requestId":"dea24fd5-f90e-455f-a107-e98379281de7","method":"GET","url":"/api/works/moderation/pending","ip":"::1","sessionType":"anonymous","userId":null,"role":null}
2026-05-24 20:45:30 [INFO] [work.routes] Pending works requested {"requestId":"dea24fd5-f90e-455f-a107-e98379281de7","moderatorId":"2","count":0}
2026-05-24 20:45:30 [INFO] [request] HTTP request finished {"requestId":"dea24fd5-f90e-455f-a107-e98379281de7","method":"GET","url":"/api/works/moderation/pending","statusCode":200,"durationMs":32,"sessionType":"anonymous","userId":"2","role":"moderator"}
2026-05-24 20:45:31 [INFO] [request] HTTP request started {"requestId":"0724c6b1-b686-4303-83c0-af39f54b62b5","method":"GET","url":"/api/admin/stats","ip":"::1","sessionType":"anonymous","userId":null,"role":null}
2026-05-24 20:45:31 [INFO] [adminStats.routes] Admin stats requested {"requestId":"0724c6b1-b686-4303-83c0-af39f54b62b5","userId":"2","role":"moderator"}
2026-05-24 20:45:31 [INFO] [request] HTTP request finished {"requestId":"0724c6b1-b686-4303-83c0-af39f54b62b5","method":"GET","url":"/api/admin/stats","statusCode":200,"durationMs":60,"sessionType":"anonymous","userId":"2","role":"moderator"}
2026-05-24 20:45:36 [INFO] [request] HTTP request started {"requestId":"2bb3c240-c8d2-4dbf-9a9b-6f5341cfefcd","method":"GET","url":"/api/works","ip":"::1","sessionType":"anonymous","userId":null,"role":null}
2026-05-24 20:45:36 [INFO] [work.routes] Published works requested {"requestId":"2bb3c240-c8d2-4dbf-9a9b-6f5341cfefcd"}
2026-05-24 20:45:36 [INFO] [request] HTTP request started {"requestId":"da58a1d8-1ae2-4370-8267-d7008658993f","method":"GET","url":"/api/works/my","ip":"::1","sessionType":"anonymous","userId":null,"role":null}
2026-05-24 20:45:36 [INFO] [request] HTTP request started {"requestId":"9b011799-8de7-441e-a91a-3c57ef7a89f8","method":"GET","url":"/api/comments/my","ip":"::1","sessionType":"anonymous","userId":null,"role":null}
2026-05-24 20:45:36 [INFO] [request] HTTP request started {"requestId":"8ed97e2b-346b-44a4-9420-0bdcd79e0185","method":"GET","url":"/api/me/favorites","ip":"::1","sessionType":"anonymous","userId":null,"role":null}
2026-05-24 20:45:36 [INFO] [request] HTTP request started {"requestId":"7d9a21e5-8afa-4f1a-8fb2-56abbba13204","method":"GET","url":"/api/me/reading-progress","ip":"::1","sessionType":"anonymous","userId":null,"role":null}
2026-05-24 20:45:36 [INFO] [request] HTTP request started {"requestId":"dfa3517b-2515-424b-86d5-71ac784ec7f5","method":"GET","url":"/api/me/favorite-genres","ip":"::1","sessionType":"anonymous","userId":null,"role":null}
2026-05-24 20:45:36 [INFO] [request] HTTP request finished {"requestId":"8ed97e2b-346b-44a4-9420-0bdcd79e0185","method":"GET","url":"/api/me/favorites","statusCode":304,"durationMs":3,"sessionType":"anonymous","userId":"2","role":"moderator"}
2026-05-24 20:45:36 [INFO] [request] HTTP request finished {"requestId":"dfa3517b-2515-424b-86d5-71ac784ec7f5","method":"GET","url":"/api/me/favorite-genres","statusCode":304,"durationMs":3,"sessionType":"anonymous","userId":"2","role":"moderator"}
2026-05-24 20:45:36 [INFO] [request] HTTP request finished {"requestId":"2bb3c240-c8d2-4dbf-9a9b-6f5341cfefcd","method":"GET","url":"/api/works","statusCode":304,"durationMs":6,"sessionType":"anonymous","userId":null,"role":null}
2026-05-24 20:45:36 [INFO] [work.routes] Current user works requested {"requestId":"da58a1d8-1ae2-4370-8267-d7008658993f","authorId":"2","count":1}
2026-05-24 20:45:36 [INFO] [request] HTTP request finished {"requestId":"da58a1d8-1ae2-4370-8267-d7008658993f","method":"GET","url":"/api/works/my","statusCode":304,"durationMs":5,"sessionType":"anonymous","userId":"2","role":"moderator"}
2026-05-24 20:45:36 [INFO] [comment.routes] Current user comments requested {"requestId":"9b011799-8de7-441e-a91a-3c57ef7a89f8","userId":"2","count":3}
2026-05-24 20:45:36 [INFO] [request] HTTP request finished {"requestId":"9b011799-8de7-441e-a91a-3c57ef7a89f8","method":"GET","url":"/api/comments/my","statusCode":304,"durationMs":7,"sessionType":"anonymous","userId":"2","role":"moderator"}
2026-05-24 20:45:36 [INFO] [request] HTTP request finished {"requestId":"7d9a21e5-8afa-4f1a-8fb2-56abbba13204","method":"GET","url":"/api/me/reading-progress","statusCode":304,"durationMs":6,"sessionType":"anonymous","userId":"2","role":"moderator"}
2026-05-24 20:45:38 [INFO] [request] HTTP request started {"requestId":"4afbc028-aaa5-426e-9aee-710cf1d36770","method":"GET","url":"/api/works","ip":"::1","sessionType":"anonymous","userId":null,"role":null}
2026-05-24 20:45:38 [INFO] [work.routes] Published works requested {"requestId":"4afbc028-aaa5-426e-9aee-710cf1d36770"}
2026-05-24 20:45:38 [INFO] [request] HTTP request started {"requestId":"2969ca8b-7ede-401a-83a4-97fbae4b5b98","method":"GET","url":"/api/me/favorite-genres","ip":"::1","sessionType":"anonymous","userId":null,"role":null}
2026-05-24 20:45:38 [INFO] [request] HTTP request finished {"requestId":"4afbc028-aaa5-426e-9aee-710cf1d36770","method":"GET","url":"/api/works","statusCode":304,"durationMs":2,"sessionType":"anonymous","userId":null,"role":null}
2026-05-24 20:45:38 [INFO] [request] HTTP request finished {"requestId":"2969ca8b-7ede-401a-83a4-97fbae4b5b98","method":"GET","url":"/api/me/favorite-genres","statusCode":304,"durationMs":2,"sessionType":"anonymous","userId":"2","role":"moderator"}
2026-05-24 20:45:39 [INFO] [request] HTTP request started {"requestId":"2d8a19a6-9b3e-444d-b997-61d9422e1f47","method":"GET","url":"/api/me/favorites","ip":"::1","sessionType":"anonymous","userId":null,"role":null}
2026-05-24 20:45:39 [INFO] [request] HTTP request started {"requestId":"54d76298-3104-47a0-a895-29962b7e9f12","method":"GET","url":"/api/works/1","ip":"::1","sessionType":"anonymous","userId":null,"role":null}
2026-05-24 20:45:39 [INFO] [request] HTTP request finished {"requestId":"2d8a19a6-9b3e-444d-b997-61d9422e1f47","method":"GET","url":"/api/me/favorites","statusCode":304,"durationMs":2,"sessionType":"anonymous","userId":"2","role":"moderator"}
2026-05-24 20:45:39 [INFO] [request] HTTP request started {"requestId":"25ea1ba8-d082-4a6f-8917-e0daca67544a","method":"GET","url":"/api/works/1/comments","ip":"::1","sessionType":"anonymous","userId":null,"role":null}
2026-05-24 20:45:39 [INFO] [request] HTTP request finished {"requestId":"25ea1ba8-d082-4a6f-8917-e0daca67544a","method":"GET","url":"/api/works/1/comments","statusCode":200,"durationMs":1,"sessionType":"anonymous","userId":null,"role":null}
2026-05-24 20:45:39 [INFO] [request] HTTP request finished {"requestId":"54d76298-3104-47a0-a895-29962b7e9f12","method":"GET","url":"/api/works/1","statusCode":200,"durationMs":2,"sessionType":"anonymous","userId":null,"role":null}
2026-05-24 20:45:39 [INFO] [request] HTTP request started {"requestId":"f7efe353-6bc5-40ae-87de-6d87fea2d0d8","method":"GET","url":"/api/me/reading-progress","ip":"::1","sessionType":"anonymous","userId":null,"role":null}
2026-05-24 20:45:39 [INFO] [request] HTTP request started {"requestId":"69c9829f-db26-402a-acd9-c7ec828f57d3","method":"PUT","url":"/api/me/reading-progress/1","ip":"::1","sessionType":"anonymous","userId":null,"role":null}
2026-05-24 20:45:39 [INFO] [request] HTTP request finished {"requestId":"f7efe353-6bc5-40ae-87de-6d87fea2d0d8","method":"GET","url":"/api/me/reading-progress","statusCode":304,"durationMs":2,"sessionType":"anonymous","userId":"2","role":"moderator"}
2026-05-24 20:45:39 [INFO] [userActivity.routes] Reading progress saved {"requestId":"69c9829f-db26-402a-acd9-c7ec828f57d3","userId":"2","workId":"1","currentPage":0}
2026-05-24 20:45:39 [INFO] [request] HTTP request finished {"requestId":"69c9829f-db26-402a-acd9-c7ec828f57d3","method":"PUT","url":"/api/me/reading-progress/1","statusCode":200,"durationMs":8,"sessionType":"anonymous","userId":"2","role":"moderator"}
2026-05-24 20:45:40 [INFO] [request] HTTP request started {"requestId":"5333f6ed-c2cf-4c38-a98c-d1c086aa34bb","method":"POST","url":"/api/me/favorites/1","ip":"::1","sessionType":"anonymous","userId":null,"role":null}
2026-05-24 20:45:40 [INFO] [userActivity.routes] Favorite work toggled {"requestId":"5333f6ed-c2cf-4c38-a98c-d1c086aa34bb","userId":"2","workId":"1","isFavorite":true}
2026-05-24 20:45:40 [INFO] [request] HTTP request finished {"requestId":"5333f6ed-c2cf-4c38-a98c-d1c086aa34bb","method":"POST","url":"/api/me/favorites/1","statusCode":200,"durationMs":4,"sessionType":"anonymous","userId":"2","role":"moderator"}
2026-05-24 20:45:41 [INFO] [request] HTTP request started {"requestId":"987acff8-18d2-4409-9e0a-0478d16ac664","method":"GET","url":"/api/works/moderation/pending","ip":"::1","sessionType":"anonymous","userId":null,"role":null}
2026-05-24 20:45:41 [INFO] [work.routes] Pending works requested {"requestId":"987acff8-18d2-4409-9e0a-0478d16ac664","moderatorId":"2","count":0}
2026-05-24 20:45:41 [INFO] [request] HTTP request finished {"requestId":"987acff8-18d2-4409-9e0a-0478d16ac664","method":"GET","url":"/api/works/moderation/pending","statusCode":304,"durationMs":2,"sessionType":"anonymous","userId":"2","role":"moderator"}
2026-05-24 20:45:41 [INFO] [request] HTTP request started {"requestId":"b7b60640-2d5a-456a-a66e-43f72c4234d0","method":"GET","url":"/api/admin/stats","ip":"::1","sessionType":"anonymous","userId":null,"role":null}
2026-05-24 20:45:41 [INFO] [adminStats.routes] Admin stats requested {"requestId":"b7b60640-2d5a-456a-a66e-43f72c4234d0","userId":"2","role":"moderator"}
2026-05-24 20:45:41 [INFO] [request] HTTP request finished {"requestId":"b7b60640-2d5a-456a-a66e-43f72c4234d0","method":"GET","url":"/api/admin/stats","statusCode":200,"durationMs":3,"sessionType":"anonymous","userId":"2","role":"moderator"}
2026-05-24 20:45:47 [INFO] [request] HTTP request started {"requestId":"0ec717e5-6568-45d6-90cf-0f8734ce8d8f","method":"GET","url":"/api/works/moderation/pending","ip":"::1","sessionType":"anonymous","userId":null,"role":null}
2026-05-24 20:45:47 [INFO] [work.routes] Pending works requested {"requestId":"0ec717e5-6568-45d6-90cf-0f8734ce8d8f","moderatorId":"2","count":0}
2026-05-24 20:45:47 [INFO] [request] HTTP request finished {"requestId":"0ec717e5-6568-45d6-90cf-0f8734ce8d8f","method":"GET","url":"/api/works/moderation/pending","statusCode":304,"durationMs":4,"sessionType":"anonymous","userId":"2","role":"moderator"}
2026-05-24 20:45:48 [INFO] [request] HTTP request started {"requestId":"a38bb342-972d-4a4d-a281-4a5c1c762b07","method":"GET","url":"/api/works/1","ip":"::1","sessionType":"anonymous","userId":null,"role":null}
2026-05-24 20:45:48 [INFO] [request] HTTP request started {"requestId":"62ed7d8f-3137-4da8-899f-acba7b0346e9","method":"GET","url":"/api/works/1/comments","ip":"::1","sessionType":"anonymous","userId":null,"role":null}
2026-05-24 20:45:48 [INFO] [request] HTTP request started {"requestId":"0a784ae3-ca82-4577-9b39-dbb2a19b71d9","method":"GET","url":"/api/me/favorites","ip":"::1","sessionType":"anonymous","userId":null,"role":null}
2026-05-24 20:45:48 [INFO] [request] HTTP request finished {"requestId":"a38bb342-972d-4a4d-a281-4a5c1c762b07","method":"GET","url":"/api/works/1","statusCode":304,"durationMs":3,"sessionType":"anonymous","userId":null,"role":null}
2026-05-24 20:45:48 [INFO] [request] HTTP request finished {"requestId":"0a784ae3-ca82-4577-9b39-dbb2a19b71d9","method":"GET","url":"/api/me/favorites","statusCode":200,"durationMs":2,"sessionType":"anonymous","userId":"2","role":"moderator"}
2026-05-24 20:45:48 [INFO] [request] HTTP request finished {"requestId":"62ed7d8f-3137-4da8-899f-acba7b0346e9","method":"GET","url":"/api/works/1/comments","statusCode":304,"durationMs":4,"sessionType":"anonymous","userId":null,"role":null}
2026-05-24 20:45:48 [INFO] [request] HTTP request started {"requestId":"157633c9-68c8-47b5-bc99-b5f5408975de","method":"PUT","url":"/api/me/reading-progress/1","ip":"::1","sessionType":"anonymous","userId":null,"role":null}
2026-05-24 20:45:48 [INFO] [request] HTTP request started {"requestId":"6e21ed80-9283-4a9e-aa5d-0861fd8102c5","method":"GET","url":"/api/me/reading-progress","ip":"::1","sessionType":"anonymous","userId":null,"role":null}
2026-05-24 20:45:48 [INFO] [userActivity.routes] Reading progress saved {"requestId":"157633c9-68c8-47b5-bc99-b5f5408975de","userId":"2","workId":"1","currentPage":0}
2026-05-24 20:45:48 [INFO] [request] HTTP request finished {"requestId":"157633c9-68c8-47b5-bc99-b5f5408975de","method":"PUT","url":"/api/me/reading-progress/1","statusCode":200,"durationMs":3,"sessionType":"anonymous","userId":"2","role":"moderator"}
2026-05-24 20:45:48 [INFO] [request] HTTP request finished {"requestId":"6e21ed80-9283-4a9e-aa5d-0861fd8102c5","method":"GET","url":"/api/me/reading-progress","statusCode":200,"durationMs":4,"sessionType":"anonymous","userId":"2","role":"moderator"}
2026-05-24 20:45:51 [INFO] [request] HTTP request started {"requestId":"932959bb-ad8c-482f-a27b-983c17a0e36d","method":"GET","url":"/api/me/favorites","ip":"::1","sessionType":"anonymous","userId":null,"role":null}
2026-05-24 20:45:51 [INFO] [request] HTTP request started {"requestId":"ff5ab18b-2b70-45fc-b40d-c9e62549e709","method":"GET","url":"/api/me/reading-progress","ip":"::1","sessionType":"anonymous","userId":null,"role":null}
2026-05-24 20:45:51 [INFO] [request] HTTP request finished {"requestId":"932959bb-ad8c-482f-a27b-983c17a0e36d","method":"GET","url":"/api/me/favorites","statusCode":304,"durationMs":1,"sessionType":"anonymous","userId":"2","role":"moderator"}
2026-05-24 20:45:51 [INFO] [request] HTTP request started {"requestId":"4c0d89ee-ca61-4ad9-8b21-ef590934cb97","method":"GET","url":"/api/works","ip":"::1","sessionType":"anonymous","userId":null,"role":null}
2026-05-24 20:45:51 [INFO] [work.routes] Published works requested {"requestId":"4c0d89ee-ca61-4ad9-8b21-ef590934cb97"}
2026-05-24 20:45:51 [INFO] [request] HTTP request finished {"requestId":"ff5ab18b-2b70-45fc-b40d-c9e62549e709","method":"GET","url":"/api/me/reading-progress","statusCode":304,"durationMs":4,"sessionType":"anonymous","userId":"2","role":"moderator"}
2026-05-24 20:45:51 [INFO] [request] HTTP request started {"requestId":"3d502d38-7467-421a-8e63-37afaf6b22e5","method":"GET","url":"/api/works/my","ip":"::1","sessionType":"anonymous","userId":null,"role":null}
2026-05-24 20:45:51 [INFO] [request] HTTP request started {"requestId":"d33f9fe1-739b-4638-80fe-4a1afdbabd58","method":"GET","url":"/api/comments/my","ip":"::1","sessionType":"anonymous","userId":null,"role":null}
2026-05-24 20:45:51 [INFO] [request] HTTP request started {"requestId":"0993a716-c587-4035-8baf-00a4e8065f77","method":"GET","url":"/api/me/favorite-genres","ip":"::1","sessionType":"anonymous","userId":null,"role":null}
2026-05-24 20:45:51 [INFO] [work.routes] Current user works requested {"requestId":"3d502d38-7467-421a-8e63-37afaf6b22e5","authorId":"2","count":1}
2026-05-24 20:45:51 [INFO] [request] HTTP request finished {"requestId":"3d502d38-7467-421a-8e63-37afaf6b22e5","method":"GET","url":"/api/works/my","statusCode":304,"durationMs":2,"sessionType":"anonymous","userId":"2","role":"moderator"}
2026-05-24 20:45:51 [INFO] [request] HTTP request finished {"requestId":"4c0d89ee-ca61-4ad9-8b21-ef590934cb97","method":"GET","url":"/api/works","statusCode":304,"durationMs":3,"sessionType":"anonymous","userId":null,"role":null}
2026-05-24 20:45:51 [INFO] [request] HTTP request finished {"requestId":"0993a716-c587-4035-8baf-00a4e8065f77","method":"GET","url":"/api/me/favorite-genres","statusCode":304,"durationMs":2,"sessionType":"anonymous","userId":"2","role":"moderator"}
2026-05-24 20:45:51 [INFO] [comment.routes] Current user comments requested {"requestId":"d33f9fe1-739b-4638-80fe-4a1afdbabd58","userId":"2","count":3}
2026-05-24 20:45:51 [INFO] [request] HTTP request finished {"requestId":"d33f9fe1-739b-4638-80fe-4a1afdbabd58","method":"GET","url":"/api/comments/my","statusCode":304,"durationMs":3,"sessionType":"anonymous","userId":"2","role":"moderator"}
2026-05-24 20:45:55 [INFO] [request] HTTP request started {"requestId":"1e29ced8-e145-46ee-a729-7f300f362309","method":"DELETE","url":"/api/me/reading-progress/4","ip":"::1","sessionType":"anonymous","userId":null,"role":null}
2026-05-24 20:45:55 [INFO] [userActivity.routes] Reading progress deleted {"requestId":"1e29ced8-e145-46ee-a729-7f300f362309","userId":"2","workId":"4"}
2026-05-24 20:45:55 [INFO] [request] HTTP request finished {"requestId":"1e29ced8-e145-46ee-a729-7f300f362309","method":"DELETE","url":"/api/me/reading-progress/4","statusCode":200,"durationMs":4,"sessionType":"anonymous","userId":"2","role":"moderator"}
2026-05-24 20:45:58 [INFO] [request] HTTP request started {"requestId":"b9d8e05d-638f-4a22-aadf-889c3052bd41","method":"POST","url":"/api/me/favorites/4","ip":"::1","sessionType":"anonymous","userId":null,"role":null}
2026-05-24 20:45:58 [INFO] [userActivity.routes] Favorite work toggled {"requestId":"b9d8e05d-638f-4a22-aadf-889c3052bd41","userId":"2","workId":"4","isFavorite":false}
2026-05-24 20:45:58 [INFO] [request] HTTP request finished {"requestId":"b9d8e05d-638f-4a22-aadf-889c3052bd41","method":"POST","url":"/api/me/favorites/4","statusCode":200,"durationMs":3,"sessionType":"anonymous","userId":"2","role":"moderator"}
2026-05-24 20:46:00 [INFO] [request] HTTP request started {"requestId":"002d0f35-15bd-4fe7-b4b2-5f44e1d1fb8b","method":"GET","url":"/api/admin/stats","ip":"::1","sessionType":"anonymous","userId":null,"role":null}
2026-05-24 20:46:00 [INFO] [adminStats.routes] Admin stats requested {"requestId":"002d0f35-15bd-4fe7-b4b2-5f44e1d1fb8b","userId":"2","role":"moderator"}
2026-05-24 20:46:00 [INFO] [request] HTTP request finished {"requestId":"002d0f35-15bd-4fe7-b4b2-5f44e1d1fb8b","method":"GET","url":"/api/admin/stats","statusCode":200,"durationMs":51,"sessionType":"anonymous","userId":"2","role":"moderator"}
2026-05-24 20:46:03 [INFO] [request] HTTP request started {"requestId":"362fe99c-20a3-4cc8-8599-b5266429f515","method":"GET","url":"/api/works","ip":"::1","sessionType":"anonymous","userId":null,"role":null}
2026-05-24 20:46:03 [INFO] [work.routes] Published works requested {"requestId":"362fe99c-20a3-4cc8-8599-b5266429f515"}
2026-05-24 20:46:03 [INFO] [request] HTTP request started {"requestId":"62118c50-0d18-4395-a4e5-f744dc96810d","method":"GET","url":"/api/me/favorite-genres","ip":"::1","sessionType":"anonymous","userId":null,"role":null}
2026-05-24 20:46:03 [INFO] [request] HTTP request finished {"requestId":"62118c50-0d18-4395-a4e5-f744dc96810d","method":"GET","url":"/api/me/favorite-genres","statusCode":304,"durationMs":3,"sessionType":"anonymous","userId":"2","role":"moderator"}
2026-05-24 20:46:03 [INFO] [request] HTTP request finished {"requestId":"362fe99c-20a3-4cc8-8599-b5266429f515","method":"GET","url":"/api/works","statusCode":304,"durationMs":4,"sessionType":"anonymous","userId":null,"role":null}
2026-05-24 20:46:05 [INFO] [request] HTTP request started {"requestId":"de84237e-b1e9-4ab6-a44f-37cae24d6fb1","method":"GET","url":"/api/works/moderation/pending","ip":"::1","sessionType":"anonymous","userId":null,"role":null}
2026-05-24 20:46:05 [INFO] [work.routes] Pending works requested {"requestId":"de84237e-b1e9-4ab6-a44f-37cae24d6fb1","moderatorId":"2","count":0}
2026-05-24 20:46:05 [INFO] [request] HTTP request finished {"requestId":"de84237e-b1e9-4ab6-a44f-37cae24d6fb1","method":"GET","url":"/api/works/moderation/pending","statusCode":304,"durationMs":1,"sessionType":"anonymous","userId":"2","role":"moderator"}
2026-05-24 20:46:06 [INFO] [request] HTTP request started {"requestId":"54865a34-698b-427e-88b3-d29ad0f86821","method":"GET","url":"/api/works","ip":"::1","sessionType":"anonymous","userId":null,"role":null}
2026-05-24 20:46:06 [INFO] [work.routes] Published works requested {"requestId":"54865a34-698b-427e-88b3-d29ad0f86821"}
2026-05-24 20:46:06 [INFO] [request] HTTP request started {"requestId":"55c17dc3-430b-4b78-9c9d-32c360ceab85","method":"GET","url":"/api/me/favorite-genres","ip":"::1","sessionType":"anonymous","userId":null,"role":null}
2026-05-24 20:46:06 [INFO] [request] HTTP request finished {"requestId":"54865a34-698b-427e-88b3-d29ad0f86821","method":"GET","url":"/api/works","statusCode":304,"durationMs":1,"sessionType":"anonymous","userId":null,"role":null}
2026-05-24 20:46:06 [INFO] [request] HTTP request finished {"requestId":"55c17dc3-430b-4b78-9c9d-32c360ceab85","method":"GET","url":"/api/me/favorite-genres","statusCode":304,"durationMs":2,"sessionType":"anonymous","userId":"2","role":"moderator"}
2026-05-24 20:46:07 [INFO] [request] HTTP request started {"requestId":"ecb72f89-87ec-467d-a074-4c3db98fba49","method":"GET","url":"/api/admin/stats","ip":"::1","sessionType":"anonymous","userId":null,"role":null}
2026-05-24 20:46:07 [INFO] [adminStats.routes] Admin stats requested {"requestId":"ecb72f89-87ec-467d-a074-4c3db98fba49","userId":"2","role":"moderator"}
2026-05-24 20:46:07 [INFO] [request] HTTP request finished {"requestId":"ecb72f89-87ec-467d-a074-4c3db98fba49","method":"GET","url":"/api/admin/stats","statusCode":304,"durationMs":4,"sessionType":"anonymous","userId":"2","role":"moderator"}
2026-05-24 20:46:30 [INFO] [request] HTTP request started {"requestId":"5e0c6ce6-7814-4403-b7df-1840c8ba550d","method":"GET","url":"/api/works","ip":"::1","sessionType":"anonymous","userId":null,"role":null}
2026-05-24 20:46:30 [INFO] [work.routes] Published works requested {"requestId":"5e0c6ce6-7814-4403-b7df-1840c8ba550d"}
2026-05-24 20:46:30 [INFO] [request] HTTP request started {"requestId":"f262d4c9-9d94-4f97-8e48-9dd1f334d927","method":"GET","url":"/api/works/my","ip":"::1","sessionType":"anonymous","userId":null,"role":null}
2026-05-24 20:46:30 [INFO] [request] HTTP request started {"requestId":"70a92805-fe12-4d39-9c9d-6d39b231bef0","method":"GET","url":"/api/comments/my","ip":"::1","sessionType":"anonymous","userId":null,"role":null}
2026-05-24 20:46:30 [INFO] [request] HTTP request started {"requestId":"3641ee98-0176-4472-99ee-fd99988b13da","method":"GET","url":"/api/me/favorites","ip":"::1","sessionType":"anonymous","userId":null,"role":null}
2026-05-24 20:46:30 [INFO] [request] HTTP request started {"requestId":"e4fc3a29-d4e1-487f-8a56-a7e2cf028c3b","method":"GET","url":"/api/me/reading-progress","ip":"::1","sessionType":"anonymous","userId":null,"role":null}
2026-05-24 20:46:30 [INFO] [request] HTTP request started {"requestId":"d6e4ef02-4998-46c3-a2b3-2a52eb691561","method":"GET","url":"/api/me/favorite-genres","ip":"::1","sessionType":"anonymous","userId":null,"role":null}
2026-05-24 20:46:30 [INFO] [request] HTTP request finished {"requestId":"5e0c6ce6-7814-4403-b7df-1840c8ba550d","method":"GET","url":"/api/works","statusCode":304,"durationMs":36,"sessionType":"anonymous","userId":null,"role":null}
2026-05-24 20:46:30 [INFO] [work.routes] Current user works requested {"requestId":"f262d4c9-9d94-4f97-8e48-9dd1f334d927","authorId":"2","count":1}
2026-05-24 20:46:30 [INFO] [request] HTTP request finished {"requestId":"f262d4c9-9d94-4f97-8e48-9dd1f334d927","method":"GET","url":"/api/works/my","statusCode":304,"durationMs":35,"sessionType":"anonymous","userId":"2","role":"moderator"}
2026-05-24 20:46:30 [INFO] [request] HTTP request finished {"requestId":"3641ee98-0176-4472-99ee-fd99988b13da","method":"GET","url":"/api/me/favorites","statusCode":200,"durationMs":36,"sessionType":"anonymous","userId":"2","role":"moderator"}
2026-05-24 20:46:30 [INFO] [comment.routes] Current user comments requested {"requestId":"70a92805-fe12-4d39-9c9d-6d39b231bef0","userId":"2","count":3}
2026-05-24 20:46:30 [INFO] [request] HTTP request finished {"requestId":"70a92805-fe12-4d39-9c9d-6d39b231bef0","method":"GET","url":"/api/comments/my","statusCode":304,"durationMs":39,"sessionType":"anonymous","userId":"2","role":"moderator"}
2026-05-24 20:46:30 [INFO] [request] HTTP request finished {"requestId":"d6e4ef02-4998-46c3-a2b3-2a52eb691561","method":"GET","url":"/api/me/favorite-genres","statusCode":304,"durationMs":38,"sessionType":"anonymous","userId":"2","role":"moderator"}
2026-05-24 20:46:30 [INFO] [request] HTTP request finished {"requestId":"e4fc3a29-d4e1-487f-8a56-a7e2cf028c3b","method":"GET","url":"/api/me/reading-progress","statusCode":200,"durationMs":41,"sessionType":"anonymous","userId":"2","role":"moderator"}
2026-05-24 20:46:35 [INFO] [request] HTTP request started {"requestId":"196b3ed8-e8e5-4da5-b050-7ba4432eaa8b","method":"GET","url":"/api/works","ip":"::1","sessionType":"anonymous","userId":null,"role":null}
2026-05-24 20:46:35 [INFO] [work.routes] Published works requested {"requestId":"196b3ed8-e8e5-4da5-b050-7ba4432eaa8b"}
2026-05-24 20:46:35 [INFO] [request] HTTP request started {"requestId":"45417f4a-8c7b-4f68-ac28-818f8af234fc","method":"GET","url":"/api/me/favorite-genres","ip":"::1","sessionType":"anonymous","userId":null,"role":null}
2026-05-24 20:46:35 [INFO] [request] HTTP request finished {"requestId":"45417f4a-8c7b-4f68-ac28-818f8af234fc","method":"GET","url":"/api/me/favorite-genres","statusCode":304,"durationMs":1,"sessionType":"anonymous","userId":"2","role":"moderator"}
2026-05-24 20:46:35 [INFO] [request] HTTP request finished {"requestId":"196b3ed8-e8e5-4da5-b050-7ba4432eaa8b","method":"GET","url":"/api/works","statusCode":304,"durationMs":3,"sessionType":"anonymous","userId":null,"role":null}
2026-05-24 20:46:36 [INFO] [request] HTTP request started {"requestId":"a16a26c6-ecff-4cc5-97b8-83407896a4af","method":"GET","url":"/api/works/4","ip":"::1","sessionType":"anonymous","userId":null,"role":null}
2026-05-24 20:46:36 [INFO] [request] HTTP request started {"requestId":"a900744a-2d95-4f14-8485-f73d7d493cfb","method":"GET","url":"/api/works/4/comments","ip":"::1","sessionType":"anonymous","userId":null,"role":null}
2026-05-24 20:46:36 [INFO] [request] HTTP request started {"requestId":"aa8fa68d-7b8f-4afb-9abb-932b0bfd12d3","method":"GET","url":"/api/me/favorites","ip":"::1","sessionType":"anonymous","userId":null,"role":null}
2026-05-24 20:46:36 [INFO] [request] HTTP request finished {"requestId":"a16a26c6-ecff-4cc5-97b8-83407896a4af","method":"GET","url":"/api/works/4","statusCode":304,"durationMs":3,"sessionType":"anonymous","userId":null,"role":null}
2026-05-24 20:46:36 [INFO] [request] HTTP request finished {"requestId":"aa8fa68d-7b8f-4afb-9abb-932b0bfd12d3","method":"GET","url":"/api/me/favorites","statusCode":304,"durationMs":4,"sessionType":"anonymous","userId":"2","role":"moderator"}
2026-05-24 20:46:36 [INFO] [request] HTTP request finished {"requestId":"a900744a-2d95-4f14-8485-f73d7d493cfb","method":"GET","url":"/api/works/4/comments","statusCode":304,"durationMs":5,"sessionType":"anonymous","userId":null,"role":null}
2026-05-24 20:46:36 [INFO] [request] HTTP request started {"requestId":"2309e214-9d8c-4366-832e-d53cf4d9bc5d","method":"GET","url":"/api/me/reading-progress","ip":"::1","sessionType":"anonymous","userId":null,"role":null}
2026-05-24 20:46:36 [INFO] [request] HTTP request started {"requestId":"6e83063b-b2fb-47df-ac69-5b8e17ce37bc","method":"PUT","url":"/api/me/reading-progress/4","ip":"::1","sessionType":"anonymous","userId":null,"role":null}
2026-05-24 20:46:36 [INFO] [request] HTTP request finished {"requestId":"2309e214-9d8c-4366-832e-d53cf4d9bc5d","method":"GET","url":"/api/me/reading-progress","statusCode":304,"durationMs":6,"sessionType":"anonymous","userId":"2","role":"moderator"}
2026-05-24 20:46:36 [INFO] [userActivity.routes] Reading progress saved {"requestId":"6e83063b-b2fb-47df-ac69-5b8e17ce37bc","userId":"2","workId":"4","currentPage":0}
2026-05-24 20:46:36 [INFO] [request] HTTP request finished {"requestId":"6e83063b-b2fb-47df-ac69-5b8e17ce37bc","method":"PUT","url":"/api/me/reading-progress/4","statusCode":200,"durationMs":13,"sessionType":"anonymous","userId":"2","role":"moderator"}
2026-05-24 20:46:41 [INFO] [request] HTTP request started {"requestId":"365fb279-c320-48b0-a538-ee56e9a13d31","method":"GET","url":"/api/works/moderation/pending","ip":"::1","sessionType":"anonymous","userId":null,"role":null}
2026-05-24 20:46:41 [INFO] [work.routes] Pending works requested {"requestId":"365fb279-c320-48b0-a538-ee56e9a13d31","moderatorId":"2","count":0}
2026-05-24 20:46:41 [INFO] [request] HTTP request finished {"requestId":"365fb279-c320-48b0-a538-ee56e9a13d31","method":"GET","url":"/api/works/moderation/pending","statusCode":304,"durationMs":1,"sessionType":"anonymous","userId":"2","role":"moderator"}
2026-05-24 20:46:42 [INFO] [request] HTTP request started {"requestId":"7209a6f2-5e5f-4b70-a298-c9e1b23ad959","method":"GET","url":"/api/admin/stats","ip":"::1","sessionType":"anonymous","userId":null,"role":null}
2026-05-24 20:46:42 [INFO] [adminStats.routes] Admin stats requested {"requestId":"7209a6f2-5e5f-4b70-a298-c9e1b23ad959","userId":"2","role":"moderator"}
2026-05-24 20:46:42 [INFO] [request] HTTP request finished {"requestId":"7209a6f2-5e5f-4b70-a298-c9e1b23ad959","method":"GET","url":"/api/admin/stats","statusCode":200,"durationMs":57,"sessionType":"anonymous","userId":"2","role":"moderator"}
2026-05-24 20:47:11 [INFO] [request] HTTP request started {"requestId":"2b862095-fc30-4946-924a-5211d3e844ab","method":"GET","url":"/api/admin/stats","ip":"::1","sessionType":"anonymous","userId":null,"role":null}
2026-05-24 20:47:12 [INFO] [adminStats.routes] Admin stats requested {"requestId":"2b862095-fc30-4946-924a-5211d3e844ab","userId":"2","role":"moderator"}
2026-05-24 20:47:12 [INFO] [request] HTTP request finished {"requestId":"2b862095-fc30-4946-924a-5211d3e844ab","method":"GET","url":"/api/admin/stats","statusCode":304,"durationMs":66,"sessionType":"anonymous","userId":"2","role":"moderator"}
2026-05-24 20:51:01 [INFO] [server] Shutdown signal received {"signal":"SIGINT"}
2026-05-24 20:55:47 [INFO] [server] API running on http://localhost:4000 {"env":"development"}
2026-05-24 20:55:52 [INFO] [request] HTTP request started {"requestId":"a1f2ecac-f88e-4ca5-b584-17a084951f2e","method":"GET","url":"/api/docs","ip":"::1","sessionType":"anonymous","userId":null,"role":null}
2026-05-24 20:55:52 [INFO] [request] HTTP request finished {"requestId":"a1f2ecac-f88e-4ca5-b584-17a084951f2e","method":"GET","url":"/api/docs","statusCode":301,"durationMs":3,"sessionType":"anonymous","userId":null,"role":null}
2026-05-24 20:55:52 [INFO] [request] HTTP request started {"requestId":"f629cf39-7ad2-4c84-ba70-458d04609f96","method":"GET","url":"/api/docs/","ip":"::1","sessionType":"anonymous","userId":null,"role":null}
2026-05-24 20:55:52 [INFO] [request] HTTP request finished {"requestId":"f629cf39-7ad2-4c84-ba70-458d04609f96","method":"GET","url":"/api/docs/","statusCode":200,"durationMs":2,"sessionType":"anonymous","userId":null,"role":null}
2026-05-24 20:55:52 [INFO] [request] HTTP request started {"requestId":"8b117d1d-d088-4207-a58e-ae9be7dae001","method":"GET","url":"/api/docs/swagger-ui.css","ip":"::1","sessionType":"anonymous","userId":null,"role":null}
2026-05-24 20:55:52 [INFO] [request] HTTP request started {"requestId":"9aabafc0-aeb5-43e0-a9f0-63a42d8d81e4","method":"GET","url":"/api/docs/swagger-ui-bundle.js","ip":"::1","sessionType":"anonymous","userId":null,"role":null}
2026-05-24 20:55:52 [INFO] [request] HTTP request started {"requestId":"e8a8959b-112e-44b9-81d6-c50a3608794f","method":"GET","url":"/api/docs/swagger-ui-standalone-preset.js","ip":"::1","sessionType":"anonymous","userId":null,"role":null}
2026-05-24 20:55:52 [INFO] [request] HTTP request started {"requestId":"fbef8deb-1e1f-4dc0-8172-04f383fee6e9","method":"GET","url":"/api/docs/swagger-ui-init.js","ip":"::1","sessionType":"anonymous","userId":null,"role":null}
2026-05-24 20:55:52 [INFO] [request] HTTP request finished {"requestId":"fbef8deb-1e1f-4dc0-8172-04f383fee6e9","method":"GET","url":"/api/docs/swagger-ui-init.js","statusCode":200,"durationMs":1,"sessionType":"anonymous","userId":null,"role":null}
2026-05-24 20:55:52 [INFO] [request] HTTP request finished {"requestId":"8b117d1d-d088-4207-a58e-ae9be7dae001","method":"GET","url":"/api/docs/swagger-ui.css","statusCode":200,"durationMs":6,"sessionType":"anonymous","userId":null,"role":null}
2026-05-24 20:55:52 [INFO] [request] HTTP request finished {"requestId":"e8a8959b-112e-44b9-81d6-c50a3608794f","method":"GET","url":"/api/docs/swagger-ui-standalone-preset.js","statusCode":200,"durationMs":6,"sessionType":"anonymous","userId":null,"role":null}
2026-05-24 20:55:52 [INFO] [request] HTTP request finished {"requestId":"9aabafc0-aeb5-43e0-a9f0-63a42d8d81e4","method":"GET","url":"/api/docs/swagger-ui-bundle.js","statusCode":200,"durationMs":14,"sessionType":"anonymous","userId":null,"role":null}
2026-05-24 20:55:52 [INFO] [request] HTTP request started {"requestId":"611afcd5-da63-47ed-a5c4-585e1b0720cc","method":"GET","url":"/api/docs/favicon-32x32.png","ip":"::1","sessionType":"anonymous","userId":null,"role":null}
2026-05-24 20:55:52 [INFO] [request] HTTP request finished {"requestId":"611afcd5-da63-47ed-a5c4-585e1b0720cc","method":"GET","url":"/api/docs/favicon-32x32.png","statusCode":200,"durationMs":2,"sessionType":"anonymous","userId":null,"role":null}
2026-05-24 20:56:15 [INFO] [server] Shutdown signal received {"signal":"SIGINT"}
2026-05-24 21:02:14 [INFO] [server] API running on http://localhost:4000 {"env":"development"}
2026-05-24 21:02:19 [INFO] [request] HTTP request started {"requestId":"92921bfd-b5ed-4777-bbe5-4d07b7480655","method":"GET","url":"/api/docs/","ip":"::1","sessionType":"anonymous","userId":null,"role":null}
2026-05-24 21:02:19 [INFO] [request] HTTP request finished {"requestId":"92921bfd-b5ed-4777-bbe5-4d07b7480655","method":"GET","url":"/api/docs/","statusCode":304,"durationMs":4,"sessionType":"anonymous","userId":null,"role":null}
2026-05-24 21:02:19 [INFO] [request] HTTP request started {"requestId":"ce2f6631-19d8-4f1e-82e3-b056a8a0cd90","method":"GET","url":"/api/docs/swagger-ui.css","ip":"::1","sessionType":"anonymous","userId":null,"role":null}
2026-05-24 21:02:19 [INFO] [request] HTTP request started {"requestId":"a96d73c5-d34c-40e0-bca6-8ffa3eb81409","method":"GET","url":"/api/docs/swagger-ui-bundle.js","ip":"::1","sessionType":"anonymous","userId":null,"role":null}
2026-05-24 21:02:19 [INFO] [request] HTTP request finished {"requestId":"ce2f6631-19d8-4f1e-82e3-b056a8a0cd90","method":"GET","url":"/api/docs/swagger-ui.css","statusCode":304,"durationMs":3,"sessionType":"anonymous","userId":null,"role":null}
2026-05-24 21:02:19 [INFO] [request] HTTP request finished {"requestId":"a96d73c5-d34c-40e0-bca6-8ffa3eb81409","method":"GET","url":"/api/docs/swagger-ui-bundle.js","statusCode":304,"durationMs":3,"sessionType":"anonymous","userId":null,"role":null}
2026-05-24 21:02:19 [INFO] [request] HTTP request started {"requestId":"81542986-e2bb-43ab-b7a7-bd5f25cd2c75","method":"GET","url":"/api/docs/swagger-ui-standalone-preset.js","ip":"::1","sessionType":"anonymous","userId":null,"role":null}
2026-05-24 21:02:19 [INFO] [request] HTTP request started {"requestId":"ff7f5d39-cbe5-4b5d-bc64-2b6a7cb519c9","method":"GET","url":"/api/docs/swagger-ui-init.js","ip":"::1","sessionType":"anonymous","userId":null,"role":null}
2026-05-24 21:02:19 [INFO] [request] HTTP request finished {"requestId":"ff7f5d39-cbe5-4b5d-bc64-2b6a7cb519c9","method":"GET","url":"/api/docs/swagger-ui-init.js","statusCode":304,"durationMs":0,"sessionType":"anonymous","userId":null,"role":null}
2026-05-24 21:02:19 [INFO] [request] HTTP request finished {"requestId":"81542986-e2bb-43ab-b7a7-bd5f25cd2c75","method":"GET","url":"/api/docs/swagger-ui-standalone-preset.js","statusCode":304,"durationMs":2,"sessionType":"anonymous","userId":null,"role":null}
2026-05-24 21:02:30 [INFO] [request] HTTP request started {"requestId":"f0fc084c-8216-423d-8047-772843a30297","method":"GET","url":"/api/auth","ip":"::1","sessionType":"anonymous","userId":null,"role":null}
2026-05-24 21:02:30 [WARNING] [request] HTTP request finished with client error {"requestId":"f0fc084c-8216-423d-8047-772843a30297","method":"GET","url":"/api/auth","statusCode":404,"durationMs":2,"sessionType":"anonymous","userId":null,"role":null}
2026-05-24 21:02:39 [INFO] [request] HTTP request started {"requestId":"c43c34dc-99a8-4d48-a493-bce85c5158ff","method":"GET","url":"/api/works","ip":"::1","sessionType":"anonymous","userId":null,"role":null}
2026-05-24 21:02:39 [INFO] [work.routes] Published works requested {"requestId":"c43c34dc-99a8-4d48-a493-bce85c5158ff"}
2026-05-24 21:02:39 [INFO] [request] HTTP request finished {"requestId":"c43c34dc-99a8-4d48-a493-bce85c5158ff","method":"GET","url":"/api/works","statusCode":304,"durationMs":43,"sessionType":"anonymous","userId":null,"role":null}
2026-05-24 21:02:39 [INFO] [request] HTTP request started {"requestId":"86f11b6c-8289-4b8f-902a-953b9d0e82b7","method":"GET","url":"/favicon.ico","ip":"::1","sessionType":"anonymous","userId":null,"role":null}
2026-05-24 21:02:39 [WARNING] [request] HTTP request finished with client error {"requestId":"86f11b6c-8289-4b8f-902a-953b9d0e82b7","method":"GET","url":"/favicon.ico","statusCode":404,"durationMs":1,"sessionType":"anonymous","userId":null,"role":null}
2026-05-24 21:02:48 [INFO] [request] HTTP request started {"requestId":"8843352b-6f99-42bf-a4a7-662b44368d52","method":"GET","url":"/api/comments","ip":"::1","sessionType":"anonymous","userId":null,"role":null}
2026-05-24 21:02:48 [WARNING] [request] HTTP request finished with client error {"requestId":"8843352b-6f99-42bf-a4a7-662b44368d52","method":"GET","url":"/api/comments","statusCode":404,"durationMs":1,"sessionType":"anonymous","userId":null,"role":null}
2026-05-24 21:02:56 [INFO] [request] HTTP request started {"requestId":"03c44c6d-8f3c-4199-89bd-ef168ddb78f1","method":"GET","url":"/api/me","ip":"::1","sessionType":"anonymous","userId":null,"role":null}
2026-05-24 21:02:56 [WARNING] [request] HTTP request finished with client error {"requestId":"03c44c6d-8f3c-4199-89bd-ef168ddb78f1","method":"GET","url":"/api/me","statusCode":404,"durationMs":1,"sessionType":"anonymous","userId":null,"role":null}
2026-05-24 21:03:02 [INFO] [request] HTTP request started {"requestId":"8cd3d690-e6e6-407e-9229-79686fcfe4bf","method":"GET","url":"/api/users","ip":"::1","sessionType":"anonymous","userId":null,"role":null}
2026-05-24 21:03:02 [WARNING] [request] HTTP request finished with client error {"requestId":"8cd3d690-e6e6-407e-9229-79686fcfe4bf","method":"GET","url":"/api/users","statusCode":404,"durationMs":1,"sessionType":"anonymous","userId":null,"role":null}
2026-05-24 21:03:08 [INFO] [request] HTTP request started {"requestId":"018e1a26-4633-4e84-9035-9b956fc0c5ac","method":"GET","url":"/api/admin","ip":"::1","sessionType":"anonymous","userId":null,"role":null}
2026-05-24 21:03:08 [WARNING] [request] HTTP request finished with client error {"requestId":"018e1a26-4633-4e84-9035-9b956fc0c5ac","method":"GET","url":"/api/admin","statusCode":404,"durationMs":1,"sessionType":"anonymous","userId":null,"role":null}
2026-05-24 21:03:13 [INFO] [request] HTTP request started {"requestId":"0a850e57-1c2e-458d-8ae1-6986814fa0b4","method":"GET","url":"/api/health","ip":"::1","sessionType":"anonymous","userId":null,"role":null}
2026-05-24 21:03:13 [INFO] [db] Database connection checked successfully
2026-05-24 21:03:13 [INFO] [request] HTTP request finished {"requestId":"0a850e57-1c2e-458d-8ae1-6986814fa0b4","method":"GET","url":"/api/health","statusCode":200,"durationMs":30,"sessionType":"anonymous","userId":null,"role":null}
2026-05-24 21:03:38 [INFO] [request] HTTP request started {"requestId":"d12a15b1-7000-4d32-a65c-46fac07420c9","method":"GET","url":"/api/works","ip":"::1","sessionType":"anonymous","userId":null,"role":null}
2026-05-24 21:03:38 [INFO] [work.routes] Published works requested {"requestId":"d12a15b1-7000-4d32-a65c-46fac07420c9"}
2026-05-24 21:03:38 [INFO] [request] HTTP request finished {"requestId":"d12a15b1-7000-4d32-a65c-46fac07420c9","method":"GET","url":"/api/works","statusCode":304,"durationMs":33,"sessionType":"anonymous","userId":null,"role":null}
2026-05-24 21:04:12 [INFO] [request] HTTP request started {"requestId":"1e0adf9e-aa00-4267-a69d-2eab5b885a43","method":"GET","url":"/api/comments","ip":"::1","sessionType":"anonymous","userId":null,"role":null}
2026-05-24 21:04:12 [WARNING] [request] HTTP request finished with client error {"requestId":"1e0adf9e-aa00-4267-a69d-2eab5b885a43","method":"GET","url":"/api/comments","statusCode":404,"durationMs":0,"sessionType":"anonymous","userId":null,"role":null}
2026-05-24 21:04:17 [INFO] [request] HTTP request started {"requestId":"dcb7ee58-b244-4580-b13c-6a7b60f62f7f","method":"GET","url":"/api/me","ip":"::1","sessionType":"anonymous","userId":null,"role":null}
2026-05-24 21:04:17 [WARNING] [request] HTTP request finished with client error {"requestId":"dcb7ee58-b244-4580-b13c-6a7b60f62f7f","method":"GET","url":"/api/me","statusCode":404,"durationMs":1,"sessionType":"anonymous","userId":null,"role":null}
2026-05-24 21:04:22 [INFO] [request] HTTP request started {"requestId":"9f996209-4744-4595-ad1e-5285c0c5e947","method":"GET","url":"/api/users","ip":"::1","sessionType":"anonymous","userId":null,"role":null}
2026-05-24 21:04:22 [WARNING] [request] HTTP request finished with client error {"requestId":"9f996209-4744-4595-ad1e-5285c0c5e947","method":"GET","url":"/api/users","statusCode":404,"durationMs":0,"sessionType":"anonymous","userId":null,"role":null}
2026-05-24 21:04:28 [INFO] [request] HTTP request started {"requestId":"6536b84e-5206-4f8f-b603-c7e2902c4759","method":"GET","url":"/api/admin","ip":"::1","sessionType":"anonymous","userId":null,"role":null}
2026-05-24 21:04:28 [WARNING] [request] HTTP request finished with client error {"requestId":"6536b84e-5206-4f8f-b603-c7e2902c4759","method":"GET","url":"/api/admin","statusCode":404,"durationMs":1,"sessionType":"anonymous","userId":null,"role":null}
